sample_id,region,PF,R_ohm,L_H,fsw_Hz,StopTime_s,analysisWindow_s,Vout_rms_V,Vout_fund_rms_V,Vout_THD_fft_pct,THD_block_pct,THD_used_pct,Vout_error_pct,Vout_valid_2pct,Irms_A,IL_rms_A,IL_ripple_rms_A,IL_ripple_rms_pct_of_Irms,Pac_W,Pdc_W,Psw_4mos_W,Pcond_4mos_W,Pmos_total_4mos_W,R_L_filter_ohm,P_L_filter_W,eta_total_mosfet_pct,eta_with_filter_pct,Tj_final_C,Good_condition,Strict_condition
1,R5_R6_all_known_frequencies,0.6,5,0.0212206590789194,2000,0.25,0.2,202.507068013193,201.017624173447,3.3495389373863,7.95807995390888,7.95807995390888,8.62835264843311,0,23.3896961210149,25.0769118673738,10.7401035811833,45.9180979762011,2916.76225654202,3026.80267513887,6.22221313986565,48.1718345101569,54.3940476500226,0.012,7.54621810564838,98.169263341236,97.9205622148568,25.520874333397,0,0
2,R5_R6_all_known_frequencies,0.6,5,0.0212206590789194,6000,0.25,0.2,216.417151888357,216.414237484256,0.597143290312489,1.44735920245676,1.44735920245676,1.62989205261095,1,25.1138229831915,24.6040423130804,3.42574883162548,13.6408894572456,3368.66983164394,3455.93840584735,10.9920698577426,45.2571498214438,56.2492196791864,0.012,7.26430677772621,98.3576482002558,98.1494716385998,25.5451394071925,1,0
3,R5_R6_all_known_frequencies,0.6,5,0.0212206590789194,10000,0.25,0.2,217.136212492694,217.107564444814,0.420016979516997,1.33728951031926,1.33728951031926,1.31474343417546,1,25.2255409047083,24.6025819830002,2.76400776359312,10.95717936846,3394.72420817712,3477.01966133905,14.7251383292949,44.5940122029019,59.3191505321968,0.012,7.26344448276298,98.2826170846227,98.0763740748565,25.5760401304545,1,0
4,R5_R6_all_known_frequencies,0.6,5,0.0212206590789194,12000,0.25,0.2,217.687951624809,217.686974445713,0.271953404197162,0.989901672808511,0.989901672808511,1.05137525194882,1,25.2696802300892,24.6697805583803,2.8077621986692,11.111190062967,3411.34080623266,3496.05693156414,14.5872425698471,45.4483820038591,60.0356245737063,0.012,7.30317687358368,98.270552739803,98.0642424988313,25.5826779833553,1,1
5,R5_R6_all_known_frequencies,0.6,5,0.0212206590789194,14000,0.25,0.2,217.934979137414,217.941934702121,0.227500124624025,0.646553523709701,0.646553523709701,0.935484226308848,1,25.3075748753275,24.6390767783592,2.23357410074462,8.82571369144558,3420.88602050383,3501.55691929238,15.8217537898978,44.8971079385872,60.718861728485,0.012,7.28500925387854,98.2560094042161,98.050845022415,25.5914917425936,1,1
6,R5_R6_all_known_frequencies,0.6,5,0.0212206590789194,16000,0.25,0.2,218.359933570992,218.337667880585,0.134488223042526,0.48529108422004,0.48529108422004,0.75560550882478,1,25.3555784901329,24.6473241153578,1.73844449703744,6.85626043875888,3433.39367222033,3510.71583178738,18.3405429916185,45.4117301087572,63.7522731003757,0.012,7.28988703256999,98.1770199443441,97.9727932388695,25.6159137260435,1,1
7,R5_R6_all_known_frequencies,0.6,5,0.0212206590789194,17000,0.25,0.2,218.355668707923,218.401421353759,0.10464513123713,0.662119386757019,0.662119386757019,0.726626657382445,1,25.3526353466999,24.6594832233966,1.9094191619163,7.53144253370427,3432.8156006177,3511.27945313344,19.2014288102445,45.0001912943523,64.2016201045968,0.012,7.29708135413977,98.1641034043482,97.9596949561182,25.6226994146429,1,1
8,R5_R6_all_known_frequencies,0.6,5,0.0212206590789194,18000,0.25,0.2,216.150251490107,216.137040483188,0.660764581819819,1.83369547527831,1.83369547527831,1.75589068945979,1,25.1576198862233,24.5505697508382,3.26385346607505,12.9736178574762,3368.84782075301,3452.43114944707,20.1290441812606,44.4791458273231,64.6081900085837,0.012,7.23276570108924,98.1182752944532,97.912018192371,25.6272185829433,1,0
9,R5_R6_all_known_frequencies,0.6,5,0.0212206590789194,19000,0.25,0.2,215.291086811072,215.178339579819,0.877326575568669,2.17351549141573,2.17351549141573,2.19166382735496,0,25.0354150166712,24.492815706398,3.54878125147162,14.1750446282136,3341.2646526825,3426.07793980368,20.8203487504154,44.1195586825561,64.9399074329716,0.012,7.19877625473093,98.0934818714831,97.8866053443185,25.6318877257678,0,0
10,R5_R6_all_known_frequencies,0.6,5,0.0212206590789194,20000,0.25,0.2,216.918702158997,217.075909834375,0.34964844937659,0.585570959587492,0.585570959587492,1.32913189346584,1,25.145438088325,24.5700418094881,2.71677845573692,10.804259787378,3392.37575946461,3473.70360373757,22.5433386711922,44.4651312888944,67.0084699600866,0.012,7.24424345423994,98.0629942927378,97.8580712067866,25.6474330287245,1,1
11,R5_R6_all_known_frequencies,0.6,5,0.0212206590789194,22000,0.25,0.2,217.902366944878,217.808924485057,0.278799586734316,0.61117879698356,0.61117879698356,0.995943415883328,1,25.3182668071493,24.5985990148742,1.79464608310486,7.08834493598944,3418.78528853264,3494.91059075931,23.8459548547948,44.3492786472928,68.1952335020875,0.012,7.26109288193483,98.0442898068644,97.840552122615,25.6612374298788,1,1
12,R5_R6_all_known_frequencies,0.6,5,0.0212206590789194,24000,0.25,0.2,218.30959239866,218.273135397496,0.215760100042073,0.323900049043173,0.323900049043173,0.784938455683537,1,25.3519291278855,24.6125157317518,1.26223023896589,4.97883310022949,3431.89992995507,3505.18348426453,26.1510472473764,44.3339779814068,70.4850252287832,0.012,7.26931116774875,97.9875134763682,97.7845585207069,25.6835258907486,1,1
13,R5_R6_all_known_frequencies,0.7,5,0.0162370519305654,2000,0.25,0.2,199.617375733092,198.284195152332,2.62231331627102,12.3969901444343,12.3969901444343,9.87082038530354,0,26.4273802570152,28.8841323077899,11.6309062287749,44.0108180064024,3802.25399547468,3935.16058851396,5.88795437199262,65.4605237742079,71.3484781462005,0.012,10.0115171900869,98.1580846606723,97.9050442312549,25.6878874145061,0,0
14,R5_R6_all_known_frequencies,0.7,5,0.0162370519305654,6000,0.25,0.2,216.157736167108,216.134643636902,0.573912801098688,1.6566340499441,1.6566340499441,1.7569801650444,1,29.2105564890569,29.0283906607156,3.32545983154498,11.3844453213029,4575.41817475248,4683.77991580617,12.5749704291047,65.0443679281465,77.6193383572512,0.012,10.1117695722134,98.3318565960717,98.1186296510969,25.7353294493524,1,0
15,R5_R6_all_known_frequencies,0.7,5,0.0162370519305654,10000,0.25,0.2,216.893475391334,216.892601990753,0.449930634985148,1.07453553268867,1.07453553268867,1.41245364056696,1,29.3277761982889,29.0598086020797,2.66858487955299,9.09917227105916,4610.17072332981,4714.43624401993,16.2467443758358,63.5194124380664,79.7661568139023,0.012,10.1336697118741,98.2992061758525,98.0872664447869,25.7614972605061,1,0
16,R5_R6_all_known_frequencies,0.7,5,0.0162370519305654,12000,0.25,0.2,217.387344462527,217.445033348522,0.277219865573632,0.887248138048989,0.887248138048989,1.16134847794458,1,29.3839213775823,29.1382780520253,2.79974008640658,9.52813632472679,4629.51392116778,4736.70998379595,16.8716924032939,65.3560807174523,82.2277731207462,0.012,10.1884709740457,98.2548327464466,98.0428290792045,25.7792577202394,1,1
17,R5_R6_all_known_frequencies,0.7,5,0.0162370519305654,14000,0.25,0.2,217.675797466729,217.678766345443,0.224014030693163,0.685326738846274,0.685326738846274,1.05510620661691,1,29.4312323106031,29.1254032866082,2.19764829777767,7.46706177500401,4643.3572723361,4746.42306099918,18.3025315100024,64.597095164265,82.8996266742674,0.012,10.1794693992908,98.2459771348522,98.0348285328108,25.7875435710122,1,1
18,R5_R6_all_known_frequencies,0.7,5,0.0162370519305654,16000,0.25,0.2,218.01581082319,218.004151754362,0.126276864577136,0.515995108409017,0.515995108409017,0.90720374801726,1,29.4470333170727,29.1355453489948,1.6599788867936,5.63716850155899,4657.47808964289,4757.40748367403,20.8445568773597,65.0789693408257,85.9235262181853,0.012,10.1865600334,98.1885673367637,97.9781570742926,25.8166950010545,1,1
19,R5_R6_all_known_frequencies,0.7,5,0.0162370519305654,17000,0.25,0.2,217.550173932469,217.517558895052,0.224681771769032,0.825227118644722,0.825227118644722,1.12838232043082,1,29.3591402614758,29.1258151807764,2.42276884291514,8.25217912151955,4628.90620178122,4732.38953148685,22.7398746160302,64.57669589002,87.3165705060502,0.012,10.1797573193369,98.1485910500427,97.9371979594488,25.8306110492903,1,1
20,R5_R6_all_known_frequencies,0.7,5,0.0162370519305654,18000,0.25,0.2,216.256957143204,216.611500608219,0.408838425870701,1.9049175015573,1.9049175015573,1.54022699626398,1,29.2331101712527,29.0210491297173,3.1611219881672,10.8134986994158,4580.70633617871,4687.20081431599,23.7713772992521,63.7766727962478,87.5480500954999,0.012,10.1066555110736,98.1246084113815,97.9126299844249,25.8310033944716,1,0
21,R5_R6_all_known_frequencies,0.7,5,0.0162370519305654,19000,0.25,0.2,216.913269741935,217.076759620284,0.391330704096849,0.842807431055128,0.842807431055128,1.32874562714346,1,29.2984900104629,29.0630031861595,2.6982496334257,9.20951773440242,4610.22318712317,4714.3043544985,24.2964194763024,64.2209997672835,88.5174192435859,0.012,10.1358978503846,98.1161458641993,97.9049500022857,25.8423151138991,1,1
22,R5_R6_all_known_frequencies,0.7,5,0.0162370519305654,20000,0.25,0.2,216.431947518251,216.20007724209,0.402008639370133,1.74254778177621,1.74254778177621,1.72723761723183,1,29.186531077237,29.0093038640796,2.81522217098263,9.64562100077134,4582.24519984259,4686.22908034716,26.29470447392,63.7649134558133,90.0596179297333,0.012,10.098476528142,98.0724798265051,97.8609682216013,25.8545038818827,1,0
23,R5_R6_all_known_frequencies,0.7,5,0.0162370519305654,22000,0.25,0.2,218.079551575545,218.050757036568,0.132650760955014,0.241461741798456,0.241461741798456,0.886019528832934,1,29.4798280087744,29.1343114940819,1.48675466067459,5.04329489382392,4660.83281871168,4758.98769188958,28.0968735059842,64.2732509409411,92.3701244469252,0.012,10.1856972748103,98.0566761917903,97.8469986502633,25.8787649882036,1,1
24,R5_R6_all_known_frequencies,0.7,5,0.0162370519305654,24000,0.25,0.2,218.162586331044,218.142544576217,0.0986768083755401,0.576840483851614,0.576840483851614,0.84429791990149,1,29.504800698303,29.1296103799965,1.12857574763622,3.82505802759456,4664.602811109,4760.30937916449,30.6058473734906,64.0868827179536,94.6927300914442,0.012,10.1824104106848,98.0103624733597,97.8011190833433,25.8988456816236,1,1
25,R5_R6_all_known_frequencies,0.8,5,0.0119366207318921,2000,0.25,0.2,203.901412111877,203.265768048532,2.89993111167702,11.5315391275888,11.5315391275888,7.60646906884893,0,30.6359177659155,33.1463002773961,10.9680479309397,35.8012709615718,5252.74897997018,5405.85419526326,7.92942617352474,87.5125260567334,95.4419522302582,0.012,13.1841266649517,98.2154348369349,97.9739138242979,25.9000102718043,0,0
26,R5_R6_all_known_frequencies,0.8,5,0.0119366207318921,6000,0.25,0.2,215.639098915272,215.634993419735,0.5022901464634,1.66658179035895,1.66658179035895,1.98409390012048,1,33.2789220852464,33.4939286086218,3.44849814649876,10.3624093883365,5951.05725520423,6087.18260972883,14.9633628130233,88.2093332935776,103.172696106601,0.012,13.4621190436734,98.2958576575992,98.0777730016965,25.9627336593882,1,0
27,R5_R6_all_known_frequencies,0.8,5,0.0119366207318921,10000,0.25,0.2,216.405192767616,216.358961237254,0.50795027921985,1.21511303834699,1.21511303834699,1.6550176194298,1,33.3920715631282,33.5476478474536,2.73370413126022,8.18668625003427,5995.03054434296,6126.39067632693,18.581952380455,88.25055266775,106.832505048205,0.012,13.5053361131611,98.2491821893829,98.0322061799807,25.9995919509547,1,0
28,R5_R6_all_known_frequencies,0.8,5,0.0119366207318921,12000,0.25,0.2,217.067230380502,217.089638039265,0.276013903148407,0.863437251742312,0.863437251742312,1.32289180033395,1,33.4919502385076,33.6514941398857,2.73940045115447,8.17928019015397,6029.67205641885,6163.92604761343,19.3068972566883,89.0748338138733,108.381731070562,0.012,13.5890766941611,98.2342655372055,98.0172644859657,26.0130715572122,1,1
29,R5_R6_all_known_frequencies,0.8,5,0.0119366207318921,14000,0.25,0.2,217.274428761457,217.264877369122,0.24784299054077,0.715222037394206,0.715222037394206,1.24323755949017,1,33.5333555733799,33.6450056766935,2.20956948843317,6.58916905466871,6042.12419582377,6172.87136808818,20.9691078944464,88.9014942185979,109.870602113044,0.012,13.5838368838169,98.2140654255772,97.9976828403478,26.0255772678731,1,1
30,R5_R6_all_known_frequencies,0.8,5,0.0119366207318921,16000,0.25,0.2,217.640717914295,217.633635404474,0.125324090348767,0.567427708916816,0.567427708916816,1.07562027069345,1,33.58711357303,33.670847771425,1.67360534215921,4.98287933710116,6063.05786732723,6190.22578129298,24.1543102759214,88.7951672624281,112.94947753835,0.012,13.6047118757577,98.171157007573,97.9553776835453,26.0587425221451,1,1
31,R5_R6_all_known_frequencies,0.8,5,0.0119366207318921,17000,0.25,0.2,216.924449037339,216.826784309929,0.378004231647455,1.12480436890335,1.12480436890335,1.4423707682143,1,33.4458360781272,33.5930212867268,2.27449151695926,6.80052222837606,6016.36824489408,6144.73938267128,25.8766679068034,88.237979126168,114.114647032971,0.012,13.5418929500457,98.1385700108022,97.9222652177896,26.0696829441829,1,0
32,R5_R6_all_known_frequencies,0.8,5,0.0119366207318921,18000,0.25,0.2,216.005580375693,216.040225209056,0.321497082963259,1.71263541744696,1.71263541744696,1.79989763224712,1,33.3641315210331,33.510968411984,3.05896446333294,9.16842226630278,5974.86342050799,6107.05072041759,27.2308627773248,87.968308391241,115.199171168566,0.012,13.4758200469078,98.1084074353191,97.8917968146425,26.0793506285784,1,0
33,R5_R6_all_known_frequencies,0.8,5,0.0119366207318921,19000,0.25,0.2,215.88515297324,215.96369293889,0.436145015762151,0.909502267245295,0.909502267245295,1.83468502777741,1,33.2409117307996,33.495781340068,3.0916782023929,9.30082251482977,5957.45492828384,6090.9487773224,27.8949154890313,87.8000180827664,115.694933571798,0.012,13.4636084109798,98.0949764750833,97.8779900742224,26.0857137780754,1,1
34,R5_R6_all_known_frequencies,0.8,5,0.0119366207318921,20000,0.25,0.2,216.172582013615,216.112646312091,0.450781500324482,1.59084381424602,1.59084381424602,1.76697894904937,1,33.3438669808886,33.5036712662831,2.67112978117422,8.01085783693058,5979.06556228656,6108.94557647343,30.0650973379543,87.6829609830781,117.748058321032,0.012,13.4699518598299,98.0686951307969,97.8525053931683,26.0998141117966,1,0
35,R5_R6_all_known_frequencies,0.8,5,0.0119366207318921,22000,0.25,0.2,217.104998208988,217.026505868954,0.252757027856279,1.00010056891136,1.00010056891136,1.35158824138463,1,33.5545558757406,33.6047099365914,2.01210806115489,5.99652717385424,6036.21021334513,6163.03190250244,31.5901589001563,88.3023714187528,119.892530318909,0.012,13.5513183590693,98.0524605369476,97.8370935009244,26.1251559854094,1,0
36,R5_R6_all_known_frequencies,0.8,5,0.0119366207318921,24000,0.25,0.2,217.781516090601,217.775555437821,0.121233081325692,0.642027401085611,0.642027401085611,1.0111111646266,1,33.6176473699528,33.6649687656891,0.968314523039849,2.88037563242846,6069.55334596052,6192.45309556699,35.1025922240597,88.5925220802528,123.695114304312,0.012,13.5999614639379,98.0027425817335,97.7880066268799,26.1582479210408,1,1
37,R5_R6_all_known_frequencies,0.9,5,0.0077082257033615,2000,0.25,0.2,198.487604194592,197.069853733631,4.7665451693649,23.0544552936737,23.0544552936737,10.4227937574406,0,34.3866175673221,37.2045015733857,14.2407617791699,41.4136742332663,6205.49219897534,6395.78303236508,7.8957740998302,113.464791128612,121.360565228442,0.012,16.6100992478887,98.0818177733631,97.8249945267078,26.1300431432673,0,0
38,R5_R6_all_known_frequencies,0.9,5,0.0077082257033615,6000,0.25,0.2,215.494966796401,215.40960606395,0.516469356164614,1.72650439227367,1.72650439227367,2.08654269820457,0,37.3811646423689,38.1061543991974,3.547476053033,9.49000943917136,7517.39892446995,7685.72688143318,14.867713132635,116.121307281662,130.989020414297,0.012,17.4249480371456,98.2873643262053,98.0639500268982,26.2134953968177,0,0
39,R5_R6_all_known_frequencies,0.9,5,0.0077082257033615,10000,0.25,0.2,216.179927950676,216.177722683992,0.4435714459128,1.128270107495,1.128270107495,1.73739878000346,1,37.506386020923,38.158079160321,2.67437545732771,7.13045361351479,7568.50957560293,7732.46817655366,20.093401659581,116.247985116694,136.341386776275,0.012,17.4724680624639,98.2304474487307,98.0081920133985,26.2625669020378,1,0
40,R5_R6_all_known_frequencies,0.9,5,0.0077082257033615,12000,0.25,0.2,216.732779551735,216.740237633767,0.255670950269887,0.817810039331623,0.817810039331623,1.48171016646973,1,37.6033340844577,38.2580958856848,2.70194558201023,7.1853883380171,7607.74354065327,7774.59325043987,21.9631128050807,117.232954265436,139.196067070516,0.012,17.564182809579,98.2032121828891,97.9810654472058,26.2884755268662,1,1
41,R5_R6_all_known_frequencies,0.9,5,0.0077082257033615,14000,0.25,0.2,216.821380517673,216.874523127654,0.22937949925711,1.02600643553878,1.02600643553878,1.42067130561182,1,37.6387354800139,38.2463765281511,2.28663128941489,6.07520752292299,7614.45673793424,7777.71332609504,23.9387806836213,117.791158333249,141.729939016871,0.012,17.5534238103973,98.1726853037454,97.951007356013,26.3093516538618,1,0
42,R5_R6_all_known_frequencies,0.9,5,0.0077082257033615,16000,0.25,0.2,217.062247473961,217.254845186363,0.129695868163538,0.359709914459024,0.359709914459024,1.24779764256225,1,37.6664960555072,38.2637101527067,1.81586367944278,4.82089886132979,7632.81905111707,7793.08181367118,27.4013211093075,118.699322488023,146.100643597331,0.012,17.5693381758042,98.1218389014017,97.9007219649424,26.3509238989,1,1
43,R5_R6_all_known_frequencies,0.9,5,0.0077082257033615,17000,0.25,0.2,216.563285993676,216.445834564608,0.318094347839824,0.937557108139813,0.937557108139813,1.6155297433602,1,37.592098691243,38.2064282195377,2.41927683757756,6.43559929294696,7597.0986568371,7759.19926429364,29.2070697296197,118.053372081352,147.260441810972,0.012,17.5167738875362,98.0984812308525,97.8770954547012,26.3649438572371,1,1
44,R5_R6_all_known_frequencies,0.9,5,0.0077082257033615,18000,0.25,0.2,215.489882462173,215.27982890015,0.461384120091445,1.22564567741988,1.22564567741988,2.14553231811343,0,37.3877776604212,38.063432768858,3.09028524385662,8.26549593806965,7521.07273035662,7686.0142638411,30.9071981740742,116.649754517208,147.556952691282,0.012,17.3858989697925,98.0758367688889,97.8539875452897,26.3706633946413,0,0
45,R5_R6_all_known_frequencies,0.9,5,0.0077082257033615,19000,0.25,0.2,215.226288627317,214.993829100255,0.626819633452672,1.9956878639663,1.9956878639663,2.27553222715677,0,37.3634165480192,38.0268771476512,3.20868310235089,8.58776685538678,7502.96478741037,7668.32489865604,31.4020929120606,116.000223341688,147.402316253749,0.012,17.3525206272307,98.0732647955789,97.8513189715618,26.3685919185405,0,0
46,R5_R6_all_known_frequencies,0.9,5,0.0077082257033615,20000,0.25,0.2,216.763969569207,216.816495205419,0.317613987842874,0.660605973078055,0.660605973078055,1.44704763390029,1,37.5258225559571,38.2313261126644,2.22423492153051,5.92721163730338,7602.25865559471,7764.72070256443,34.2193389622244,117.275654867287,151.494993829511,0.012,17.5396115559948,98.0461722066607,97.8248844856463,26.4029639814938,1,1
47,R5_R6_all_known_frequencies,0.9,5,0.0077082257033615,22000,0.25,0.2,216.784410173866,216.817285128256,0.234049709621185,0.6003912895628,0.6003912895628,1.44668857806532,1,37.6054633885526,38.2155984028342,1.8595266714926,4.94483115998154,7619.21329784474,7778.18470718725,36.1580435803247,117.266667889634,153.424711469958,0.012,17.5251835354405,98.0260921544771,97.8055672163287,26.4168470965666,1,1
48,R5_R6_all_known_frequencies,0.9,5,0.0077082257033615,24000,0.25,0.2,217.333133711211,217.338618048827,0.155663966723982,0.584645159852665,0.584645159852665,1.20971906871485,1,37.7084116673782,38.2839976804242,1.07140217521827,2.84128163410591,7650.52293714747,7806.62896839983,39.6515658941384,117.994056291829,157.645622185967,0.012,17.5879737407367,97.9810166623833,97.7608095116924,26.4593284008499,1,1
49,R5_R6_all_known_frequencies,0.95,5,0.0052311700054952,2000,0.25,0.2,200.623032168619,199.075877275449,4.05651616318224,10.9342243682,10.9342243682,9.51096487479607,0,36.4993350591079,39.23028295111,12.5474204839264,34.3771207437254,7145.11229286921,7346.54187789728,7.75563207053901,125.375924752618,133.131556823157,0.012,18.4681812050898,98.1708285738628,97.9223554748179,26.2443684325516,0,0
50,R5_R6_all_known_frequencies,0.95,5,0.0052311700054952,6000,0.25,0.2,215.294382474287,215.267708027839,0.522001864158415,1.63553644599059,1.63553644599059,2.15104180552762,0,39.4486729746752,40.4611403328996,3.47355460822417,8.80525083937319,8369.16799137367,8556.38299884994,15.7693940129013,134.792971455595,150.562365468497,0.012,19.6452465244632,98.232780156621,98.0067908955093,26.3821087391808,0,0
51,R5_R6_all_known_frequencies,0.95,5,0.0052311700054952,10000,0.25,0.2,215.825973374482,215.750680759037,0.454685309761057,1.16645046542896,1.16645046542896,1.93150874589214,1,39.5389759800509,40.5062607047695,2.73562972584167,6.91881784500922,8407.37728802367,8590.13570597651,21.6656056723644,131.7168552862,153.382460958565,0.012,19.6890858753931,98.2083078435089,97.982954619683,26.4193728730428,1,0
52,R5_R6_all_known_frequencies,0.95,5,0.0052311700054952,12000,0.25,0.2,216.141994285024,216.157531841239,0.366131969555464,1.14486248714509,1.14486248714509,1.74657643580054,1,39.6211686093955,40.57787667171,2.91001951348744,7.34460798512988,8434.67276335698,8620.92428911327,24.1404229089019,133.061851143071,157.202274051973,0.012,19.7587689022141,98.1703379836472,97.9450932664543,26.4513139422401,1,0
53,R5_R6_all_known_frequencies,0.95,5,0.0052311700054952,14000,0.25,0.2,216.66803252434,216.642810380276,0.198139258846503,0.712957248286595,0.712957248286595,1.52599528169256,1,39.6879726608025,40.6365546268148,2.27302147888827,5.72723000571202,8470.22897131347,8652.92935738243,25.6395843176265,133.920670087791,159.560254405417,0.012,19.8159548632572,98.1510527055529,97.9261919414384,26.4721633447251,1,1
54,R5_R6_all_known_frequencies,0.95,5,0.0052311700054952,16000,0.25,0.2,217.042449900943,217.041118226888,0.136634964244695,0.403827092255624,0.403827092255624,1.34494626050541,1,39.7642466781242,40.682782016487,1.78476191253961,4.48835841651055,8503.11839843183,8682.77074811528,29.2262849816522,135.955015434262,165.181300415914,0.012,19.8610650312119,98.0944209804159,97.8701779297589,26.5229311736585,1,1
55,R5_R6_all_known_frequencies,0.95,5,0.0052311700054952,17000,0.25,0.2,216.696270004889,216.902493871979,0.122422888035157,0.564069319591402,0.564069319591402,1.40795733091879,1,39.6194969561901,40.6382263985402,2.2235904111533,5.61236406815582,8460.58237208099,8641.80462986362,31.2815019878704,134.633222274438,165.914724262308,0.012,19.8175853378281,98.0766848651391,97.8518904708194,26.5257784043935,1,1
56,R5_R6_all_known_frequencies,0.95,5,0.0052311700054952,18000,0.25,0.2,216.208993802272,216.220012643717,0.353480712310981,1.60734514990865,1.60734514990865,1.71817607103785,1,39.6623896163198,40.5804808483274,2.79086527849009,7.03655353469107,8452.12783296249,8636.8886102004,32.8224297664073,133.664096391051,166.486526157458,0.012,19.7613051105776,98.0682912679428,97.843948463144,26.530725941178,1,0
57,R5_R6_all_known_frequencies,0.95,5,0.0052311700054952,19000,0.25,0.2,215.536921844624,215.413351397237,0.414600027362753,1.23777926074939,1.23777926074939,2.08484027398333,0,39.513462077982,40.465957769743,2.96755123484891,7.51022835962155,8392.13316446225,8576.01050956834,33.9071378555938,133.882000038768,167.789137894362,0.012,19.6499248586715,98.0398287277892,97.8152866158238,26.5479031875879,0,0
58,R5_R6_all_known_frequencies,0.95,5,0.0052311700054952,20000,0.25,0.2,215.330088404633,215.173033509414,0.50604230443244,1.35097319452027,1.35097319452027,2.19407567753888,0,39.3877084497712,40.414661690981,2.82456343771901,7.17117991599083,8375.66291182412,8557.17709081537,36.6712226641359,133.646986427935,170.31820909207,0.012,19.6001385551573,98.0070373818728,97.7827733822824,26.5634363676483,0,0
59,R5_R6_all_known_frequencies,0.95,5,0.0052311700054952,22000,0.25,0.2,216.434943442233,216.525662515418,0.276120403473362,0.691471155618105,0.691471155618105,1.57924431117346,1,39.6531910351276,40.5771827704528,2.01003812289716,5.06904506403161,8460.09940865843,8638.39860368159,38.4050994653011,134.204790113345,172.609889578646,0.012,19.7580931390407,98.0005131226428,97.776726868576,26.5943520167025,1,1
60,R5_R6_all_known_frequencies,0.95,5,0.0052311700054952,24000,0.25,0.2,217.006170107047,216.962875368054,0.184931639283806,0.553696714990529,0.553696714990529,1.38051119633926,1,39.7636916721448,40.6556656943316,1.24553330568393,3.13233820429315,8501.0099919393,8676.51109923942,41.8526685874674,135.16925280183,177.021921389297,0.012,19.834597836591,97.9601144227482,97.7367263687803,26.631854146272,1,1
61,R5_R6_all_known_frequencies,0.99,5,0.002267835113188,2000,0.25,0.2,201.893569371817,200.285018387986,3.14567540296146,12.5582766836687,12.5582766836687,8.96135527818796,0,38.6450168128221,41.0547743014278,11.2349231143826,29.0721134080473,7963.37224118926,8178.87038578076,8.06691861310129,138.337250934033,146.404169547135,0.012,20.2259339152941,98.1947200251623,97.9504298227903,26.3308491282328,0,0
62,R5_R6_all_known_frequencies,0.99,5,0.002267835113188,6000,0.25,0.2,214.860411028228,214.924287277825,0.50379278693333,1.49665069599359,1.49665069599359,2.30714214644317,0,41.0497031477092,42.4642484240652,3.76625771782831,9.17487199426554,9050.47125240425,9256.27969872774,15.6983730752541,148.141589899711,163.839962974965,0.012,21.6385487306487,98.2218967956986,97.9917765206306,26.5058795027778,0,0
63,R5_R6_all_known_frequencies,0.99,5,0.002267835113188,10000,0.25,0.2,215.778755396449,215.757417390285,0.459167470731079,1.04988302920572,1.04988302920572,1.92844664077951,1,41.2145095723214,42.5631541702276,2.63100117622861,6.38367701940466,9127.807650635,9328.05461824955,22.5554622693995,149.121656329497,171.677118598896,0.012,21.7394651150227,98.1539072017531,97.924987331587,26.5686878743685,1,0
64,R5_R6_all_known_frequencies,0.99,5,0.002267835113188,12000,0.25,0.2,216.318557482019,216.335528216252,0.305101105345123,0.786826906794665,0.786826906794665,1.66566899261281,1,41.3144725011565,42.6769002689955,2.73625495338574,6.6229938027386,9170.46606600537,9374.26665164691,24.3434522164404,150.505473123179,174.848925339619,0.012,21.8558137988375,98.1290205252412,97.9000624283435,26.5988243718192,1,1
65,R5_R6_all_known_frequencies,0.99,5,0.002267835113188,14000,0.25,0.2,216.629229474592,216.652645386329,0.187316202176499,0.629441120770032,0.629441120770032,1.52152482439588,1,41.3885098727026,42.709631489521,2.23781842511006,5.40685913069316,9199.58903786238,9400.12046539914,26.8002066865831,150.46332842842,177.263535115003,0.012,21.8893514636482,98.1095625239342,97.8810686772794,26.62655700088,1,1
66,R5_R6_all_known_frequencies,0.99,5,0.002267835113188,16000,0.25,0.2,216.719006472749,216.686784447763,0.157340916277767,0.522259346198014,0.522259346198014,1.50600706919842,1,41.4004442991751,42.7111217855612,1.90817975734447,4.60908038463367,9206.15045748812,9404.28550886603,30.7010426452848,150.800439452939,181.501482098224,0.012,21.8908790901725,98.0665934009243,97.8384458723681,26.6661901005967,1,1
67,R5_R6_all_known_frequencies,0.99,5,0.002267835113188,17000,0.25,0.2,216.869860474176,216.83989061463,0.132413857159777,0.602099461929048,0.602099461929048,1.43641335698631,1,41.3763006075617,42.7471407933731,2.03902970187098,4.92801355348413,9214.86090878077,9414.27607004013,32.8646755694381,150.837377376292,183.70205294573,0.012,21.9278165521016,98.0454240324418,97.8172064031742,26.6809093632349,1,1
68,R5_R6_all_known_frequencies,0.99,5,0.002267835113188,18000,0.25,0.2,215.293501564549,215.313251875302,0.434348450900183,1.56450760777591,1.56450760777591,2.130340056681,0,41.1342018811453,42.5000504721665,3.17246416337199,7.71247287728742,9089.45205089393,9292.17459204023,34.691976923338,148.292762052104,182.984738975442,0.012,21.6750514816404,98.0265733471986,97.7979629043572,26.6776802674241,0,0
69,R5_R6_all_known_frequencies,0.99,5,0.002267835113188,19000,0.25,0.2,215.294673518648,215.59531501906,0.334286660818904,0.860197310229272,0.860197310229272,2.00212953679076,0,41.0490918033297,42.4967989078966,3.11700646759444,7.59336280210127,9069.99038840854,9272.78337063164,35.9322660811589,149.20844794717,185.140714028328,0.012,21.6717350090184,97.9995884231226,97.7706495151266,26.7002267942366,0,0
70,R5_R6_all_known_frequencies,0.99,5,0.002267835113188,20000,0.25,0.2,214.727936145674,214.666310478581,0.589581432926123,1.73642000936106,1.73642000936106,2.42440432791772,0,40.9773101399317,42.3710061084276,2.94441140795161,7.18546775739271,9039.37478139693,9237.40555762914,38.3978551661612,148.203612418509,186.601467584671,0.012,21.5436259036849,97.9774339045663,97.7491792793693,26.7129433915449,0,0
71,R5_R6_all_known_frequencies,0.99,5,0.002267835113188,22000,0.25,0.2,216.016235193073,215.952110816954,0.366065857516755,1.18622830857752,1.18622830857752,1.83994962865707,1,41.2984933296043,42.5823259802048,2.17382366412396,5.26368758001562,9145.72066023461,9342.3818949689,39.9506674896933,149.471978967162,189.422646456855,0.012,21.7590538306131,97.9708651465364,97.7430383245371,26.741393255397,1,0
72,R5_R6_all_known_frequencies,0.99,5,0.002267835113188,24000,0.25,0.2,216.977647205866,216.968953847548,0.124128695677052,0.332858218367178,0.332858218367178,1.3777482511147,1,41.4500167116283,42.7385461665385,1.25621993044618,3.03068618569161,9228.6085012392,9422.70929470748,44.2776442816569,151.329039365472,195.606683647129,0.012,21.9189999411521,97.9244246888502,97.6971988822933,26.7921935165635,1,1
73,R5_R6_all_known_frequencies,0.6,6,0.0254647908947033,2000,0.25,0.2,202.580468808226,200.258427382904,2.89474345777915,17.8301962516175,17.8301962516175,8.97344209867997,0,19.6416161405059,22.03161097142,11.7972589524615,60.0625674998943,2425.46153350278,2524.75421497936,4.77877970004641,36.5811557220903,41.3599354221367,0.012,5.82470258395192,98.3233510838479,98.0917351398767,25.4056215471634,0,0
74,R5_R6_all_known_frequencies,0.6,6,0.0254647908947033,6000,0.25,0.2,216.856446285602,216.795505672945,0.590470244148108,1.47243450906537,1.47243450906537,1.4565883304795,1,20.9720062641384,20.364021629807,3.36059566850386,16.0241973332346,2820.80801964757,2889.56498791565,8.52641369103267,30.6285207602583,39.154934451291,0.012,4.97632052327096,98.6309286141216,98.4596094107306,25.38909555791,1,0
75,R5_R6_all_known_frequencies,0.6,6,0.0254647908947033,10000,0.25,0.2,217.277078892874,217.224849747009,0.49271208386073,0.968964212819425,0.968964212819425,1.26143193317763,1,21.0260992089122,20.3079252465585,2.72327840349371,12.9518955296255,2832.83075849175,2897.39688448183,12.1250216664694,30.2038402096285,42.3288618760979,0.012,4.94894193383767,98.5277734990351,98.3584714677507,25.4176377342931,1,1
76,R5_R6_all_known_frequencies,0.6,6,0.0254647908947033,12000,0.25,0.2,217.426265454488,217.370686829156,0.541340697915081,0.996420838670784,0.996420838670784,1.19514235038366,1,21.0404574781602,20.3589959415216,2.99679960092692,14.2430344208892,2836.32647046998,2904.40505984615,12.5885788329221,30.6047938230898,43.1933726560119,0.012,4.9738645889627,98.4999800310762,98.3301320049288,25.4280159139313,1,1
77,R5_R6_all_known_frequencies,0.6,6,0.0254647908947033,14000,0.25,0.2,218.199240957778,218.206862230561,0.237203018287994,0.546593215205285,0.546593215205285,0.815062622472285,1,21.1119655332702,20.3280546391099,2.1808944146438,10.330134402725,2856.72583199254,2920.00558573112,13.0360677709187,30.4387528014932,43.4748205724119,0.012,4.95875766492766,98.5009719746817,98.3328426637522,25.4318996739204,1,1
78,R5_R6_all_known_frequencies,0.6,6,0.0254647908947033,16000,0.25,0.2,218.457202078212,218.448772018041,0.108269655032059,0.432814690894897,0.432814690894897,0.70510362816328,1,21.1353078385023,20.319237664114,1.85038857107181,8.7549638983774,2863.28371074059,2924.19251240229,15.392691174838,29.8243934521987,45.2170846270367,0.012,4.95445703100899,98.4453473521804,98.2779367688335,25.4479871726514,1,1
79,R5_R6_all_known_frequencies,0.6,6,0.0254647908947033,17000,0.25,0.2,218.476111331447,218.457694158421,0.128413667456931,0.698863094916798,0.698863094916798,0.701048109808614,1,21.1425225961809,20.3442178279661,2.0920792462615,9.89512598009195,2864.53953196805,2926.86554337275,16.3746158718588,29.8896550310035,46.2642709028623,0.012,4.96664638838082,98.4106015370314,98.2429715170391,25.4570359823904,1,1
80,R5_R6_all_known_frequencies,0.6,6,0.0254647908947033,18000,0.25,0.2,216.739159224703,216.57570583367,0.479379102041119,1.62835656330528,1.62835656330528,1.55649734833172,1,21.015419835783,20.3305058884188,3.22859784114051,15.3629947265825,2822.38907459135,2890.15334108362,17.1000411081867,29.9020972913612,47.0021383995479,0.012,4.95995363614837,98.3619473640698,98.1922149026532,25.4644630185194,1,0
81,R5_R6_all_known_frequencies,0.6,6,0.0254647908947033,19000,0.25,0.2,216.995381800211,216.986177094996,0.508904092206342,1.34863109398756,1.34863109398756,1.36991950227443,1,20.9819025442152,20.3048311588347,2.9012084629335,13.8271944444494,2823.76904395732,2889.28707154413,17.5640613420764,29.6846368530734,47.2486981951498,0.012,4.9474340206654,98.3542874883202,98.1850916468582,25.4674834728191,1,0
82,R5_R6_all_known_frequencies,0.6,6,0.0254647908947033,20000,0.25,0.2,217.377890157955,217.447202573022,0.463616724179557,1.43639100743207,1.43639100743207,1.16036246680817,1,21.0087794951303,20.283529970961,2.46922672831861,11.7533087959296,2833.96901635768,2896.75796426735,18.7760512894711,29.6501625418249,48.426213831296,0.012,4.93705905699448,98.3199315165352,98.1518139395647,25.4787225872992,1,0
83,R5_R6_all_known_frequencies,0.6,6,0.0254647908947033,22000,0.25,0.2,218.432985709164,218.432168208505,0.132559333623334,0.772909027131237,0.772909027131237,0.712650814315881,1,21.1481949350503,20.2984264667942,1.63711671606541,7.74116524409424,2863.95797446389,2922.7490863116,20.1693658323462,29.6410783209522,49.8104441532984,0.012,4.94431340433423,98.2905146532909,98.1240100487824,25.4915254118717,1,1
84,R5_R6_all_known_frequencies,0.6,6,0.0254647908947033,24000,0.25,0.2,218.557276529178,218.573105463679,0.134630757072464,0.306707718537268,0.306707718537268,0.648588425600461,1,21.1419245403306,20.2805966288923,1.21596284159916,5.7514292952828,2866.11875723918,2922.09319323495,21.9353003214244,29.4716377563009,51.4069380777253,0.012,4.93563119548605,98.2379953616093,98.0720850345538,25.5073455151848,1,1
85,R5_R6_all_known_frequencies,0.7,6,0.0194844623166785,2000,0.25,0.2,195.388193553713,187.921745230605,8.73094183490138,25.6636941646077,25.6636941646077,14.5810248951793,0,22.134321143954,27.2555416824608,17.5998767862926,79.5139668925426,3038.5691295391,3168.4730933734,4.54909194525275,59.9826432875626,64.5317352328153,0.012,8.9143746288523,97.9204112903511,97.639918052721,25.6261205875282,0,0
86,R5_R6_all_known_frequencies,0.7,6,0.0194844623166785,6000,0.25,0.2,215.81253851046,215.824458532218,0.696608764741039,2.30896058931958,2.30896058931958,1.8979733944465,1,24.3270514426531,24.0774358769107,3.88482992554785,15.9691770895691,3803.36629944541,3889.51266458392,10.6981899337185,43.0749013420853,53.7730912758038,0.012,6.95667502088098,98.6058815658786,98.4283577513743,25.5200528463486,1,0
87,R5_R6_all_known_frequencies,0.7,6,0.0194844623166785,10000,0.25,0.2,217.083863886896,217.074318075348,0.387691096053239,1.11933432894264,1.11933432894264,1.32985542029614,1,24.4368770754978,24.0870434515937,2.95626668069636,12.0975633325116,3845.69510086423,3927.52940403919,13.6095578514462,42.4369595276756,56.0465173791218,0.012,6.96222794686753,98.5635512839429,98.3879887603303,25.5425858422331,1,0
88,R5_R6_all_known_frequencies,0.7,6,0.0194844623166785,12000,0.25,0.2,217.505043421824,217.492754676495,0.372458240144295,0.940385976032404,0.940385976032404,1.13965696522942,1,24.5119721799974,24.1147368584176,2.79700976010903,11.4107903663153,3863.55201344989,3945.86044881078,14.1868473620434,42.7176220750669,56.9044694371103,0.012,6.9782464050087,98.5485243954243,98.3734238696403,25.5526346540208,1,1
89,R5_R6_all_known_frequencies,0.7,6,0.0194844623166785,14000,0.25,0.2,217.947152497266,217.991404610389,0.233585164402961,0.629578960273021,0.629578960273021,0.912997904368599,1,24.5604198064417,24.0975132032194,2.15284801974835,8.76551800300946,3879.33406574391,3957.32135476758,15.29170673414,43.1599029303949,58.4516096645349,0.012,6.968281710952,98.5156223704716,98.3415976741105,25.5663120689928,1,1
90,R5_R6_all_known_frequencies,0.7,6,0.0194844623166785,16000,0.25,0.2,218.256803317892,218.27575478662,0.12919949730614,0.389379056909309,0.389379056909309,0.783747824263798,1,24.5884301534737,24.0902760409338,1.6213905011336,6.59411963681032,3890.04296011683,3964.77041082171,17.4393488959571,42.6427313044238,60.0820802003809,0.012,6.96409679674065,98.4789828274511,98.3056692767345,25.5836913150179,1,1
91,R5_R6_all_known_frequencies,0.7,6,0.0194844623166785,17000,0.25,0.2,217.5441319846,217.440987883586,0.313910863391119,0.617198591523792,0.617198591523792,1.16318732564253,1,24.5160782386034,24.0621607665689,2.26706897329736,9.24727418159239,3864.67969990433,3940.92613273638,18.8234451521004,42.6767786688853,61.5002238209857,0.012,6.94785096907446,98.433586208076,98.2597037596782,25.5972485623761,1,1
92,R5_R6_all_known_frequencies,0.7,6,0.0194844623166785,18000,0.25,0.2,215.988860701904,215.67837238541,0.57026809372123,2.00640645389311,2.00640645389311,1.96437618845001,1,24.3614135265759,24.0164192212282,3.35495103811326,13.7715778866991,3803.39673210207,3885.90820400564,19.863387377403,42.3832337113223,62.2466210887254,0.012,6.92146070651738,98.3897474391334,98.2138947927476,25.6036281973758,1,0
93,R5_R6_all_known_frequencies,0.7,6,0.0194844623166785,19000,0.25,0.2,216.620481992398,216.678516096997,0.371193262977541,1.64287533267361,1.64287533267361,1.50976541045571,1,24.3969811673444,24.0459419400187,3.04439304656141,12.4785645637025,3829.12371686722,3910.58707773746,20.776095423147,42.6704905193675,63.4465859425145,0.012,6.93848788539298,98.3700593436497,98.195027178914,25.6143980842193,1,0
94,R5_R6_all_known_frequencies,0.7,6,0.0194844623166785,20000,0.25,0.2,216.657644568698,216.634053277233,0.50829768962578,1.56874989744008,1.56874989744008,1.529975783076,1,24.3982465222688,24.0079991765574,2.6958392870241,11.0493157144041,3825.92434750704,3904.48755394933,22.0056438716256,42.3577853737492,64.3634292453748,0.012,6.91660829353896,98.3455355249039,98.1709956549258,25.6226078397533,1,0
95,R5_R6_all_known_frequencies,0.7,6,0.0194844623166785,22000,0.25,0.2,217.96601288362,217.891456288242,0.249974046414898,0.492466802730532,0.492466802730532,0.958428959889969,1,24.5430708061148,24.0685298273273,1.77738432971136,7.24189871655559,3878.17298884043,3952.28556334239,23.3250582236117,42.2304077146804,65.555465938292,0.012,6.95152953658735,98.3377287079982,98.1646958052097,25.6365341072318,1,1
96,R5_R6_all_known_frequencies,0.7,6,0.0194844623166785,24000,0.25,0.2,218.314031768936,218.308479483162,0.17070037174616,0.522109789053002,0.522109789053002,0.768872962198889,1,24.6029986630058,24.0622919585405,0.991885102848002,4.03156182884099,3892.18197352348,3962.28270891901,25.7619348520041,42.2127378433863,67.9746726953903,0.012,6.94792673157652,98.2835357596197,98.1114034669561,25.6588140892805,1,1
97,R5_R6_all_known_frequencies,0.8,6,0.0143239448782706,2000,0.25,0.2,200.465928055895,198.301626549566,3.52162768920381,11.7245023671448,11.7245023671448,9.86289702292453,0,25.4086652226316,28.0927831955998,11.95085912232,47.0345805952659,4143.99309668229,4274.82150836166,4.92495095135321,62.0637426276733,66.9886935790265,0.012,9.47045361209971,98.4091906136011,98.1883660145162,25.6419031759231,0,0
98,R5_R6_all_known_frequencies,0.8,6,0.0143239448782706,6000,0.25,0.2,215.786535420023,215.695176576845,0.727458445715986,2.04636974447897,2.04636974447897,1.956737919616,1,27.7638509639296,27.8023458385772,3.4005514756474,12.2481260977281,4967.08031857377,5069.41399900615,11.4203802888184,58.4889651319409,69.9093454207593,0.012,9.27564520953418,98.6120808243764,98.4308199078264,25.6643614733989,1,0
99,R5_R6_all_known_frequencies,0.8,6,0.0143239448782706,10000,0.25,0.2,216.775268576728,216.746090074308,0.369036314516303,1.06407411231882,1.06407411231882,1.47904996622364,1,27.8698295457403,27.8845895672851,3.00530882701804,10.7833771357865,5011.39487726886,5111.4633557176,14.9522291598301,58.8879472549155,73.8401764147455,0.012,9.33060402403132,98.547949590624,98.3674608194921,25.701006369753,1,0
100,R5_R6_all_known_frequencies,0.8,6,0.0143239448782706,12000,0.25,0.2,217.297799202762,217.275611095067,0.319731314414986,0.832945425856877,0.832945425856877,1.23835859315126,1,27.9434938247088,27.9236222856617,2.72977031887459,9.76889409749044,5035.1211717992,5135.61268717121,16.6533118580063,58.6361255270706,75.2894373850769,0.012,9.35674417862766,98.526743873579,98.3466791414242,25.7146199510392,1,1
101,R5_R6_all_known_frequencies,0.8,6,0.0143239448782706,14000,0.25,0.2,217.427588196999,217.371006605172,0.257214244048926,0.596757711694702,0.596757711694702,1.19499699764909,1,27.9612958280755,27.9059864830815,2.35837583450556,8.43442968096477,5042.23272766979,5139.26947461438,17.529932366491,58.2899546109762,75.8198869774672,0.012,9.34492897912713,98.5185793760604,98.3390245201007,25.7238387346955,1,1
102,R5_R6_all_known_frequencies,0.8,6,0.0143239448782706,16000,0.25,0.2,217.784843838061,217.754172209358,0.147676251077379,0.459538952593089,0.459538952593089,1.02083081392832,1,28.0127703088827,27.91939342056,1.93417869089783,6.90463195739163,5058.97509930309,5153.2165570477,20.6265245170584,59.1779973896177,79.8045219066761,0.012,9.35391034766408,98.4470141202925,98.2681406434427,25.7601892632053,1,1
103,R5_R6_all_known_frequencies,0.8,6,0.0143239448782706,17000,0.25,0.2,217.530875329045,217.510874983281,0.226763514515274,1.22548900189324,1.22548900189324,1.13142046214517,1,27.9513920683477,27.9163468225366,2.32726093789488,8.32610029655833,5045.12035693487,5141.32026492667,21.6020575442217,58.5757349217312,80.1777924659529,0.012,9.35186903899381,98.4356462760059,98.25636292282,25.7632574085589,1,0
104,R5_R6_all_known_frequencies,0.8,6,0.0143239448782706,18000,0.25,0.2,216.629096330313,216.516339115146,0.512648820376762,1.46433545021477,1.46433545021477,1.58348222038833,1,27.8768928313605,27.8411401813778,2.78926786935017,10.0056627050356,5012.31676712937,5109.2960775598,22.369346008847,58.0242201069438,80.3935661157908,0.012,9.30154903918958,98.4213991989495,98.2419657730232,25.7670765463801,1,0
105,R5_R6_all_known_frequencies,0.8,6,0.0143239448782706,19000,0.25,0.2,215.952094274268,215.875500054451,0.464909050428542,2.00891394486579,2.00891394486579,1.87477270252231,1,27.8283446123745,27.7960842140171,3.18276161434264,11.4371216063184,4976.40021572322,5076.14387917434,23.4325726867213,57.9825479901955,81.4151206769167,0.012,9.27146757159275,98.3903105340563,98.2102815334163,25.7764215614056,1,0
106,R5_R6_all_known_frequencies,0.8,6,0.0143239448782706,20000,0.25,0.2,216.54992675194,216.545615409566,0.398638471807704,2.51603258530721,2.51603258530721,1.57017481383368,1,27.8561653186244,27.8149170812127,2.62908591650657,9.43807550836437,4998.10316411055,5093.79908786213,25.2652413409458,58.189231753998,83.4544730949438,0.012,9.28403534681687,98.3576989763155,98.1783266028137,25.7931206421748,1,0
107,R5_R6_all_known_frequencies,0.8,6,0.0143239448782706,22000,0.25,0.2,217.768319151021,217.746483618985,0.159972850975888,0.308114804374899,0.308114804374899,1.02432562773409,1,28.0075393200565,27.8943337978134,1.57477999294266,5.62270028418721,5062.47555646766,5153.56796645559,26.7908157352038,58.2685059932771,85.0593217284808,0.012,9.33712629628604,98.3475717262495,98.1695018231491,25.8105428844227,1,1
108,R5_R6_all_known_frequencies,0.8,6,0.0143239448782706,24000,0.25,0.2,217.7588172345,217.856771561741,0.255319939220154,0.605977717624298,0.605977717624298,0.974194744663195,1,28.0055086999992,27.8874164207502,1.46863340555218,5.24408758749745,5058.14688183774,5148.21034400736,29.1182989942675,58.3051798265812,87.4234788208487,0.012,9.33249593549193,98.3009953670197,98.1230301045815,25.8332072662233,1,1
109,R5_R6_all_known_frequencies,0.9,6,0.0092498708440338,2000,0.25,0.2,200.653111944031,199.137015137988,3.74552674895972,11.8005976027713,11.8005976027713,9.48317493727797,0,28.6499065145462,31.8062685180197,13.1654864608876,45.9529822696042,5321.26449586509,5472.55253193675,6.21033152427875,79.6473500534037,85.8576815776824,0.012,12.1396646044844,98.4121372005267,98.1916846050541,25.7991510519174,0,0
110,R5_R6_all_known_frequencies,0.9,6,0.0092498708440338,6000,0.25,0.2,215.535537966307,215.52205764536,0.646030834845145,1.49763843185341,1.49763843185341,2.03542834301819,0,31.1592999705319,31.6830356149689,3.47638631542194,11.15681776776,6267.40229291581,6392.28595855427,12.7532879130521,78.7060362757365,91.4593241887886,0.012,12.0457769493526,98.5617028692247,98.3753475802404,25.8551458892693,0,0
111,R5_R6_all_known_frequencies,0.9,6,0.0092498708440338,10000,0.25,0.2,216.370521697378,216.349235255595,0.503637093767377,1.29855194891725,1.29855194891725,1.65943852018414,1,31.2803159940206,31.7374471327186,2.77126441897556,8.85945148222064,6319.81123786081,6440.22151289857,16.7462593584003,78.0013744336576,94.7476337920578,0.012,12.0871866060253,98.5229282997033,98.3376271319503,25.8919677793243,1,0
112,R5_R6_all_known_frequencies,0.9,6,0.0092498708440338,12000,0.25,0.2,217.000825015638,216.991781908023,0.314076929727352,0.91093138975033,0.91093138975033,1.36737185998951,1,31.378468644645,31.8283915064643,2.75222610792029,8.77106572372511,6356.74887924265,6479.3840726719,17.9554117106058,77.8669466861393,95.8223583967451,0.012,12.1565580706652,98.5149740333312,98.3297221494915,25.901900563917,1,1
113,R5_R6_all_known_frequencies,0.9,6,0.0092498708440338,14000,0.25,0.2,217.381878154049,217.376237322115,0.230258881331356,0.589416860394201,0.589416860394201,1.1926193990387,1,31.4329636772941,31.8320878789098,2.05614859775656,6.54137681341784,6379.28904985013,6497.68482446062,19.8649172425352,78.78294154727,98.6478587898052,0.012,12.1593818247677,98.4771716646664,98.292671854848,25.9250053022723,1,1
114,R5_R6_all_known_frequencies,0.9,6,0.0092498708440338,16000,0.25,0.2,217.560531148114,217.575057502237,0.132387935290962,0.549024853743666,0.549024853743666,1.10224658989248,1,31.4637220469028,31.8349809570618,1.65502081809311,5.26009229177012,6389.40520837721,6505.06545119245,22.8783017801428,78.461564382157,101.3398661623,0.012,12.1615921504378,98.4387021058674,98.2546042234601,25.9502491989594,1,1
115,R5_R6_all_known_frequencies,0.9,6,0.0092498708440338,17000,0.25,0.2,216.246615737161,216.120574492354,0.542923878008763,1.57093197167353,1.57093197167353,1.76337523074821,1,31.2976140839756,31.7115997801896,2.70300364117058,8.63645271463207,6312.94866017006,6431.60355001368,24.681864214903,78.3734840323184,103.055348247221,0.012,12.067506727427,98.3937767477698,98.2090607625722,25.9665309048729,1,0
116,R5_R6_all_known_frequencies,0.9,6,0.0092498708440338,18000,0.25,0.2,215.472460998217,215.290523582973,0.472472358470178,1.9780369497903,1.9780369497903,2.14067109864845,0,31.180636000615,31.6620887306805,3.38719081130526,10.8631229049929,6258.98759981224,6382.49026161991,25.6350640396494,77.846568274663,103.481632314312,0.012,12.0298543534739,98.373561764483,98.1879127269344,25.9726822572092,0,0
117,R5_R6_all_known_frequencies,0.9,6,0.0092498708440338,19000,0.25,0.2,216.37736194984,216.406191164189,0.35518220026195,1.69736086174049,1.69736086174049,1.63354947082311,1,31.2782915430983,31.7426608742334,2.83280253448917,9.05676875153445,6307.08615195061,6428.35410226238,26.5468683248683,77.8351004837113,104.38196880858,0.012,12.091158232519,98.3719490319135,98.1867820941262,25.9789526791388,1,0
118,R5_R6_all_known_frequencies,0.9,6,0.0092498708440338,20000,0.25,0.2,215.50722525873,215.491370356433,0.535674521873699,1.84473057013265,1.84473057013265,2.04937711071236,0,31.0857321189138,31.6278825555291,2.98839449598651,9.61339589672474,6255.69818560731,6375.79791251554,28.6201037090099,77.4470651266909,106.067168835701,0.012,12.0038754593561,98.3327400033448,98.1475475493978,25.9950798464271,0,0
119,R5_R6_all_known_frequencies,0.9,6,0.0092498708440338,22000,0.25,0.2,217.424376924846,217.375538189499,0.172753259664501,0.451698054953583,0.451698054953583,1.19293718659139,1,31.4565828591974,31.8145727453683,1.65889971365016,5.27361703931908,6386.31516073056,6500.70802853702,30.1554499716632,78.187715124127,108.34316509579,0.012,12.146004467644,98.3318111644925,98.1482589079486,26.016742205609,1,1
120,R5_R6_all_known_frequencies,0.9,6,0.0092498708440338,24000,0.25,0.2,217.609342781248,217.571794030992,0.177268995106736,0.86642210877224,0.86642210877224,1.10372998591257,1,31.4674819447083,31.8195608767922,1.14965497835365,3.65346989115212,6390.67260758162,6502.08841593354,33.0474843903511,78.3080252297748,111.355509620126,0.012,12.1498134527026,98.2873726841395,98.1040535830064,26.0455084915714,1,1
121,R5_R6_all_known_frequencies,0.95,6,0.0062774040065943,2000,0.25,0.2,202.250133952498,200.628163602793,2.20487606091015,10.4804394464879,10.4804394464879,8.8053801805488,0,30.652512786365,33.1432897641794,10.9237398857743,35.6373389741591,6128.47680061642,6283.88275310193,7.02399729576609,87.3134713770181,94.3374686727842,0.012,13.1817318767083,98.48400635805,98.2758295462443,25.8764810411729,0,0
122,R5_R6_all_known_frequencies,0.95,6,0.0062774040065943,6000,0.25,0.2,215.720639901571,215.682822112419,0.509455562376994,1.43500584254892,1.43500584254892,1.96235358526401,1,32.9221234830372,33.7377432788814,3.34811537945568,10.1698038438522,7001.38914013986,7138.30703281561,13.0557521586711,89.753657128348,102.809409287019,0.012,13.6588238586205,98.5528359241126,98.3637178010512,25.9587434098173,1,0
123,R5_R6_all_known_frequencies,0.95,6,0.0062774040065943,10000,0.25,0.2,216.34993342751,216.298569128886,0.442050146356902,1.15487795676239,1.15487795676239,1.68246857777923,1,33.0241358929956,33.7846505764291,2.76812159927994,8.38211666839419,7038.30179509601,7172.4513001068,17.7554823827099,90.7621070330481,108.517589415758,0.012,13.6968313748569,98.4815960278648,98.293217735902,26.0051306544404,1,0
124,R5_R6_all_known_frequencies,0.95,6,0.0062774040065943,12000,0.25,0.2,216.875317656714,216.887276055803,0.286119229406181,0.812770663506591,0.812770663506591,1.41487452008971,1,33.1027602673265,33.8628677183218,2.7146377320053,8.2006385874858,7072.92747335891,7208.6348084671,19.4314008199776,89.8718444762262,109.303245296204,0.012,13.7603257213027,98.478143496389,98.2898315150951,26.0169060670338,1,1
125,R5_R6_all_known_frequencies,0.95,6,0.0062774040065943,14000,0.25,0.2,217.193169520774,217.240791693155,0.188736031678261,0.577518759216578,0.577518759216578,1.25418559402027,1,33.1575941376964,33.8743496027338,2.18595470239373,6.59262156752366,7095.04069446179,7226.938730001,21.1787952707828,89.9920459535002,111.170841224283,0.012,13.7696587320988,98.4572914537167,98.269517653966,26.0392235364814,1,1
126,R5_R6_all_known_frequencies,0.95,6,0.0062774040065943,16000,0.25,0.2,217.098746768509,217.051084875314,0.265769154901855,0.789072408660486,0.789072408660486,1.34041596576617,1,33.1579466611745,33.8507071953552,2.06600556306967,6.23080067104639,7087.97567074497,7218.2072850458,24.3038202501936,90.3569794597981,114.660799709992,0.012,13.7504445315081,98.4080718195299,98.2205604306662,26.0699697419356,1,1
127,R5_R6_all_known_frequencies,0.95,6,0.0062774040065943,17000,0.25,0.2,217.300888110574,217.259432455938,0.189637550256506,0.976561696573971,0.976561696573971,1.24571252002814,1,33.1789204444149,33.8777298560524,1.96999488854487,5.93748941242748,7102.11948498369,7231.82385879205,26.2197716285416,90.5061834989407,116.725955127482,0.012,13.772406962396,98.3830384499036,98.1956967055479,26.0866532530222,1,1
128,R5_R6_all_known_frequencies,0.95,6,0.0062774040065943,18000,0.25,0.2,216.126709387308,216.116988099132,0.438852557428757,1.49481532538549,1.49481532538549,1.76500540948567,1,33.0017818643624,33.7610377636767,2.92459943270396,8.86194401479318,7023.37272654274,7157.53180702136,27.2837645284769,88.9536047495403,116.237369278017,0.012,13.6776920505649,98.3719367343875,98.1838412603942,26.0863113107599,1,0
129,R5_R6_all_known_frequencies,0.95,6,0.0062774040065943,19000,0.25,0.2,215.132546802267,215.066104073038,0.638634503397341,1.82308237476985,1.82308237476985,2.24267996680089,0,32.8994958944019,33.6296230411768,3.20257635863245,9.73442380063153,6967.15263864797,7100.38875632211,27.9017893029224,88.5724793489525,116.474268651875,0.012,13.5714185506998,98.3557255319045,98.1676475528533,26.0869997914476,0,0
130,R5_R6_all_known_frequencies,0.95,6,0.0062774040065943,20000,0.25,0.2,215.904127877768,215.684396370038,0.545058448814375,2.00121452312931,2.00121452312931,1.96163801361931,1,32.9315358372508,33.7000748278468,2.61741783582118,7.9480588113369,7013.69973266089,7144.20633394709,30.5082609879997,88.8617609185056,119.370021906505,0.012,13.6283405208297,98.3265266426132,98.1390236350023,26.112785467059,1,0
131,R5_R6_all_known_frequencies,0.95,6,0.0062774040065943,22000,0.25,0.2,216.888427156602,216.779369732528,0.348971463158426,1.10536575741835,1.10536575741835,1.46392284885112,1,33.1304056212852,33.803474974362,1.81767731116334,5.48643240877059,7077.94278552386,7205.28114015114,32.2654397275061,89.6287211977198,121.894160925226,0.012,13.7120990441078,98.3069872021846,98.1201173082194,26.1336780520649,1,0
132,R5_R6_all_known_frequencies,0.95,6,0.0062774040065943,24000,0.25,0.2,217.534413205751,217.528831976716,0.0926575874810119,0.34232682567033,0.34232682567033,1.12325819240172,1,33.209275900451,33.8774085043682,1.16656132862351,3.51275749619001,7117.67484492747,7242.80800789634,35.2278390462475,90.0103137190181,125.238152765266,0.012,13.7721456836621,98.2708869648833,98.0843829420405,26.1682814311191,1,1
133,R5_R6_all_known_frequencies,0.99,6,0.0027214021358256,2000,0.25,0.2,203.283392795808,202.5371855454,3.32110969005325,6.72817542827476,6.72817542827476,7.93764293390904,0,31.7252532879031,35.0632272389624,11.8382820206507,37.315011839999,6544.56655735324,6715.60688299627,7.66858353022564,98.2327072461076,105.901290776333,0.012,14.7531588529334,98.4076114162988,98.1897907135732,25.9811227753601,0,0
134,R5_R6_all_known_frequencies,0.99,6,0.0027214021358256,6000,0.25,0.2,215.426337911817,215.39982834289,0.606097256082983,1.5919494999699,1.5919494999699,2.09098711686815,0,34.3136208913037,35.4895262861305,3.55306466960118,10.354677172824,7584.74016307328,7734.95866615105,13.5377601070678,101.008096502306,114.545856609374,0.012,15.1140777121673,98.5122535217351,98.3192479948593,26.0577438843991,0,0
135,R5_R6_all_known_frequencies,0.99,6,0.0027214021358256,10000,0.25,0.2,216.397789717605,216.39400681716,0.325842254064213,0.913686533582422,0.913686533582422,1.63908781038184,1,34.4444642087758,35.5715877739758,2.64228292306463,7.67113956846344,7647.02972796722,7792.36500137449,18.5168826298041,100.191059098846,118.70794172865,0.012,15.18405428114,98.4713887234193,98.279227053561,26.1020093151911,1,1
136,R5_R6_all_known_frequencies,0.99,6,0.0027214021358256,12000,0.25,0.2,216.811092621899,216.770801564716,0.287908461759415,0.839492977227095,0.839492977227095,1.46781747058367,1,34.5151725169268,35.6394380068735,2.63804325041986,7.643140850958,7678.99552819764,7826.59758540907,20.2187221426632,100.709288459254,120.928010601917,0.012,15.2420344973493,98.4496256918369,98.2576179119667,26.1230575218271,1,1
137,R5_R6_all_known_frequencies,0.99,6,0.0027214021358256,14000,0.25,0.2,217.105135433978,217.104708725309,0.188444173187689,0.519708376106044,0.519708376106044,1.31604148849582,1,34.5628446254623,35.6532751451843,2.11686152346835,6.12467389882854,7699.89862709546,7843.94064064172,22.2263765995071,100.507955659915,122.734332259422,0.012,15.2538723429386,98.4310355234979,98.2394718427892,26.1365910871364,1,1
138,R5_R6_all_known_frequencies,0.99,6,0.0027214021358256,16000,0.25,0.2,217.363748459545,217.360367432071,0.0941995011789036,0.387626475048781,0.387626475048781,1.19983298542238,1,34.601026325165,35.6697803549566,1.61725852618133,4.67401894667245,7717.51318717183,7858.62745488795,25.3707660824604,101.422563865458,126.793329947918,0.012,15.2679987668501,98.3836260137056,98.1925061155967,26.1734950193745,1,1
139,R5_R6_all_known_frequencies,0.99,6,0.0027214021358256,17000,0.25,0.2,216.739195002301,216.85750924677,0.14446807854291,1.06455056526089,1.06455056526089,1.42840488783171,1,34.5188769149728,35.6062817626521,2.35597198573767,6.82516986731903,7674.12492939972,7817.25195953461,27.4588568914778,100.501524705355,127.960381596833,0.012,15.2136876115365,98.3599207584095,98.1684969548451,26.1842360116759,1,0
140,R5_R6_all_known_frequencies,0.99,6,0.0027214021358256,18000,0.25,0.2,215.370556096652,215.398411222681,0.377181235202907,1.75378269934056,1.75378269934056,2.09163126241757,0,34.3248878121862,35.4458680167767,3.21120122593767,9.35531455633079,7579.99352772069,7726.27951433595,28.6883093478043,99.6544693411377,128.342778688942,0.012,15.076914713553,98.3350132429715,98.1430529573343,26.1921115136554,0,0
141,R5_R6_all_known_frequencies,0.99,6,0.0027214021358256,19000,0.25,0.2,215.20201850201,215.164627536463,0.512328904436493,1.37912560648772,1.37912560648772,2.19789657433505,0,34.2317960296876,35.4204086497117,3.22791496775861,9.42958109752464,7561.09181907826,7708.32844254746,29.3073571670289,99.6667910305204,128.974148197549,0.012,15.0552641869509,98.3228473104602,98.1307313920464,26.1959776570793,0,0
142,R5_R6_all_known_frequencies,0.99,6,0.0027214021358256,20000,0.25,0.2,215.585152577585,215.902270984249,0.364029207620586,1.0707246131986,1.0707246131986,1.86260409806886,1,34.2822440955798,35.4472474711594,2.80619331727409,8.18555900089373,7603.93504595198,7747.38864552204,32.1234320215199,99.5092679613098,131.63269998283,0.012,15.0780882393794,98.2983446812678,98.1071153119224,26.2172113705812,1,0
143,R5_R6_all_known_frequencies,0.99,6,0.0027214021358256,22000,0.25,0.2,216.550869039438,216.42247999838,0.305074866401922,0.962655173834561,0.962655173834561,1.62614545528177,1,34.5219551420105,35.5575554237121,2.07090827776761,5.99881515762551,7662.45063528682,7802.94587158599,33.4538391758101,100.147998964105,133.601838139916,0.012,15.1720769725243,98.2862886236938,98.0953829434485,26.2395899732248,1,1
144,R5_R6_all_known_frequencies,0.99,6,0.0027214021358256,24000,0.25,0.2,217.265035309496,217.349604571103,0.127452076824018,0.284682809492719,0.284682809492719,1.20472519495296,1,34.5810301641519,35.636880263823,1.20398108273241,3.48162295055197,7709.80443608158,7846.97412667932,36.7544932207519,100.676021416918,137.43051463767,0.012,15.2398468192567,98.2486759285183,98.0582403710251,26.2751569792163,1,1
145,normal,0.6,7,0.0297089227104871,2000,0.25,0.2,196.574949733242,190.291132556338,6.90692793921908,28.0097957550818,28.0097957550818,13.5040306562098,0,16.2503307941014,21.7020438849071,15.6100356576063,96.059802445821,1924.06982683688,2030.07787535651,4.07311605461922,34.1527956274887,38.2259116821079,0.012,5.65174450538921,98.0519800898636,97.7703848011195,25.3703124893457,0,0
146,normal,0.6,7,0.0297089227104871,6000,0.25,0.2,216.583313206421,216.483810151663,0.629305853501257,1.5056262238238,1.5056262238238,1.59826811288059,1,17.9665912228348,17.3356699631236,3.5319323113017,19.6583328885045,2411.7740155964,2472.35807218468,7.80002593700681,21.8220749174215,29.6221008544284,0.012,3.60630543684413,98.7866737128471,98.6409663240489,25.3008576022908,1,0
147,normal,0.6,7,0.0297089227104871,10000,0.25,0.2,217.317515488533,217.310608714267,0.461702370063415,1.19517151893756,1.19517151893756,1.22245058442404,1,18.023928290315,17.2715873268099,2.87625059830342,15.9579562899668,2428.58642347385,2484.24924496273,10.4059548845268,21.447654213767,31.8536090982938,0.012,3.57969274545145,98.705369418616,98.5619716644444,25.3228115810475,1,0
148,normal,0.6,7,0.0297089227104871,12000,0.25,0.2,218.050072135468,218.053420413669,0.283824860157505,0.870145484325607,0.870145484325607,0.884808902877952,1,18.0847174401399,17.3105693619182,2.76043248421162,15.2638961230587,2445.11458487151,2502.45563730315,10.5985887381932,21.6320897428443,32.2306784810375,0.012,3.59586973960536,98.6989831834171,98.5559291293627,25.3236268267022,1,0
149,normal,0.6,7,0.0297089227104871,14000,0.25,0.2,218.370655774159,218.376201454369,0.172214761970642,0.521375291993945,0.521375291993945,0.738090248014048,1,18.1077618134059,17.2607227977507,2.2445181463009,12.3953372560887,2452.01008989874,2505.80026437794,11.7430306166048,21.3651603237453,33.1081909403501,0.012,3.57519061800948,98.6677418457052,98.525998401206,25.3315936913816,1,1
150,normal,0.6,7,0.0297089227104871,16000,0.25,0.2,218.675899005642,218.687490338352,0.105713958289046,0.336463670044193,0.336463670044193,0.596595300749127,1,18.1272062636022,17.208950213934,1.55501063816366,8.57832484251023,2457.5991978772,2507.12373149156,13.009573000147,21.3942306290985,34.4038036292454,0.012,3.55377560958791,98.6194316937641,98.4789935622022,25.3455377337064,1,1
151,R7_R8_R12_R15_R20_R30_f17_f18_f19,0.6,7,0.0297089227104871,17000,0.25,0.2,217.823382821752,217.691592155211,0.28898100808355,1.99697989182171,1.99697989182171,1.04927629308578,1,18.0808047443356,17.2462482581052,2.45518375081663,13.5789517420998,2436.23451266511,2488.79653658776,14.2438908682963,21.4168164712291,35.6607073395254,0.012,3.56919694776235,98.5573536025747,98.4152507295748,25.3589473008693,1,0
152,R7_R8_R12_R15_R20_R30_f17_f18_f19,0.6,7,0.0297089227104871,18000,0.25,0.2,217.447693676535,217.510376272908,0.399176392892158,1.32743116266161,1.32743116266161,1.13164714867815,1,18.0439639096819,17.2771576756947,2.85007294630331,15.7951598693569,2431.00043953684,2486.64589722865,14.8898776804392,21.4642360537546,36.3541137341938,0.012,3.58200212820981,98.5265954710077,98.3837660349822,25.3658719857684,1,0
153,R7_R8_R12_R15_R20_R30_f17_f18_f19,0.6,7,0.0297089227104871,19000,0.25,0.2,216.453759527585,216.378350497643,0.459436164311379,1.69234255986117,1.69234255986117,1.64620431925326,1,17.9396693371883,17.2687299589903,3.24714995408012,18.1003891044352,2412.60498020882,2469.85762132102,15.2269108089483,21.3845898377893,36.6115006467376,0.012,3.57850841275836,98.5051749842077,98.3614607321305,25.3680674002933,1,0
154,normal,0.6,7,0.0297089227104871,20000,0.25,0.2,217.091471008221,216.863620137211,0.478375803368595,0.802299503924895,0.802299503924895,1.42562721035866,1,18.0107789792383,17.2209053825122,2.67494247433966,14.8518977298159,2423.14029521946,2476.15800559729,16.6144153263201,21.2222467406724,37.8366620669925,0.012,3.55871498632126,98.4625348906675,98.3203579676678,25.3779281893894,1,1
155,normal,0.6,7,0.0297089227104871,22000,0.25,0.2,217.88357827285,217.74984280724,0.307081866147265,1.36577337585699,1.36577337585699,1.02279872398194,1,18.0650880656386,17.192852100702,2.01058579922458,11.1296761572333,2442.94990200511,2491.8885514791,17.4965691045101,21.1115795391086,38.6081486436187,0.012,3.54712996027937,98.4441972399749,98.3036823176407,25.3846140205027,1,0
156,normal,0.6,7,0.0297089227104871,24000,0.25,0.2,218.60131070331,218.689395756523,0.13175287492493,0.255030844049572,0.255030844049572,0.59572920158043,1,18.1320365996172,17.1687374921171,1.12045467432793,6.17941988023336,2458.84082055485,2503.9747624052,19.3809525330176,21.0425563616325,40.4235088946502,0.012,3.53718656487872,98.3825836899951,98.2435404814068,25.4020265777184,1,1
157,normal,0.7,7,0.0227318727027916,2000,0.25,0.2,199.898540765589,197.232303246937,4.43449260241885,13.2002900788512,13.2002900788512,10.3489530695743,0,19.2380928281579,22.8648940616896,13.5065454916938,70.2072997169704,2738.8592107892,2843.08560631003,4.67413264380614,38.9295652405387,43.6036978843449,0.012,6.27364056542745,98.432910003996,98.211471841491,25.4148543423943,0,0
158,normal,0.7,7,0.0227318727027916,6000,0.25,0.2,216.669785789308,216.589417092925,0.630489264845473,1.50772209568482,1.50772209568482,1.55026495776137,1,20.9271350920385,20.5256960347413,3.31921615266328,15.8608244179875,3286.58790446136,3356.65587658348,8.48789368170145,30.9682480424867,39.4561417241882,0.012,5.05565037252713,98.8137216111303,98.6637508285114,25.389163290197,1,0
159,normal,0.7,7,0.0227318727027916,10000,0.25,0.2,217.270807375419,217.222732141056,0.417071285796049,1.16044834992002,1.16044834992002,1.26239448133814,1,20.9808441680201,20.5042466448765,2.79882766878618,13.3399192442994,3303.57504372988,3369.34915828665,12.148147863162,31.0467422302734,43.1948900934354,0.012,5.04508956568714,98.7093558581097,98.5607803735438,25.4237149947982,1,0
160,normal,0.7,7,0.0227318727027916,12000,0.25,0.2,217.733725749581,217.71447325309,0.289063883020702,0.884179542514356,0.884179542514356,1.03887579405006,1,21.0298774483854,20.5547655949159,2.84721794991894,13.5389184121828,3318.4672236107,3386.94935041895,12.2282765529328,30.9621078651373,43.1903844180701,0.012,5.06998066394327,98.7152057272306,98.5665497486611,25.4248614999642,1,1
161,normal,0.7,7,0.0227318727027916,14000,0.25,0.2,218.048192292589,218.013957679514,0.159614291981435,0.651735131775542,0.651735131775542,0.902746509311783,1,21.0620464406772,20.5206756767874,2.34725020053054,11.1444545863183,3328.42345821236,3393.1018788371,13.4167447475841,30.2137521106792,43.6304968582633,0.012,5.05317756278272,98.7061151025577,98.5584207871107,25.4308963856122,1,1
162,normal,0.7,7,0.0227318727027916,16000,0.25,0.2,218.280454462554,218.380808942241,0.110943819258305,0.424436357031498,0.424436357031498,0.735995935345089,1,21.0804511748824,20.4870953067762,1.79652696312279,8.52224152234164,3334.97675953102,3396.12352396767,15.3424501523193,30.8040856648201,46.1465358171393,0.012,5.03665288930717,98.6351714567573,98.4884592137153,25.4543865697211,1,1
163,R7_R8_R12_R15_R20_R30_f17_f18_f19,0.7,7,0.0227318727027916,17000,0.25,0.2,216.863807315122,217.058064710717,0.486172125164261,0.656379718241584,0.656379718241584,1.33724331331054,1,20.9133010861413,20.4798670412862,2.90486103292506,13.8900167934274,3286.22935428645,3351.70031223139,16.5233255193789,30.547059239958,47.0703847593369,0.012,5.03309944834512,98.5878742254121,98.4392363874902,25.4629221354159,1,1
164,R7_R8_R12_R15_R20_R30_f17_f18_f19,0.7,7,0.0227318727027916,18000,0.25,0.2,216.84583787401,216.722219695655,0.476151893575818,1.00969748004118,1.00969748004118,1.48990013833853,1,20.953926669414,20.494095272208,3.01491899790887,14.3883246585456,3291.66727102746,3358.187606675,17.2828933209959,30.3692877055976,47.6521810265935,0.012,5.04009529231608,98.5729972315981,98.4244434375868,25.4696978284626,1,0
165,R7_R8_R12_R15_R20_R30_f17_f18_f19,0.7,7,0.0227318727027916,19000,0.25,0.2,217.265322541404,217.122439633722,0.359113217821962,1.68555358054555,1.68555358054555,1.30798198467165,1,20.9974762728421,20.5093995724594,2.84943602227509,13.570373816593,3309.05403808891,3375.10354256616,17.5584663739385,30.3986081729596,47.957074546898,0.012,5.04762564987355,98.5714353352485,98.4234451470708,25.4721831696,1,0
166,normal,0.7,7,0.0227318727027916,20000,0.25,0.2,216.871488758153,216.764696521198,0.430054783489154,2.13318915279467,2.13318915279467,1.47059249036436,1,20.9376076858886,20.4560579088053,2.7241545352359,13.0108204151323,3286.35384370883,3351.22296844555,19.2548049893728,30.2585150068401,49.5133199962129,0.012,5.02140366202076,98.5157286676481,98.3676581077587,25.486340942139,1,0
167,normal,0.7,7,0.0227318727027916,22000,0.25,0.2,217.92975646,217.901415385511,0.321351609502104,0.760423099659098,0.760423099659098,0.953902097494845,1,21.0605626386167,20.4584528977155,1.8513382157433,8.79054490381317,3325.8890209872,3385.48722937613,20.1703842078026,30.1175224954331,50.2879067032357,0.012,5.02257953961654,98.5105073643864,98.3641756091416,25.4942409399911,1,1
168,normal,0.7,7,0.0227318727027916,24000,0.25,0.2,218.611083825595,218.634332146024,0.0497912338656038,0.103949247190812,0.103949247190812,0.620758115443555,1,21.1063350160815,20.4561851164984,0.826546947300948,3.91610834695451,3344.05860980396,3400.03705201516,22.4271253327849,30.0209437135182,52.448069046303,0.012,5.02146611424538,98.4558231734714,98.3104789167885,25.5143281041476,1,1
169,normal,0.8,7,0.016711269024649,2000,0.25,0.2,200.791544093106,198.838228656821,4.77861446974912,20.3920611085623,20.3920611085623,9.61898697417221,0,21.9029037315607,25.4805003709854,13.6485508432,62.3138877405251,3602.2132303344,3717.61807227626,5.07457311235606,50.5670110725426,55.6415841848987,0.012,7.79107078986942,98.4788465642748,98.2695367485172,25.5347495353591,0,0
170,normal,0.8,7,0.016711269024649,6000,0.25,0.2,215.646076652916,215.525182798611,0.62999364372715,1.85273996983495,1.85273996983495,2.03400781881325,0,23.7985969020143,23.819683011135,4.03518050264853,16.9555395188318,4254.16611314964,4340.27608107186,10.1758298084329,42.8264346132501,53.002264421683,0.012,6.80852758501147,98.7694406214142,98.6135578997837,25.5129647675182,0,0
171,normal,0.8,7,0.016711269024649,10000,0.25,0.2,217.086091181566,217.053667253446,0.376698646780503,1.16736935267355,1.16736935267355,1.33924215752467,1,23.8991117740826,23.7923752536355,2.7173527205173,11.3700992162568,4300.40906964511,4379.3544504906,13.3106335504487,42.1562683435138,55.4669018939625,0.012,6.79292544251771,98.726618887765,98.5728958853706,25.5362097500595,1,0
172,normal,0.8,7,0.016711269024649,12000,0.25,0.2,217.524952152817,217.575978202568,0.293059012388716,0.864507199480935,0.864507199480935,1.10182808974204,1,23.9739042639299,23.8470787251246,2.77943432258304,11.5935823050935,4324.63931398204,4405.74641067965,14.632115013123,42.6558751968475,57.2879902099705,0.012,6.82419796466748,98.6926302918087,98.53917023684,25.548689190917,1,1
173,normal,0.8,7,0.016711269024649,14000,0.25,0.2,217.890559334713,217.874761186166,0.169594873691779,0.66809423002329,0.66809423002329,0.966017642651735,1,24.0204644243165,23.826437897174,2.20231881254221,9.16851054017405,4341.19736689668,4418.25849841528,15.1543412907165,41.8230009341548,56.9773422248713,0.012,6.81238971441467,98.7045229898052,98.5518747159068,25.5542685086536,1,1
174,normal,0.8,7,0.016711269024649,16000,0.25,0.2,217.755366128489,217.913329842226,0.185499747675947,0.489752639489858,0.489752639489858,0.948486435351893,1,23.9977125927263,23.7953913541486,2.02332590838256,8.43132819665415,4334.84153120919,4409.5866045312,17.5441991791518,41.5352127646695,59.0794119438214,0.012,6.79464779636509,98.6554284269524,98.5031057249947,25.5704568452209,1,1
175,R7_R8_R12_R15_R20_R30_f17_f18_f19,0.8,7,0.016711269024649,17000,0.25,0.2,217.239774141518,217.301216912162,0.321426685665101,0.784508503906495,0.784508503906495,1.22671958538097,1,23.9540121432131,23.7945340042511,2.60257618089456,10.8648862885041,4317.38907519068,4394.97400791053,18.7390101620049,41.5062428990753,60.2452530610801,0.012,6.79415818175354,98.623794302044,98.4709657951938,25.5847431539798,1,1
176,R7_R8_R12_R15_R20_R30_f17_f18_f19,0.8,7,0.016711269024649,18000,0.25,0.2,216.072198806717,215.817631078385,0.634113057069477,1.9880098257485,1.9880098257485,1.90107678255208,1,23.8367401689652,23.7501779378935,3.27863723557705,13.7545537365287,4267.40368892627,4349.05911844236,19.7058705574539,41.3865490692596,61.0924196267135,0.012,6.76885142497926,98.5885994097119,98.4346684302304,25.5921943219168,1,0
177,R7_R8_R12_R15_R20_R30_f17_f18_f19,0.8,7,0.016711269024649,19000,0.25,0.2,216.102517999448,216.011077313037,0.441080793981841,1.16120781468999,1.16120781468999,1.81314667589217,1,23.8188114594831,23.7485557423608,3.24567774791277,13.6265310862963,4272.86335796204,4353.83266696557,20.2820969634354,41.4868588175352,61.7689557809706,0.012,6.76792679817619,98.5749897266919,98.4213184967575,25.5991706451664,1,0
178,normal,0.8,7,0.016711269024649,20000,0.25,0.2,216.159535392685,215.881432629252,0.582146920235253,2.17817926290706,2.17817926290706,1.87207607761264,1,23.8370437042387,23.7223541952423,2.99934666630442,12.5827124517588,4277.05854515569,4355.64150133127,21.8481826825949,41.2200617355163,63.0682444181112,0.012,6.75300106277438,98.5468570971332,98.3937617591523,25.6083165465708,1,0
179,normal,0.8,7,0.016711269024649,22000,0.25,0.2,217.746879900498,217.893726392547,0.161333375098792,0.585666539094196,0.585666539094196,0.957397094296691,1,23.9718971991298,23.7824564800091,1.87929899228748,7.83959223868064,4333.4710156159,4406.80755107035,22.9560298228744,41.2419074438352,64.1979372667096,0.012,6.78726283468234,98.540182584125,98.3883322565887,25.6210622952177,1,1
180,normal,0.8,7,0.016711269024649,24000,0.25,0.2,218.193717096459,218.170500879739,0.152149802606399,0.264736485878621,0.264736485878621,0.831590509209728,1,24.0487108758426,23.7909228788972,1.2530975795252,5.2106642472215,4352.22830967825,4422.26767545148,25.0781649407238,41.3534921453889,66.4316570861127,0.012,6.79209613715561,98.4965655292376,98.3453949521428,25.6422833796355,1,1
181,normal,0.9,7,0.0107915159847062,2000,0.25,0.2,200.965408971556,199.937830793579,3.73261901473462,8.72127212391836,8.72127212391836,9.11916782110047,0,24.2305132857003,28.1610427718593,13.5094810116643,55.7540026180003,4490.42765277203,4624.52831886184,5.53787286354209,61.3403712365105,66.8782441000526,0.012,9.51653195998187,98.5325048260211,98.3271787495453,25.6332684560574,0,0
182,normal,0.9,7,0.0107915159847062,6000,0.25,0.2,216.15487958543,216.144529266684,0.487549554722668,1.54655537251349,1.54655537251349,1.75248669696166,1,26.7814719225648,27.2017968942748,3.61212949050431,13.4874195897385,5404.68440295379,5504.40395970598,10.596813203263,56.4227737969987,67.0195870002618,0.012,8.87925305132855,98.7751605875737,98.6151320637551,25.6357449574712,1,0
183,normal,0.9,7,0.0107915159847062,10000,0.25,0.2,216.670477284638,216.662719947547,0.385213491406588,1.23170185636377,1.23170185636377,1.51694547838789,1,26.8641645173433,27.1833098030027,2.91194340739653,10.8395085412636,5432.83379357883,5528.58353121229,15.0693621024941,55.7123834899252,70.7817455924193,0.012,8.86718798215226,98.7139046125472,98.555116859011,25.673514250497,1,0
184,normal,0.9,7,0.0107915159847062,12000,0.25,0.2,217.273430169597,217.266386306655,0.282322955275292,0.862161916747635,0.862161916747635,1.24255167879317,1,26.9356622101884,27.2430894721071,2.76020871910969,10.2474136242533,5463.73041943735,5560.95906412826,15.8729218379135,55.4417225817307,71.3146444196441,0.012,8.90623108782281,98.7115796963367,98.5530017989044,25.6757642791143,1,1
185,normal,0.9,7,0.0107915159847062,14000,0.25,0.2,217.532613579682,217.509384041865,0.238299703927772,0.938327920202016,0.938327920202016,1.13209816278885,1,26.9730210615945,27.2260708854385,2.21767379021862,8.22182203897159,5475.71060330825,5568.97423428494,17.221590438662,56.1398290863552,73.3614195250172,0.012,8.89510723030703,98.6779515705842,98.5200249510223,25.6959964470587,1,1
186,normal,0.9,7,0.0107915159847062,16000,0.25,0.2,217.569052087245,217.535529593795,0.196070568951232,0.862809673142016,0.862809673142016,1.12021382100234,1,26.9747346685114,27.2194085091188,2.08061418064341,7.71319609335097,5476.28739628167,5567.66941799535,19.7959898487216,55.997521994544,75.7935118432656,0.012,8.89075439503548,98.6348629802503,98.4771678156704,25.7207693453944,1,1
187,R7_R8_R12_R15_R20_R30_f17_f18_f19,0.9,7,0.0107915159847062,17000,0.25,0.2,217.348525056648,217.511042617018,0.207822007444468,1.18126196728462,1.18126196728462,1.13134426499169,1,26.9579221805738,27.2073675178695,2.28178629239577,8.46425135109283,5466.39173202961,5558.66731101525,21.3883715053326,55.5812153382216,76.9695868435541,0.012,8.88289016702904,98.6114997306508,98.453733773619,25.7331928342323,1,0
188,R7_R8_R12_R15_R20_R30_f17_f18_f19,0.9,7,0.0107915159847062,18000,0.25,0.2,216.251732362891,216.097013594207,0.465532399161315,1.61929198526291,1.61929198526291,1.77408472990588,1,26.8147198263375,27.1581583955544,3.16703844478553,11.8108205690625,5410.62612386482,5508.3691203829,21.9129959567237,55.1724853173511,77.0854812740747,0.012,8.85078680925623,98.5953073554031,98.4365452085249,25.7352390565318,1,0
189,R7_R8_R12_R15_R20_R30_f17_f18_f19,0.9,7,0.0107915159847062,19000,0.25,0.2,216.089666801124,216.071466353141,0.480503194375128,1.36490719913927,1.36490719913927,1.78569711220883,1,26.792937040689,27.1275256550942,3.08063802830041,11.4979482227798,5407.9304013233,5504.12042034437,22.6836578539956,55.1038575247507,77.7875153787463,0.012,8.8308317780135,98.5819993561479,98.4235584918466,25.7424916043823,1,0
190,normal,0.9,7,0.0107915159847062,20000,0.25,0.2,216.246363675643,216.219668686758,0.383671518522693,1.56063943167446,1.56063943167446,1.71833241510983,1,26.7398540903612,27.1209309483347,2.83892660353411,10.6168365539341,5398.98724387314,5493.1342577358,24.7589986447213,54.9584952326401,79.7174938773614,0.012,8.82653874605207,98.5449572902136,98.386450515505,25.7591552651926,1,0
191,normal,0.9,7,0.0107915159847062,22000,0.25,0.2,217.701531224817,217.674992644614,0.179088342561476,0.505890266779891,0.505890266779891,1.0568215251754,1,26.9479049964171,27.2090064890304,1.68951267571631,6.26955110588724,5477.35611026232,5566.28707020958,25.9794526027747,55.2334361960577,81.2128887988324,0.012,8.88396040944121,98.5389604984206,98.381722308852,25.7730476777578,1,1
192,normal,0.9,7,0.0107915159847062,24000,0.25,0.2,217.834361670938,217.795681994784,0.163841126174052,0.745242384429405,0.745242384429405,1.00196272964359,1,27.0075798412717,27.2011675215827,1.22840967023689,4.54838855408913,5490.64221374143,5576.37066397632,28.4044180879793,55.1278038280903,83.5322219160697,0.012,8.87884217444648,98.5014422695185,98.344793440223,25.7954402618024,1,1
193,normal,0.95,7,0.0073236380076933,2000,0.25,0.2,198.956229546031,192.069987054813,7.45114244898512,13.5592645345641,13.5592645345641,12.6954604296306,0,25.4878980455934,30.4163076958965,16.1700533181178,63.4420825491079,4900.26435249973,5048.16082347224,5.33519413162701,73.2390108453287,78.5742049769557,0.012,11.1018212862174,98.4218366578896,98.2028637727851,25.7123923258412,0,0
194,normal,0.95,7,0.0073236380076933,6000,0.25,0.2,216.044773699585,216.059452844746,0.604153482078429,1.45181606121534,1.45181606121534,1.79115779784254,1,28.2771942059402,28.9381815435813,3.33535223984763,11.7952022239426,6015.96892894891,6124.53797760405,10.8767077702046,64.1146586920196,74.9913664622242,0.012,10.0490202125912,98.7688088113344,98.606125933015,25.7079174448106,1,0
195,normal,0.95,7,0.0073236380076933,10000,0.25,0.2,216.531096623023,216.49183746382,0.390247123646588,1.30237158691481,1.30237158691481,1.59461933462726,1,28.3418706140346,28.9561153874456,2.89084991312331,10.1999262945326,6045.88563728506,6150.86707516972,15.7501358117387,64.3240888399897,80.0742246517284,0.012,10.0614794199727,98.69287056304,98.5310399189099,25.7557590547532,1,0
196,normal,0.95,7,0.0073236380076933,12000,0.25,0.2,217.060528690042,217.068289728811,0.321217066172558,0.830847602987477,0.830847602987477,1.33259557781307,1,28.4074987577568,29.0154614295661,2.77106048311346,9.75467958915886,6074.96811126469,6181.5202094999,16.4052622790457,63.4774105830959,79.8826728621415,0.012,10.1027640236476,98.7021184482952,98.5403712098887,25.7557895754534,1,1
197,normal,0.95,7,0.0073236380076933,14000,0.25,0.2,217.558017427057,217.563414821985,0.16362743442132,0.549506621773491,0.549506621773491,1.10753871727972,1,28.4677148714228,29.027492922339,2.12349035753584,7.45929333326119,6102.39680028678,6204.61808705319,18.1813865044308,64.5290592422,82.7104457466308,0.012,10.1111441442773,98.6627483977796,98.5017220694258,25.7805545809704,1,1
198,normal,0.95,7,0.0073236380076933,16000,0.25,0.2,217.751809789093,217.737845887582,0.120822368801996,0.344023759756111,0.344023759756111,1.02825186928108,1,28.4669716750758,29.0163467865761,1.53508120745487,5.39249915648354,6113.06665561311,6211.99677528097,20.7979316035492,64.3986260604348,85.196557663984,0.012,10.1033805700661,98.6254769322883,98.4649756615774,25.8037176726934,1,1
199,R7_R8_R12_R15_R20_R30_f17_f18_f19,0.95,7,0.0073236380076933,17000,0.25,0.2,216.965624322269,216.894235110974,0.284521115014492,0.432854790566149,0.432854790566149,1.41171131319368,1,28.3929129480784,28.9623796239045,2.32734859167787,8.19693490391019,6069.16012401553,6170.14639938468,22.4851251423698,63.6248377566207,86.1099628989905,0.012,10.0658332017499,98.6010368077584,98.440055864808,25.8135419002388,1,1
200,R7_R8_R12_R15_R20_R30_f17_f18_f19,0.95,7,0.0073236380076933,18000,0.25,0.2,215.904497450228,215.691018705211,0.460596269928189,1.71617382844409,1.71617382844409,1.95862786126757,1,28.2893451867229,28.8922653462274,3.10324854647778,10.969672595795,6011.75115643595,6117.16920667945,23.5710185604929,63.4413406093948,87.0123591698877,0.012,10.0171559620417,98.5732786826832,98.4116385847092,25.8240498735631,1,0
201,R7_R8_R12_R15_R20_R30_f17_f18_f19,0.95,7,0.0073236380076933,19000,0.25,0.2,216.03659174389,215.851076033986,0.466937340875898,1.53216992813257,1.53216992813257,1.88587453000635,1,28.2703315354955,28.9063179004287,3.06556979372227,10.8437702255922,6020.25573014226,6125.64956321544,24.0293824123138,63.4635683781731,87.4929507904868,0.012,10.0269025747277,98.5675089896278,98.405958962795,25.8284357847984,1,0
202,normal,0.95,7,0.0073236380076933,20000,0.25,0.2,215.891717783758,215.937712553619,0.451740104531201,1.28898738715456,1.28898738715456,1.84649429380961,1,28.2478544080776,28.8696062698312,2.90219567623617,10.2740393458212,6001.03748581916,6104.92949222304,26.2768607291987,63.289125234443,89.5659859636417,0.012,10.0014499941009,98.5294398760551,98.3679088019235,25.8471818359679,1,0
203,normal,0.95,7,0.0073236380076933,22000,0.25,0.2,217.406543249067,217.3399081922,0.259592368406399,0.251851481685548,0.251851481685548,1.20913263990903,1,28.3906083265243,28.9820245729322,1.75977434341688,6.19843831163273,6081.85147263693,6180.31664818156,27.6604597397479,63.56290060407,91.2233603438179,0.012,10.0794929801526,98.5222378990703,98.3616314912498,25.8603840781564,1,1
204,normal,0.95,7,0.0073236380076933,24000,0.25,0.2,217.770894397327,217.752482463134,0.114387018253149,0.576076285582054,0.576076285582054,1.02159888039384,1,28.4901296383045,28.999900071631,1.12606041583954,3.95245802716733,6113.39378199424,6208.45613743351,30.6720084442253,63.6343458477993,94.3063542920246,0.012,10.091930449975,98.4808165307346,98.3209749759805,25.8896828021231,1,1
205,normal,0.99,7,0.0031749691584632,2000,0.25,0.2,202.216080213076,201.179580944841,2.636543498626,11.9610153239137,11.9610153239137,8.55473593416309,0,27.4695006512196,30.4011978684152,11.3756472716008,41.411918680421,5630.38582206484,5771.23536627851,6.24320297703482,73.1376460162553,79.3808489932901,0.012,11.0907939820144,98.6097356763165,98.4185649873612,25.7422193999697,0,0
206,normal,0.99,7,0.0031749691584632,6000,0.25,0.2,215.572534876577,215.472027771784,0.562949301011305,1.68273420914087,1.68273420914087,2.05816919464385,0,29.4145296979967,30.4955522193378,3.76000541505716,12.7828167020234,6505.07383689163,6623.76788272224,11.4599889342443,72.0714015954401,83.5313905296844,0.012,11.1597444619483,98.732184010934,98.5652347410091,25.7791880717727,0,0
207,normal,0.99,7,0.0031749691584632,10000,0.25,0.2,216.427400477784,216.363585742322,0.413650146614607,1.07940899286136,1.07940899286136,1.65291557167169,1,29.5349120001927,30.5155241402736,2.80773908930832,9.50650907404091,6559.37128121904,6672.65855364454,16.4559237488307,71.5375445670025,87.9934683158332,0.012,11.1743665626675,98.6762653828799,98.5106667821662,25.8252724485275,1,0
208,normal,0.99,7,0.0031749691584632,12000,0.25,0.2,217.098803323488,217.07632796694,0.212409882307844,0.842147395152437,0.842147395152437,1.32894183320917,1,29.6269621155547,30.6082606536765,2.78376783702563,9.39606236430195,6599.24365151518,6715.08013047404,17.1745244089083,71.9870163932696,89.1615408021779,0.012,11.2423874429208,98.66692375479,98.501355078013,25.8331790568777,1,1
209,normal,0.99,7,0.0031749691584632,14000,0.25,0.2,217.412438256448,217.444677385823,0.171850553718467,0.622116031775865,0.622116031775865,1.16151027917153,1,29.6632111455311,30.59656704457,2.07748169471983,7.00356304827373,6617.8253298563,6729.03561073693,18.9042694931534,71.7204153509147,90.6246848440681,0.012,11.2337989789544,98.6490965178919,98.4841774308537,25.8496181331228,1,1
210,normal,0.99,7,0.0031749691584632,16000,0.25,0.2,217.642030424817,217.637218795429,0.0944643688815071,0.346584527617143,0.346584527617143,1.07399145662321,1,29.6965950411951,30.6008642375501,1.6112718855484,5.42577990275735,6632.33983592223,6740.72072735177,21.9888474934528,72.2939331568753,94.2827806503281,0.012,11.2369547050197,98.5983637551177,98.4339279523551,25.8810076117069,1,1
211,R7_R8_R12_R15_R20_R30_f17_f18_f19,0.99,7,0.0031749691584632,17000,0.25,0.2,216.9981737986,216.948597541054,0.24752821745683,1.68909465169373,1.68909465169373,1.38700111770291,1,29.6494823526515,30.5661206484606,2.47633183603837,8.35202384508717,6593.11326291375,6705.23441755931,23.7038202370174,71.6082576708267,95.3120779078442,0.012,11.211452777955,98.5749698463983,98.4100103637325,25.8943271030647,1,0
212,R7_R8_R12_R15_R20_R30_f17_f18_f19,0.99,7,0.0031749691584632,18000,0.25,0.2,216.303509914946,216.276446460703,0.290710544832391,1.84801838261467,1.84801838261467,1.69252433604409,1,29.5057385377879,30.51464539457,3.00151030950576,10.1726323700108,6549.860426107,6664.58935371107,24.7348272038236,71.5745440204399,96.3093712242635,0.012,11.1737230026762,98.5509041423688,98.385495747686,25.9032960538643,1,0
213,R7_R8_R12_R15_R20_R30_f17_f18_f19,0.99,7,0.0031749691584632,19000,0.25,0.2,215.738740444721,215.505098729753,0.561850039359919,1.39713073039596,1.39713073039596,2.04313694102117,0,29.3471053351089,30.4468800181562,3.11827703276969,10.6255012109804,6501.04794459329,6616.25728384234,25.6203935819009,71.2134209829521,96.833814564853,0.012,11.12415003408,98.5323499556438,98.3665022231441,25.9085608755886,0,0
214,normal,0.99,7,0.0031749691584632,20000,0.25,0.2,216.066069825391,216.106388236635,0.368584583141914,2.05998776634664,2.05998776634664,1.76982352880247,1,29.4730491396041,30.4552706026016,2.73148121529331,9.26772524401933,6527.32947441988,6639.15718276339,27.5816555254431,71.355614108115,98.9372696335581,0.012,11.1302820897323,98.5068927428503,98.3417060740866,25.924647447372,1,0
215,normal,0.99,7,0.0031749691584632,22000,0.25,0.2,217.220449097409,217.135967240846,0.240648468462456,0.328565632961494,0.328565632961494,1.30183307234271,1,29.646304639419,30.548159357713,1.75283597356092,5.9124939680687,6605.32583976881,6712.50838284828,29.1033631239862,71.3527176654837,100.45608078947,0.012,11.1982804817307,98.5019482891101,98.3377297843767,25.9433616032298,1,1
216,normal,0.99,7,0.0031749691584632,24000,0.25,0.2,217.712477700752,217.699611306255,0.102907682217086,0.454223962350436,0.454223962350436,1.04563122442961,1,29.7068225605949,30.5870242639796,1.06896857601573,3.59839418650474,6636.02911607839,6740.37849379944,32.2113542235647,71.6996502586055,103.91100448217,0.012,11.2267926399033,98.4582800051119,98.2945496889294,25.9738195564172,1,1
217,normal,0.6,8,0.033953054526271,2000,0.25,0.2,200.244009212264,195.317501563904,7.13359318935947,32.7084339150782,32.7084339150782,11.2193174709528,0,14.387919598763,20.4819353760746,15.6082565539388,108.481677610158,1735.58082433441,1836.12291553784,3.97954556706789,30.329862660362,34.3094082274299,0.012,5.03411612099635,98.0614951370307,97.783368943154,25.3512423536396,0,0
218,normal,0.6,8,0.033953054526271,6000,0.25,0.2,217.013851330379,217.003429671287,0.512212686767231,1.81504326521546,1.81504326521546,1.36207742214228,1,15.7408050012177,15.0806832082367,3.41418989978826,21.6900590505005,2118.68464733783,2172.80660919307,6.87366404177006,16.4028452632953,23.2765093050654,0.012,2.7291240723263,98.9133085241589,98.7874410766333,25.241223428545,0,0
219,normal,0.6,8,0.033953054526271,10000,0.25,0.2,217.510806817551,217.509259465008,0.460100966449999,1.17546846496851,1.17546846496851,1.13215478863255,1,15.7820524497321,14.9894396510477,2.81399455050985,17.8303459545124,2128.50555660741,2177.71366527889,9.07062881383831,15.9468108469551,25.0174396607934,0.012,2.6961996126288,98.8383017175045,98.7147114112347,25.2591247349108,1,0
220,normal,0.6,8,0.033953054526271,12000,0.25,0.2,218.107835163047,218.134887405885,0.301038619131998,0.817537474727789,0.817537474727789,0.847778451870534,1,15.8283906266918,15.0274026301064,2.80068877434886,17.694084259116,2140.76756448281,2191.86605049015,9.39416930025465,16.1081525317025,25.5023218319572,0.012,2.70987395768796,98.8227541732881,98.6992872729204,25.262848271324,1,0
221,normal,0.6,8,0.033953054526271,14000,0.25,0.2,218.298863807519,218.257349601246,0.217607622811774,1.19708576352343,1.19708576352343,0.792113817615542,1,15.8532885010142,14.954405497067,2.30065145508831,14.5121402095289,2144.43204443642,2191.28099289133,10.2373727052128,15.7884355585588,26.0258082637715,0.012,2.6836109252485,98.8009069961256,98.6788978228263,25.2690664235857,1,0
222,normal,0.6,8,0.033953054526271,16000,0.25,0.2,218.33778282674,218.690864611751,0.097248661986066,0.341449113029999,0.341449113029999,0.595061540113345,1,15.8425960955899,14.9237467215111,2.07418729271743,13.0924709574261,2145.11611619309,2189.71593870818,11.8100472470958,16.0385664498563,27.8486136969521,0.012,2.67261859449376,98.718404706994,98.5971360386553,25.2826385024757,1,1
223,R7_R8_R12_R15_R20_R30_f17_f18_f19,0.6,8,0.033953054526271,17000,0.25,0.2,217.918937228265,217.808274236041,0.301299354107166,1.70517774221711,1.70517774221711,0.996238983617934,1,15.8497056888761,14.975488754721,2.58627081152145,16.3174689946236,2138.44802311333,2185.89513670108,12.739268089231,16.0979541925826,28.8372222818136,0.012,2.69118316131329,98.6694311538786,98.5470623077643,25.2942740587463,1,0
224,R7_R8_R12_R15_R20_R30_f17_f18_f19,0.6,8,0.033953054526271,18000,0.25,0.2,217.309444830982,217.144320977272,0.4228683531882,2.08084259124353,2.08084259124353,1.29803591942204,1,15.8004348550482,15.0220736044423,3.0558759383748,19.3404546546291,2125.2611435218,2175.15757194662,13.4620987007331,16.302259417657,29.7643581183901,0.012,2.70795234452738,98.6188396334179,98.4950731332014,25.3032917059726,1,0
225,R7_R8_R12_R15_R20_R30_f17_f18_f19,0.6,8,0.033953054526271,19000,0.25,0.2,215.554280536936,215.68902822888,0.788775632226018,2.04476850551378,2.04476850551378,1.95953262323617,1,15.6608111429039,15.011753027698,3.5442997269381,22.6316484797408,2093.21980045017,2144.38671785741,13.7836312252276,16.2454524516911,30.0290836769187,0.012,2.70423274757519,98.58570119116,98.4602992340389,25.3064904364967,0,0
226,normal,0.6,8,0.033953054526271,20000,0.25,0.2,217.541883855039,217.83262653985,0.394582728190539,1.32123413522795,1.32123413522795,0.985169754613651,1,15.7808509160361,14.9393087705335,2.5261211988538,16.0075094321234,2129.83406952085,2176.73974394396,14.7153868449589,16.0473087335814,30.7626955785402,0.012,2.67819535849608,98.5761944998041,98.454154393302,25.3112471586831,1,0
227,normal,0.6,8,0.033953054526271,22000,0.25,0.2,218.659098249222,218.616626208264,0.206783415055551,0.806610181511926,0.806610181511926,0.628806268970963,1,15.8760799889679,14.8855496739238,1.58151907012813,9.96164715236448,2151.423748742,2193.53459629202,15.6528960042649,15.9115500360354,31.5644460403003,0.012,2.65895506913824,98.5540716108431,98.434175383169,25.3188871938326,1,1
228,normal,0.6,8,0.033953054526271,24000,0.25,0.2,218.710341826143,218.68651663062,0.244532601452888,0.307128646960574,0.307128646960574,0.597037895172628,1,15.8711838388071,14.8539610327193,1.2065709640071,7.60227451374408,2152.62087270935,2191.78495160216,17.3610948312759,15.7776681369394,33.1387629682154,0.012,2.64768190033851,98.4838789029086,98.3647265031008,25.333164629197,1,1
229,normal,0.7,8,0.0259792830889047,2000,0.25,0.2,198.055952410174,194.257120923951,5.52109390448804,23.1430008495791,23.1430008495791,11.7013086709315,0,16.5462686875869,22.0992424950918,15.551843052515,93.9900309015415,2320.43850639295,2427.01018342127,3.98070070249442,36.2180426580054,40.1987433604998,0.012,5.86051822628246,98.297123229556,98.0536951181618,25.3841264142586,0,0
230,normal,0.7,8,0.0259792830889047,6000,0.25,0.2,216.630398256378,216.560656999085,0.492414695278523,2.2232127553072,2.2232127553072,1.56333772768841,1,18.3063890255224,17.9596838683358,3.8098959755543,20.8118377154699,2873.83875553876,2936.289333023,7.454071030041,23.5446699063483,30.9987409363893,0.012,3.87060293580674,98.932858000697,98.801208554435,25.3142043831822,0,0
231,normal,0.7,8,0.0259792830889047,10000,0.25,0.2,217.428828099772,217.398839269899,0.366499350001018,0.896654458674382,0.896654458674382,1.1823457864095,1,18.3759657748256,17.8257774080013,2.71568920729173,14.7784842471362,2895.85930915501,2952.13870029885,11.034473661711,23.2049839789426,34.2394576406536,0.012,3.81310008239529,98.8314572181436,98.7030095159764,25.3424539116029,1,1
232,normal,0.7,8,0.0259792830889047,12000,0.25,0.2,217.949945546575,217.949498439868,0.28589899028493,0.850802468887777,0.850802468887777,0.932046163696379,1,18.417683702127,17.8706074378192,2.73108738834007,14.8286148926787,2908.73834260107,2967.80335477087,10.8383975930142,23.0729254382914,33.9113230313056,0.012,3.83230332235968,98.8475922422108,98.7190274112876,25.3421266699258,1,1
233,normal,0.7,8,0.0259792830889047,14000,0.25,0.2,218.206257944615,218.179404157473,0.18926376520056,0.685048334521544,0.685048334521544,0.82754356478507,1,18.4429529684837,17.8252916875132,2.25835414534428,12.2450789155266,2916.44115937225,2971.837996064,11.7969780249622,23.0954852190079,34.8924632439702,0.012,3.81289228493914,98.8177391069384,98.6902390343849,25.3489434590688,1,1
234,normal,0.7,8,0.0259792830889047,16000,0.25,0.2,218.355297945101,218.324808721065,0.111288086365962,0.597890463652284,0.597890463652284,0.761450581334086,1,18.4519772281618,17.8034832457709,1.97410372539681,10.6986026537248,2920.34904932159,2973.03440655071,13.639472792703,22.8595217766259,36.498994569329,0.012,3.80356818818933,98.7656114204198,98.6387266035258,25.364477245468,1,1
235,R7_R8_R12_R15_R20_R30_f17_f18_f19,0.7,8,0.0259792830889047,17000,0.25,0.2,217.271921790687,217.277032563466,0.591534143252056,1.02467688748979,1.02467688748979,1.23771247115185,1,18.3698735485641,17.8116930182597,2.71369740153732,14.7725426327141,2893.47922468212,2948.80692507333,14.7609279083779,22.8045576616069,37.5654855699847,0.012,3.80707689812068,98.7183584938643,98.5903014711255,25.3763178639703,1,0
236,R7_R8_R12_R15_R20_R30_f17_f18_f19,0.7,8,0.0259792830889047,18000,0.25,0.2,217.317134439232,217.339416253382,0.378252849981423,1.13277402362216,1.13277402362216,1.2093562484627,1,18.3447399809729,17.8334640096895,2.83072097830612,15.4306955630994,2896.88227858506,2953.84260278358,15.3307834353601,22.8892969264567,38.2200803618168,0.012,3.81638926301871,98.697828024794,98.5696620687305,25.3818551972702,1,0
237,R7_R8_R12_R15_R20_R30_f17_f18_f19,0.7,8,0.0259792830889047,19000,0.25,0.2,217.11206407356,217.332339827845,0.349991298113035,1.64934645314205,1.64934645314205,1.21257280552489,1,18.3738738411616,17.8478156348375,3.01674912250907,16.418688560661,2887.36319765313,2945.68997110645,15.7093351925502,22.9674263545875,38.6767615471378,0.012,3.82253427522181,98.6781875132796,98.5494440125774,25.3866926601267,1,0
238,normal,0.7,8,0.0259792830889047,20000,0.25,0.2,216.592413027939,216.307814786368,0.620467454664565,1.69363002319791,1.69363002319791,1.67826600619633,1,18.2927020082997,17.7797027956796,2.86315402669434,15.6518923524544,2869.81839631607,2925.99207962765,16.9237197688856,22.7111241321452,39.6348439010308,0.012,3.79341397803235,98.6377219144421,98.5092831801068,25.3946459044984,1,0
239,normal,0.7,8,0.0259792830889047,22000,0.25,0.2,218.345953347618,218.323887297172,0.2472910187965,0.162118270004233,0.162118270004233,0.761869410376322,1,18.4366401278292,17.7596875125219,1.54125612253473,8.35974511542523,2920.14158083639,2969.96468904988,18.0787410876838,22.5842322704884,40.6629733581722,0.012,3.78487800650911,98.626624195759,98.5007080278337,25.4048203016133,1,1
240,normal,0.7,8,0.0259792830889047,24000,0.25,0.2,218.200969742915,218.224397716876,0.23278333493454,0.548557785231096,0.548557785231096,0.807091946874553,1,18.4455182459861,17.74103878291,1.45918038926524,7.91075842817683,2915.98726795331,2963.92565307524,19.4962267039865,22.5196975345031,42.0159242384896,0.012,3.77693348516062,98.5795848919501,98.4538738265325,25.4180238409182,1,1
241,normal,0.8,8,0.0190985931710274,2000,0.25,0.2,203.927154257205,201.933912038585,3.86430057007243,9.1386373104253,9.1386373104253,8.21185816427944,0,19.2739882300706,22.3936273479269,11.6608435266042,60.5004184261739,3223.08773655746,3324.17695319829,4.78152774621383,38.6344079089142,43.415935655128,0.012,6.01769454957382,98.6708744268541,98.4894329275652,25.4222289989718,0,0
242,normal,0.8,8,0.0190985931710274,6000,0.25,0.2,216.440042348624,216.367423361821,0.63767825819306,1.55414309242532,1.55414309242532,1.65117119917211,1,20.8909426078444,20.7577393131875,3.37690009465046,16.1644218647293,3749.16399576756,3820.32879611319,8.3146905213408,31.7828027451303,40.097493266471,0.012,5.17060489673099,98.9418124512517,98.8069862091982,25.3956630373174,1,0
243,normal,0.8,8,0.0190985931710274,10000,0.25,0.2,217.120313372365,217.06985506852,0.428881409134853,1.11181925517238,1.11181925517238,1.33188405976355,1,20.9436654833065,20.7468184114816,2.87230817698495,13.7144483102749,3770.0812832623,3837.77363531467,11.4638737239706,31.2094947093043,42.6733684332749,0.012,5.16516569038793,98.8807732904005,98.7470000311212,25.4186410484251,1,0
244,normal,0.8,8,0.0190985931710274,12000,0.25,0.2,217.547746017745,217.517588221464,0.288285095242864,0.925239957562827,0.925239957562827,1.12836899024363,1,20.9834493380919,20.7913043237331,2.90186917823155,13.8293239184641,3785.7576249077,3855.17380623264,12.5212347713774,31.474758800201,43.9959935715784,0.012,5.18734002578501,98.8512056399845,98.7174943726765,25.4334412702365,1,1
245,normal,0.8,8,0.0190985931710274,14000,0.25,0.2,218.008238234743,218.005289370491,0.181212057563048,0.630618865681855,0.630618865681855,0.906686649776896,1,21.0206222907877,20.7525214934571,2.23186250950245,10.6174901895295,3802.6922449109,3867.45811476702,13.3964103410438,31.4990250672232,44.8954354082669,0.012,5.1680057800368,98.8331536760575,98.700580953811,25.44112101086,1,1
246,normal,0.8,8,0.0190985931710274,16000,0.25,0.2,218.048254838172,218.324169096656,0.0985955712574341,0.327775862035461,0.327775862035461,0.761741319701912,1,21.0299028528503,20.715831515661,1.82601555580365,8.68294812667741,3803.08986714024,3865.0439611385,15.4040549701365,31.3445359096509,46.7485908797874,0.012,5.14974810462305,98.7856999354765,98.6537354666363,25.458421765106,1,1
247,R7_R8_R12_R15_R20_R30_f17_f18_f19,0.8,8,0.0190985931710274,17000,0.25,0.2,217.952442983177,218.10820477847,0.169658083057748,0.70844430487426,0.70844430487426,0.859906918877093,1,21.0263946568873,20.7539731374817,2.30037630360905,10.9404219845914,3800.78316711363,3865.0801790868,16.634989512004,31.2802436717937,47.9152331837977,0.012,5.16872881189574,98.7550275911437,98.6225793412872,25.4710197691833,1,1
248,R7_R8_R12_R15_R20_R30_f17_f18_f19,0.8,8,0.0190985931710274,18000,0.25,0.2,216.763474585991,216.638359854944,0.384969386242089,0.973518166436218,0.973518166436218,1.52801824775273,1,20.9075968721224,20.7360143189586,3.04250197456073,14.5521362075692,3764.34516298188,3832.91797126355,17.6248208520762,31.1780004213271,48.8028212734033,0.012,5.15978747803266,98.7201435277384,98.5867402007005,25.4794690974658,1,1
249,R7_R8_R12_R15_R20_R30_f17_f18_f19,0.8,8,0.0190985931710274,19000,0.25,0.2,216.533249683908,216.305269905291,0.445648759277511,1.64624039023054,1.64624039023054,1.67942277032243,1,20.8871295730121,20.7251544146137,3.1182699994044,14.9291456660156,3751.96114446061,3820.36079869836,17.8190176198603,31.0476233259571,48.8666409458175,0.012,5.15438430611496,98.7143158357912,98.5806285252247,25.4797275611718,1,0
250,normal,0.8,8,0.0190985931710274,20000,0.25,0.2,216.870594043493,216.858862352843,0.45611612174801,1.10296413555489,1.10296413555489,1.42778983961701,1,20.905473569428,20.6891692116401,2.62804743958987,12.5710973772587,3763.47146771633,3828.27197473826,19.3457704559355,31.0132109634757,50.3589814194112,0.012,5.13650067201453,98.6795694750714,98.5468457093032,25.4928213847536,1,0
251,normal,0.8,8,0.0190985931710274,22000,0.25,0.2,217.663732108005,217.579352734557,0.302317462725474,0.480234844278454,0.480234844278454,1.10029421156522,1,21.0008134482358,20.6912917952006,1.96125490967867,9.33894734369648,3793.60370536678,3854.52490286221,20.3112323573035,30.8135112499212,51.1247436072247,0.012,5.13755467384965,98.6702638616553,98.5385907398397,25.5008234187925,1,1
252,normal,0.8,8,0.0190985931710274,24000,0.25,0.2,218.238807496475,218.203853028263,0.198927169151192,0.462887380377032,0.462887380377032,0.81643044169845,1,21.058446162696,20.6947293571052,1.30527663575948,6.19835208008706,3813.41082788664,3870.79622648296,22.3751223575847,30.7881343471284,53.1632567047131,0.012,5.13926187796597,98.6250552674893,98.4941416534402,25.5187831909815,1,1
253,normal,0.9,8,0.0123331611253785,2000,0.25,0.2,199.613214903605,196.939394977868,4.75713276717996,19.0082768416951,19.0082768416951,10.4820931918783,0,21.8183367707004,24.664528789088,12.1794574042878,55.8221166548474,3961.31837774118,4071.80865779182,5.11648207339591,46.0912231683327,51.2077052417286,0.012,7.300067764653,98.7238038038207,98.5445198172189,25.4904232488072,0,0
254,normal,0.9,8,0.0123331611253785,6000,0.25,0.2,215.885740325467,215.917066953429,0.709539111178804,2.05946174610643,2.05946174610643,1.8558786575323,1,23.4172506208035,23.7598461637491,3.72135008763961,15.8914902005346,4718.47463776634,4802.01836636779,9.67205637420009,42.5565262905802,52.2285826647803,0.012,6.77436347670026,98.9052225583619,98.7649770175747,25.5011599430182,1,0
255,normal,0.9,8,0.0123331611253785,10000,0.25,0.2,216.801063010837,216.760491287243,0.348414248280238,1.18118710995904,1.18118710995904,1.47250396034396,1,23.5172248930552,23.7586333291934,2.9995556609382,12.7547177635912,4759.27431371964,4839.38902651522,13.1022823035472,41.7140532193038,54.816335522851,0.012,6.77367189205273,98.8613356183587,98.7224281101442,25.5298371377561,1,0
256,normal,0.9,8,0.0123331611253785,12000,0.25,0.2,217.274504243758,217.241567483129,0.260378966702754,0.918597126325112,0.918597126325112,1.25383296221426,1,23.5698212627964,23.802014692756,2.93294197311139,12.4436326453645,4779.34826000717,4861.24497696265,13.889756127653,41.7686763121599,55.6584324398129,0.012,6.79843084121007,98.8488447694031,98.7100500393827,25.5371181457577,1,1
257,normal,0.9,8,0.0123331611253785,14000,0.25,0.2,217.751975088893,217.743318854602,0.224160428853447,0.542014272894637,0.542014272894637,1.0257641569992,1,23.6156592562346,23.7709740705936,2.15464440821974,9.12379529549195,4800.42833591503,4877.19977308336,15.1781229543348,41.6830513612258,56.8611743155606,0.012,6.780710499178,98.8293641094319,98.6915919810633,25.5487966585149,1,1
258,normal,0.9,8,0.0123331611253785,16000,0.25,0.2,218.10502144696,218.111203902876,0.0912634293329126,0.382256104045891,0.382256104045891,0.858543680510864,1,23.654722461541,23.768549779981,1.64199605360566,6.94151477057191,4816.11740406398,4889.91493879153,17.3751658453499,41.889981917142,59.265147762492,0.012,6.77932750372124,98.7844000520474,98.6472288937033,25.5715737105855,1,1
259,R7_R8_R12_R15_R20_R30_f17_f18_f19,0.9,8,0.0123331611253785,17000,0.25,0.2,217.338282818603,217.263046971555,0.343267915087922,1.30645165999775,1.30645165999775,1.24406955838392,1,23.5904570442427,23.7520255627118,2.43698712526534,10.3303938566976,4782.06501315102,4858.50567265359,18.7633602533621,41.6005458584049,60.363906111767,0.012,6.76990461998058,98.7534374356711,98.6155690213998,25.5837294328123,1,0
260,R7_R8_R12_R15_R20_R30_f17_f18_f19,0.9,8,0.0123331611253785,18000,0.25,0.2,216.779026370654,216.64874909708,0.3742801052665,1.60829819551447,1.60829819551447,1.52329586496342,1,23.5332669896763,23.747382539169,2.93770335260809,12.4831939139466,4757.78781291397,4837.29688031747,19.5502578660586,41.4583229301126,61.0085807961711,0.012,6.76725812953956,98.733945661705,98.5954834747673,25.590303191687,1,0
261,R7_R8_R12_R15_R20_R30_f17_f18_f19,0.9,8,0.0123331611253785,19000,0.25,0.2,216.718001259219,216.654902627527,0.359145091305289,1.27698539944781,1.27698539944781,1.52049880566966,1,23.5035865943311,23.7384269542845,2.92109312290139,12.4282866837265,4758.18761022364,4837.76037730113,20.145166951521,41.3186771957498,61.4638441472709,0.012,6.76215497116683,98.7247242932572,98.5864038053768,25.5957551327678,1,0
262,normal,0.9,8,0.0123331611253785,20000,0.25,0.2,215.148943679874,215.053129244669,0.766714378309277,2.20124926321816,2.20124926321816,2.24857761605961,0,23.3498450146103,23.609718057904,3.25105186861248,13.9232267562301,4684.87571442792,4764.50227035598,21.8901693618831,40.9507607185401,62.8409300804231,0.012,6.68902544128461,98.6763967863771,98.5375678823291,25.6067290940888,0,0
263,normal,0.9,8,0.0123331611253785,22000,0.25,0.2,217.16960855412,217.048744142926,0.390755278490639,1.07476201971844,1.07476201971844,1.34147993503353,1,23.5598025149826,23.701957598892,2.11074014484831,8.95907401390996,4778.78563056334,4852.16785044606,22.6708636791043,41.1326399898463,63.8035036689506,0.012,6.74139352823609,98.6824506085407,98.545265232111,25.6145766865195,1,0
264,normal,0.9,8,0.0123331611253785,24000,0.25,0.2,218.174356181858,218.164988472501,0.107750210657824,0.304498506937084,0.304498506937084,0.834096148863404,1,23.6605729464421,23.7422625009788,1.04348405946294,4.41022312445671,4819.13993310347,4888.43982225613,25.3082545545311,41.1194532852966,66.4277078398277,0.012,6.76434034398461,98.6403277424074,98.5039435495431,25.641050537128,1,1
265,normal,0.95,8,0.0083698720087924,2000,0.25,0.2,201.552917910356,198.851734476028,3.94453770697318,13.6213693098324,13.6213693098324,9.61284796544198,0,22.8862889080027,26.5698122506584,13.1000859566835,57.2398872064519,4485.56853597155,4607.51706539831,5.24791791344346,55.2552918596512,60.5032097730947,0.012,8.47145907642282,98.6691100986312,98.4855853650371,25.5675165195253,0,0
266,normal,0.95,8,0.0083698720087924,6000,0.25,0.2,215.972006997458,215.93392903843,0.525740266784772,1.68862969014898,1.68862969014898,1.84821407344087,1,24.7215478443349,25.3129161777528,3.41194274368292,13.8014931960047,5260.20285316374,5350.1888781928,10.1740056777018,48.3700606484212,58.544066326123,0.012,7.68892470506326,98.8992883622344,98.7565232555392,25.5585464491475,1,0
267,normal,0.95,8,0.0083698720087924,10000,0.25,0.2,216.859669359342,216.843418590157,0.383372736240041,1.17292813282522,1.17292813282522,1.43480973174693,1,24.8211869504171,25.3388749888142,2.77364234492395,11.1744952022826,5300.48769714416,5387.52978087577,13.9449368002163,48.0153042184574,61.9602410186737,0.012,7.70470302838502,98.8445530523901,98.7027381025876,25.5941349527434,1,0
268,normal,0.95,8,0.0083698720087924,12000,0.25,0.2,217.37424195886,217.37198063862,0.256002163629273,0.806665279005388,0.806665279005388,1.19455425517291,1,24.8862908888847,25.4004066730077,2.78842253637949,11.2046529907955,5329.07176874237,5417.62661131954,14.2692837858221,47.716929479474,61.986213265296,0.012,7.74216790985008,98.8502031795582,98.7084467059554,25.5962440483631,1,1
269,normal,0.95,8,0.0083698720087924,14000,0.25,0.2,217.670764127212,217.646244113987,0.202900107893035,0.716486602160485,0.716486602160485,1.06988903909699,1,24.925780888056,25.3709367488592,2.12477436498937,8.52440440896084,5344.63028267102,5428.44446300348,16.1003882457914,47.8514220078791,63.9518102536705,0.012,7.72421317817539,98.8175863996346,98.6766622974944,25.6106841772999,1,1
270,normal,0.95,8,0.0083698720087924,16000,0.25,0.2,217.852058798983,217.836487638743,0.121450339451973,0.307484965474054,0.307484965474054,0.983414709662159,1,24.9417693745824,25.3706499331994,1.85376314877231,7.4323642438192,5353.48586837804,5435.27306224628,18.5203727967272,48.042251533609,66.5626243303362,0.012,7.7240385363954,98.7719182878182,98.6313600572039,25.6359902756117,1,1
271,R7_R8_R12_R15_R20_R30_f17_f18_f19,0.95,8,0.0083698720087924,17000,0.25,0.2,217.163839081434,217.355692224505,0.24955782944707,1.10078909434089,1.10078909434089,1.20195807977045,1,24.8533843109444,25.3328129812717,2.37696975620681,9.56396813596163,5321.72993932428,5404.32794442106,19.7906294889547,47.3723574932821,67.1629869822368,0.012,7.70101696252907,98.7536774639857,98.6127545497815,25.6445061768346,1,0
272,R7_R8_R12_R15_R20_R30_f17_f18_f19,0.95,8,0.0083698720087924,18000,0.25,0.2,216.901123070235,216.791515480236,0.380740763273019,0.941720437243794,0.941720437243794,1.45840205443803,1,24.7939511057206,25.3475546925036,2.81744399346277,11.3634328850988,5308.15864340017,5394.76886129482,20.8911599555105,47.4739575083196,68.3651174638301,0.012,7.70998234667353,98.7284513097205,98.5870765750757,25.6550386009166,1,1
273,R7_R8_R12_R15_R20_R30_f17_f18_f19,0.95,8,0.0083698720087924,19000,0.25,0.2,215.52629767524,215.26054416668,0.684944427893063,1.97536790233515,1.97536790233515,2.15429810605476,0,24.7147354655767,25.2415132225304,3.27680490553761,13.258506894001,5239.73681395042,5326.88891888335,21.2761631451626,47.1297250056895,68.4058881508522,0.012,7.64560787715812,98.7113027665256,98.5693279793469,25.6580082722288,0,0
274,normal,0.95,8,0.0083698720087924,20000,0.25,0.2,216.025830030827,216.204590599235,0.469941536290762,1.61800811804859,1.61800811804859,1.72518609125675,1,24.6984045503979,25.2469218582584,2.84076791176021,11.5018276017122,5259.34714083514,5343.8837936555,23.2257428023392,46.8939188226011,70.1196616249402,0.012,7.64888475980407,98.6843024973423,98.5428731370585,25.6702052724617,1,0
275,normal,0.95,8,0.0083698720087924,22000,0.25,0.2,217.586361045621,217.580854144848,0.202540204598327,0.875178775974195,0.875178775974195,1.09961175234181,1,24.9028118045806,25.3294443571008,1.71861550246297,6.90129097047126,5341.41918191891,5420.74977445401,24.503245984725,47.1612155012377,71.6644614859627,0.012,7.69896901727358,98.6760880450596,98.5359414649581,25.6863799727021,1,1
276,normal,0.95,8,0.0083698720087924,24000,0.25,0.2,217.640041166329,217.584116214912,0.283892248976954,0.308957771453139,0.308957771453139,1.09812899322199,1,24.9112616598823,25.314430765964,1.36468654729358,5.47819121297779,5343.0770126931,5419.67377954969,26.5465628247798,47.2432701078973,73.7898329326771,0.012,7.68984486005742,98.6377765037318,98.4979477136695,25.7074682860127,1,1
277,normal,0.99,8,0.0036285361811008,2000,0.25,0.2,200.083514643537,198.660848372435,4.67376070249192,7.74109737766591,7.74109737766591,9.69961437616577,0,23.7041604882725,27.2332410013149,12.3281297052703,52.0082949631124,4829.12243130199,4952.95606311036,5.63059819148153,57.2241148103346,62.8547130018162,0.012,8.8997929852284,98.7151470428474,98.5358843548776,25.5848098254309,0,0
278,normal,0.99,8,0.0036285361811008,6000,0.25,0.2,215.918123845581,215.8813889151,0.586331396094856,1.75745926485779,1.75745926485779,1.87209594768184,1,25.7879113790677,26.7516707353991,3.62073890762002,14.0404504048319,5711.79862706807,5809.73602759911,10.3509096406814,54.2464642250133,64.5973738656947,0.012,8.58782264562252,98.8817010839414,98.7349109566561,25.6140405301692,1,0
279,normal,0.99,8,0.0036285361811008,10000,0.25,0.2,216.819392365974,216.807673481437,0.30085626495337,1.24921701083205,1.24921701083205,1.4510575084378,1,25.8880821322691,26.7746492388345,2.88980544965529,11.1626865014198,5759.23983872331,5852.94527277174,14.0686959528462,54.0267428436644,68.0954387965105,0.012,8.60258210235144,98.8314480709699,98.6857635783012,25.6453111142196,1,0
280,normal,0.99,8,0.0036285361811008,12000,0.25,0.2,217.281766758613,217.253935965452,0.26434688471414,0.870281397184644,0.870281397184644,1.24821092479462,1,25.9469707292567,26.8189977813017,2.76812134433238,10.6683796471515,5783.89686426572,5879.00451966611,15.3544668681967,54.3527764007137,69.7072432689104,0.012,8.63110370392159,98.8091568546772,98.6636778609182,25.659207545731,1,1
281,normal,0.99,8,0.0036285361811008,14000,0.25,0.2,217.65366243748,217.630179087794,0.177776318269119,0.452798883455894,0.452798883455894,1.07719132373009,1,25.9833703365253,26.7999765829804,2.04378055856219,7.86572539317275,5803.70039497536,5894.28895943752,16.7962588064467,53.9687988879359,70.7650576943826,0.012,8.6188649381796,98.7953787750642,98.6506410864286,25.6710301152477,1,1
282,normal,0.99,8,0.0036285361811008,16000,0.25,0.2,217.808909501668,217.797417576763,0.101100642643096,0.626523675287439,0.626523675287439,1.0011738287443,1,25.9932954242588,26.8059370862035,1.86413742146041,7.17160864382232,5811.9088114741,5900.91807880374,19.4959899120254,54.1111793355972,73.6071692476227,0.012,8.622699156834,98.7493506178774,98.6048874505587,25.6994035529944,1,1
283,R7_R8_R12_R15_R20_R30_f17_f18_f19,0.99,8,0.0036285361811008,17000,0.25,0.2,217.305528393734,217.458843140462,0.213048081661578,0.666883279728214,0.666883279728214,1.15507129978991,1,25.9493549233289,26.7834242069435,2.37379420684307,9.14779659786066,5785.19015069189,5875.55784792164,20.8180611922015,53.7420921531493,74.5601533453508,0.012,8.60822174698905,98.7275882166177,98.5827659518941,25.7100566323901,1,1
284,R7_R8_R12_R15_R20_R30_f17_f18_f19,0.99,8,0.0036285361811008,18000,0.25,0.2,216.651349412692,216.788695821157,0.291297826152446,1.18031809263985,1.18031809263985,1.45968371765605,1,25.8050670144699,26.7634465190368,2.98768336918651,11.5778942465493,5738.08822716056,5833.60846774849,21.7880835893849,53.4785137231465,75.2665973125314,0.012,8.59538483492812,98.7052812087837,98.5595551467723,25.7154716016922,1,0
285,R7_R8_R12_R15_R20_R30_f17_f18_f19,0.99,8,0.0036285361811008,19000,0.25,0.2,216.063569628464,216.070507585318,0.468228688829958,1.68581585615068,1.68581585615068,1.78613291576459,1,25.7609336483169,26.705127167608,3.11444969247728,12.0898168327092,5708.27704314238,5802.96234494912,22.6060192949882,53.3151849972125,75.9212042922008,0.012,8.55796580445735,98.6874377217988,98.5416411983024,25.7225664754893,1,0
286,normal,0.99,8,0.0036285361811008,20000,0.25,0.2,215.782762383834,215.505882841389,0.678037239910242,1.58513675579879,1.58513675579879,2.0427805266413,0,25.7538766336048,26.6487276750712,2.9281213005317,11.3696331709183,5708.32501365123,5800.12141378262,24.2635335560041,53.1890259837173,77.4525595397214,0.012,8.52185624040129,98.6613284288942,98.5162241470741,25.7352213245171,0,0
287,normal,0.99,8,0.0036285361811008,22000,0.25,0.2,217.368013464959,217.327328746443,0.252824705026215,0.606004514788292,0.606004514788292,1.2148505697988,1,25.9621275813319,26.7456420700124,1.79202606904892,6.90246230180873,5790.03335331684,5876.47082613084,25.7365515935928,53.2331865649463,78.969738158539,0.012,8.58395243684664,98.6544607844347,98.5103803662751,25.7518146777873,1,1
288,normal,0.99,8,0.0036285361811008,24000,0.25,0.2,217.740953342058,217.698697159713,0.16761114047922,0.486095143512566,0.486095143512566,1.04604674558491,1,25.9903949158945,26.7629516895842,1.27640024518291,4.91104598184588,5805.0280540759,5888.9235601596,28.1981614680669,53.1539071702867,81.3520686383537,0.012,8.59506699766823,98.6179610058747,98.4741727871391,25.7723723882559,1,1
289,normal,0.6,12,0.0509295817894065,2000,0.25,0.2,197.899375598373,190.105526664507,7.00316382570579,26.5340385420368,26.5340385420368,13.5883969706786,0,9.51263449300233,19.6494984818019,17.8592516487325,187.742435198894,1112.0281876539,1213.84752188281,3.43371287533909,29.1834170710383,32.6171299463774,0.012,4.63323348703604,97.1504596712317,96.7588046084936,25.3144196232117,0,0
290,normal,0.6,12,0.0509295817894065,6000,0.25,0.2,217.18134591888,217.14389035383,0.528318199460799,1.4111480019124,1.4111480019124,1.29823165735011,1,10.5104119455136,9.92462991562032,3.46035866576711,32.9231497652588,1414.95499953423,1457.83894524434,4.95772964464869,7.11820118890021,12.0759308335489,0.012,1.18197934754431,99.1537723130895,99.0717133215288,25.1371682915644,0,0
291,normal,0.6,12,0.0509295817894065,10000,0.25,0.2,217.754261688256,217.703115317085,0.408707705708459,1.23249616950678,1.23249616950678,1.04403849223413,1,10.5345813424051,9.75277172671044,2.85300143954017,27.0822479490088,1422.41928571606,1460.33250275189,6.49038208421181,6.87755504358616,13.367937127798,0.012,1.14139867623987,99.0689472008728,98.9902535458798,25.1496035224313,0,0
292,normal,0.6,12,0.0509295817894065,12000,0.25,0.2,218.384884542893,218.371497287812,0.229477591169212,0.794736724926777,0.794736724926777,0.740228505539784,1,10.5648199198466,9.76498344983148,2.80437637155261,26.5444786832992,1430.84523625502,1470.88308691387,6.75585168842533,6.71464502574228,13.4704967141676,0.012,1.14425882130579,99.0673440435025,98.9889200933628,25.1512431400823,0,0
293,normal,0.6,12,0.0509295817894065,14000,0.25,0.2,218.548108395981,218.508613908608,0.171676473082483,0.50216401194616,0.50216401194616,0.677902768814663,1,10.5737904282481,9.63465489766491,2.28010441628181,21.5637375428822,1432.97967014222,1468.9201660208,7.28991072852047,6.88644420224583,14.1763549307663,0.012,1.11391889996518,99.0203989974024,98.9442386832398,25.1558016947213,0,0
294,normal,0.6,12,0.0509295817894065,16000,0.25,0.2,218.811921842154,218.801288799877,0.150940626815056,0.268921266316355,0.268921266316355,0.544868727328533,1,10.5874788653464,9.53459262898787,1.75221287476576,16.5498594807201,1436.48180122025,1468.74610290782,8.41205565691548,6.6518864265933,15.0639420835088,0.012,1.090901479209,98.9622137536484,98.8878950823156,25.1639653843298,1,0
295,R7_R8_R12_R15_R20_R30_f17_f18_f19,0.6,12,0.0509295817894065,17000,0.25,0.2,218.647169414991,218.600644388495,0.174439755144777,0.68940770880539,0.68940770880539,0.636070732502118,1,10.569762897748,9.59936456307653,2.10833146553768,19.9468189204781,1434.26799458614,1468.22927291946,9.05995449381446,6.71198760725181,15.7719421010663,0.012,1.10577360017819,98.9123098128525,98.8369385939954,25.1721777824986,1,0
296,R7_R8_R12_R15_R20_R30_f17_f18_f19,0.6,12,0.0509295817894065,18000,0.25,0.2,217.095457910588,216.877474247752,0.410649845008249,1.93899110791858,1.93899110791858,1.41932988738552,1,10.5034999845668,9.84709796720257,3.24336070373261,30.8788566525273,1412.37797148932,1452.95838192481,9.74421886745739,7.05107809675872,16.7952969642161,0.012,1.16358406050822,98.8248242998283,98.7444299576594,25.1817540324931,0,0
297,R7_R8_R12_R15_R20_R30_f17_f18_f19,0.6,12,0.0509295817894065,19000,0.25,0.2,216.964381644855,217.035365727662,0.576599258704388,1.44958780414689,1.44958780414689,1.34756103288098,1,10.479921557364,9.83879637178907,3.23524159628785,30.8708569866588,1411.88680876323,1452.35329529387,9.80068855696478,6.98988728120994,16.7905758381747,0.012,1.16162296854636,98.8247468589377,98.7444601307086,25.1810552686238,0,0
298,normal,0.6,12,0.0509295817894065,20000,0.25,0.2,217.440055812581,217.401237166152,0.415389699659147,1.87637688634572,1.87637688634572,1.18125583356714,1,10.498211732917,9.71907854701195,2.77987025368877,26.4794645451142,1415.80273212174,1453.15184125167,10.6462115290072,6.89016570568841,17.5363772346956,0.012,1.13352585363585,98.7765367511273,98.698483147739,25.1877895788573,0,0
299,normal,0.6,12,0.0509295817894065,22000,0.25,0.2,218.687139199475,218.641556355883,0.144639757245261,0.566361578977189,0.566361578977189,0.617474383689372,1,10.5735622357368,9.52040031454933,1.70230536374752,16.0996391357496,1433.4542541814,1464.78335826496,11.3059005080669,6.64862834278568,17.9545288508526,0.012,1.08765626579125,98.76295850895,98.6890029743655,25.1909449127134,1,0
300,normal,0.6,12,0.0509295817894065,24000,0.25,0.2,218.668095765504,218.756920456429,0.194966738084534,0.382934361761199,0.382934361761199,0.565036156168475,1,10.5787562000401,9.46989979672365,1.39838319672808,13.2187865027345,1434.1865637403,1462.6753270608,12.3307612176895,6.59402950375154,18.924790721441,0.012,1.07614802591984,98.6976365807525,98.6245969853856,25.1995362541052,1,1
301,normal,0.7,12,0.0389689246333571,2000,0.25,0.2,205.607987352736,204.566688857032,2.44435282232916,6.68588728203957,6.68588728203957,7.01514142862169,0,11.4103392980437,14.813819867658,10.3038024736428,90.3023319859507,1690.51966150159,1764.49863688321,3.38957283603965,16.0036233404652,19.3931961765048,0.012,2.63339110885704,98.8658371630213,98.7138106605317,25.210687506594,0,0
302,normal,0.7,12,0.0389689246333571,6000,0.25,0.2,217.21401605013,217.120096951951,0.503991597354553,1.59863283207421,1.59863283207421,1.30904684002246,1,12.2358284714867,11.8238245355291,3.4867304050994,28.4960712977023,1926.35510227549,1972.6260997117,5.36159648650416,10.1373767491754,15.4989732356795,0.012,1.67763391976377,99.2018466561861,99.1162167783477,25.1688862671195,0,0
303,normal,0.7,12,0.0389689246333571,10000,0.25,0.2,217.695569870745,217.661567916013,0.430369188949939,1.04273440624505,1.04273440624505,1.06292367453975,1,12.263325602664,11.6634407800044,2.79640341910484,22.8029778357786,1935.50676511818,1976.79653514557,7.59134708443164,9.97104221946132,17.562389303893,0.012,1.63243020994405,99.1007799562996,99.0180179079637,25.1873334967009,0,0
304,normal,0.7,12,0.0389689246333571,12000,0.25,0.2,218.283166524596,218.317943657941,0.23898731551437,0.766823353723996,0.766823353723996,0.764571064572369,1,12.2955736908683,11.6890354960965,2.77529493446548,22.5714960866498,1945.45636567242,1988.53536922905,7.47376402475968,9.78028280335757,17.2540468281173,0.012,1.63960260994805,99.1209071537897,99.0381729685276,25.1852528565328,0,0
305,normal,0.7,12,0.0389689246333571,14000,0.25,0.2,218.39753686509,218.367896107431,0.184962561552913,0.500194869006293,0.500194869006293,0.741865405713068,1,12.2994210480184,11.5844896868623,2.26622510592878,18.4254616301138,1947.49988500532,1986.78458243436,8.28815190590947,9.64709069425855,17.935242600168,0.012,1.61040481566022,99.087467077989,99.0063449425204,25.1914714504165,1,0
306,normal,0.7,12,0.0389689246333571,16000,0.25,0.2,218.492996616156,218.434293935597,0.237451516341881,0.369515441563767,0.369515441563767,0.711684574728793,1,12.3082762433706,11.5545340693628,2.08007148547124,16.8997790132602,1948.86391757682,1986.3752410145,9.7542393542762,9.73940233618318,19.4936416904594,0.012,1.60208709072077,99.0096493597578,98.9291288874784,25.2048059615449,1,0
307,R7_R8_R12_R15_R20_R30_f17_f18_f19,0.7,12,0.0389689246333571,17000,0.25,0.2,217.709450914276,217.615828822236,0.307420378251112,1.42804787471564,1.42804787471564,1.0837141717108,1,12.2818400394227,11.6300955126584,2.65314650433902,21.6021906800843,1938.37105805059,1977.08828228875,10.4323973937163,9.73240153628659,20.1647989300028,0.012,1.62310945960269,98.9704146156869,98.888462172577,25.2135021184623,0,0
308,R7_R8_R12_R15_R20_R30_f17_f18_f19,0.7,12,0.0389689246333571,18000,0.25,0.2,216.848167974125,216.609542622975,0.481390005623723,1.37595320332986,1.37595320332986,1.54111698955674,1,12.2172904225236,11.7234692538197,3.20030995837841,26.1949241419224,1918.95376663254,1962.18087555048,10.8871540061981,9.91593920644583,20.8030932126439,0.012,1.64927677614306,98.9275411963588,98.8434995869612,25.2191534622432,0,0
309,R7_R8_R12_R15_R20_R30_f17_f18_f19,0.7,12,0.0389689246333571,19000,0.25,0.2,217.604430313212,217.585714653917,0.395798994631859,1.55139956555072,1.55139956555072,1.09740243003794,1,12.2566256330269,11.6593391466577,2.79749577444284,22.8243552361153,1933.22334985051,1974.8262861339,11.2269146334783,9.83901454062702,21.0659291741053,0.012,1.63128227204141,98.9220669938578,98.8395637381561,25.2208295614568,0,0
310,normal,0.7,12,0.0389689246333571,20000,0.25,0.2,216.90583874995,216.885074928343,0.560282361805429,1.99983228300952,1.99983228300952,1.41587503257141,1,12.2100117974925,11.6296547986164,2.82380648216804,23.1269758703095,1917.44784319059,1958.0014701331,12.1315880378042,9.75352690911738,21.8851149469216,0.012,1.62298644881978,98.8715132770218,98.7888390016626,25.2280744890818,0,0
311,normal,0.7,12,0.0389689246333571,22000,0.25,0.2,218.538686437852,218.530006260967,0.241415448483919,0.438354761597479,0.438354761597479,0.668178972287695,1,12.3130345644495,11.4943691966638,1.70090205365533,13.8138331761548,1951.38992500249,1985.64191959668,12.920575345548,9.57914046918838,22.4997158147364,0.012,1.58544627875058,98.8601330414085,98.780791402999,25.2327304723216,1,1
312,normal,0.7,12,0.0389689246333571,24000,0.25,0.2,218.776334089318,218.749821240538,0.167889013690755,0.121523846059329,0.121523846059329,0.5682630724828,1,12.3182545345368,11.4455936640702,1.21783636065418,9.88643607939516,1953.90983613286,1985.60108619074,14.1657676537585,9.51195434881678,23.6777220025753,0.012,1.57201937187604,98.8026966540536,98.7242190240035,25.2439534355323,1,1
313,normal,0.8,12,0.0286478897565411,2000,0.25,0.2,193.412652505362,189.954295753602,6.6310984852703,13.7943020187013,13.7943020187013,13.6571382938171,0,12.0474780473225,20.6772904396334,17.1635153553484,142.465628805714,1873.92455131758,1982.96179423671,3.66947492599489,32.6979642835025,36.3674392094974,0.012,5.13060407909946,98.0962366282307,97.8334784498494,25.3279129305125,0,0
314,normal,0.8,12,0.0286478897565411,6000,0.25,0.2,216.966483665202,216.930138910244,0.614853111035175,1.47842856219875,1.47842856219875,1.39539140443464,1,13.9510239884044,13.7328325546431,3.27704834565729,23.4896617508583,2509.82263701552,2559.3327054266,6.00663966017279,13.684171741072,19.6908114012448,0.012,2.2630882796864,99.2215573546933,99.1328658211843,25.205574710959,0,0
315,normal,0.8,12,0.0286478897565411,10000,0.25,0.2,217.696636094646,217.672769889218,0.30863331896277,0.949844014343637,0.949844014343637,1.05783186853714,1,13.9910673477885,13.6829605888321,2.85444526777415,20.4019121402152,2526.48231356735,2573.38164290179,8.23584002069085,13.6801638843245,21.9160039050153,0.012,2.24668092570638,99.1400086966486,99.0526833469222,25.2280332628628,0,0
316,normal,0.8,12,0.0286478897565411,12000,0.25,0.2,218.039800626975,218.019901338007,0.256000433684051,0.841688491371396,0.841688491371396,0.900044846360621,1,14.0188649307799,13.7010269529869,2.84252910150279,20.2764568710675,2535.03496743681,2583.08087864958,8.84498359659206,13.6838611643372,22.5288447609293,0.012,2.25261767479768,99.1191287328401,99.0319047043166,25.2327746948003,0,0
317,normal,0.8,12,0.0286478897565411,14000,0.25,0.2,218.330437934474,218.407540539023,0.166414589386136,0.601479971118208,0.601479971118208,0.723845209534979,1,14.0373451683801,13.6022754775277,2.21266584224791,15.7627088007501,2541.98201388151,2585.54110050433,9.42266432026801,13.4545351613354,22.8771994816034,0.012,2.22026277799861,99.1080524278911,99.0223340378488,25.2368834833111,1,0
318,normal,0.8,12,0.0286478897565411,16000,0.25,0.2,218.11370028635,218.448140623556,0.182190324679287,0.881765729250162,0.881765729250162,0.705390625656318,1,14.035252072782,13.5730824174094,2.11798091676896,15.0904373201552,2538.14630604683,2579.36031737564,10.9477824763446,13.4895626535594,24.437345129904,0.012,2.21074279571746,99.0463786374863,98.9610049059586,25.2505009468463,1,0
319,R7_R8_R12_R15_R20_R30_f17_f18_f19,0.8,12,0.0286478897565411,17000,0.25,0.2,218.293722193029,218.228746005939,0.254881413088307,0.569178648015327,0.569178648015327,0.805115451845818,1,14.0348383821282,13.5912301311416,2.16014486200043,15.3913055725041,2541.57371596623,2583.14936566106,11.6771696369886,13.2293239994675,24.9064936364561,0.012,2.21665843773182,99.0295466318709,98.9440890277225,25.257281052254,1,0
320,R7_R8_R12_R15_R20_R30_f17_f18_f19,0.8,12,0.0286478897565411,18000,0.25,0.2,217.768507371373,217.837767608478,0.294316594341258,1.5505998152179,1.5505998152179,0.982832905237362,1,14.0044152532526,13.6813372270522,2.82992730559774,20.2073935571174,2528.27562407808,2575.16846323054,12.3037313231233,13.5323035520188,25.8360348751421,0.012,2.24614785984389,98.9884531952792,98.901476833167,25.264632166661,0,0
321,R7_R8_R12_R15_R20_R30_f17_f18_f19,0.8,12,0.0286478897565411,19000,0.25,0.2,217.357952490738,217.215514250696,0.436553150323853,1.45534715740512,1.45534715740512,1.26567534059292,1,13.9755928035991,13.6743422921482,2.91520410249071,20.8592518647221,2518.66841247938,2565.23418548154,12.7188362734716,13.4746540401159,26.1934903135876,0.012,2.24385164547398,98.970730384826,98.8835429424354,25.2686315240746,0,0
322,normal,0.8,12,0.0286478897565411,20000,0.25,0.2,217.343567283063,217.251756800077,0.555035740303965,1.78953110761852,1.78953110761852,1.24920145451036,1,13.9747933828273,13.6298090507844,2.70178249035833,19.333255357309,2514.21028088683,2559.43501615345,13.6913937306177,13.4479860332351,27.1393797638528,0.012,2.22926033713013,98.9320879301235,98.8453812123283,25.2753752952747,1,0
323,normal,0.8,12,0.0286478897565411,22000,0.25,0.2,218.465064600721,218.412412903031,0.171493191344914,0.509801899818707,0.509801899818707,0.721630498622261,1,14.0473996970541,13.5356555300468,1.69546328388151,12.0695881120053,2547.75444727115,2586.69903992764,14.5004253413496,13.2315293308797,27.7319546722293,0.012,2.19856764753704,98.9232342810545,98.8388603466732,25.2810206472296,1,1
324,normal,0.8,12,0.0286478897565411,24000,0.25,0.2,218.341422357602,218.271015242731,0.267632513592499,0.748546214627231,0.748546214627231,0.785902162395047,1,14.0423683900847,13.5092910214956,1.53710429764363,10.9461898088999,2543.11087223813,2579.67731761674,15.7318268516452,13.1831003696271,28.9149272212723,0.012,2.19001132684155,98.8757917114459,98.791673238204,25.2920820501802,1,1
325,normal,0.9,12,0.0184997416880677,2000,0.25,0.2,198.833278425204,196.922485426805,4.63152959033461,16.2540832649464,16.2540832649464,10.4897793514523,0,14.3606707158223,19.0138297437667,12.8133367953941,89.2251974086183,2642.84730527742,2732.84002968902,3.32619006926835,27.1144170374292,30.4406071066976,0.012,4.33830865829938,98.8613045768217,98.7011288023816,25.3019048355796,0,0
326,normal,0.9,12,0.0184997416880677,6000,0.25,0.2,216.12626108684,216.05338180551,0.56639727173937,1.50702290986795,1.50702290986795,1.79391736113203,1,15.6200527581093,15.9725854737455,4.14478699683135,26.5350383959461,3151.41016892812,3209.80759935362,6.64963751675606,18.5844359060268,25.2340734227829,0.012,3.06148184059326,99.2056374117579,99.1101203155971,25.257967030849,0,0
327,normal,0.9,12,0.0184997416880677,10000,0.25,0.2,217.534213073032,217.563593292922,0.337390384932448,0.86250613602759,0.86250613602759,1.10745759412631,1,15.723970660391,15.7585266048162,2.67309207853743,17.0001085366497,3193.80405224855,3244.39866703147,9.12298896563868,17.9067371566293,27.029726122268,0.012,2.97997392905639,99.1607848159137,99.0691242622215,25.2734996651735,1,0
328,normal,0.9,12,0.0184997416880677,12000,0.25,0.2,217.972377611757,217.967357978445,0.228808388911691,0.809041360209633,0.809041360209633,0.923928191616093,1,15.7546995929801,15.7983290662065,2.72422894414076,17.2915321429207,3206.1241644759,3259.24858662433,9.91574052347595,18.1759817850084,28.0917223084844,0.012,2.99504641540976,99.1314209288479,99.0397051855633,25.2848098947537,1,0
329,normal,0.9,12,0.0184997416880677,14000,0.25,0.2,218.273742823025,218.306272830816,0.186534321719054,0.555290679925438,0.555290679925438,0.769875985992792,1,15.7800296301692,15.7247666033682,2.10470852687805,13.3377983198089,3215.86636674633,3264.34975659986,10.5500028310082,17.8091557915218,28.35915862253,0.012,2.96721941676486,99.1258573610013,99.0352781463435,25.2863968148268,1,1
330,normal,0.9,12,0.0184997416880677,16000,0.25,0.2,218.468371322603,218.45381828674,0.0966048640981883,0.38454076619564,0.38454076619564,0.702809869663409,1,15.7885585856715,15.6874728011069,1.67897050446262,10.6340961738352,3220.98828913821,3266.27408539912,12.1660076741772,17.9072201515446,30.0732278257218,0.012,2.95316163462563,99.0749720462439,98.9850571456374,25.3031743113044,1,1
331,R7_R8_R12_R15_R20_R30_f17_f18_f19,0.9,12,0.0184997416880677,17000,0.25,0.2,217.511709369289,217.524522501828,0.261203909601615,1.32860630560385,1.32860630560385,1.12521704462364,1,15.7165153351505,15.745442158494,2.61025148483264,16.6083347941303,3191.48011465156,3240.74597553552,13.2145822851778,17.9200305913617,31.1346128765395,0.012,2.97502738519778,99.0338710795745,98.9425301153136,25.3137898974002,1,0
332,R7_R8_R12_R15_R20_R30_f17_f18_f19,0.9,12,0.0184997416880677,18000,0.25,0.2,217.2656567734,217.140633183815,0.525851784912758,1.58558504141979,1.58558504141979,1.29971218917495,1,15.6804626181135,15.782026148304,2.91869618806449,18.613584682718,3179.66632781629,3232.10171497607,13.7663834389168,17.9717583415383,31.7381417804551,0.012,2.98886819214902,99.011705249808,98.9196403077263,25.3194966010722,1,0
333,R7_R8_R12_R15_R20_R30_f17_f18_f19,0.9,12,0.0184997416880677,19000,0.25,0.2,217.028844075919,217.229683619746,0.30659705375061,1.42525264658141,1.42525264658141,1.25923471829735,1,15.6755412102805,15.7916516491978,3.05939189604326,19.5169777872601,3178.20725519394,3231.46246235039,14.2775952735979,17.9367309546559,32.2143262282538,0.012,2.99251514171533,98.9965702194793,98.9043789467528,25.3245889807409,1,0
334,normal,0.9,12,0.0184997416880677,20000,0.25,0.2,215.998040632894,216.166090144897,0.498475713748651,1.71784581002076,1.71784581002076,1.74268629777427,1,15.5908221823769,15.7468078969674,3.20261888884705,20.541693384632,3144.53257603887,3196.62610982851,15.3777057234131,17.780001541664,33.1577072650772,0.012,2.97554350732794,98.956546915875,98.8639721133914,25.3321250561398,0,0
335,normal,0.9,12,0.0184997416880677,22000,0.25,0.2,217.519338126156,217.508007210386,0.35154452304734,1.21076245753979,1.21076245753979,1.13272399527907,1,15.744323716264,15.6899506951024,2.24604524843561,14.2657461121396,3194.45912812828,3240.46600125454,15.912347324212,17.6396681783151,33.5520155025272,0.012,2.95409463377695,98.9605979034884,98.8701175207966,25.336665334216,1,0
336,normal,0.9,12,0.0184997416880677,24000,0.25,0.2,218.429425077673,218.390443074329,0.184461413512378,0.756262106783285,0.756262106783285,0.731616784395922,1,15.8019217858941,15.6490578883881,1.30713196808244,8.27198100201507,3221.06750527893,3262.78241501799,17.8292022994191,17.5328718062182,35.3620741056373,0.012,2.93871615352946,98.9140844829102,98.8249014291635,25.3517574784796,1,1
337,normal,0.95,12,0.0125548080131886,2000,0.25,0.2,198.235454498444,193.411324077188,7.33214482988885,22.5808735328492,22.5808735328492,12.0857617830965,0,14.683787933202,22.7293148394979,17.2924065052447,117.765297237399,2786.12535788998,2901.45435938224,4.07753970294284,38.6011404350306,42.6786801379734,0.012,6.19946103687625,98.491281843343,98.2759054374722,25.3899196692157,0,0
338,normal,0.95,12,0.0125548080131886,6000,0.25,0.2,216.591938143436,216.587346310118,0.572807676336018,1.60253678343462,1.60253678343462,1.55120622267365,1,16.5338131705317,16.9751563186743,3.45095708690874,20.8721185567731,3528.13299903847,3587.76924832133,6.7095055568202,20.8818002795288,27.591305836349,0.012,3.45787118452112,99.2240313514037,99.1276317006272,25.2789883564303,0,0
339,normal,0.95,12,0.0125548080131886,10000,0.25,0.2,217.40557447303,217.380996199452,0.317341898432792,1.0152854940615,1.0152854940615,1.19045627297622,1,16.5921795841733,16.9178230013231,2.80353874819875,16.8967478562789,3554.28783926974,3608.81008486288,9.36555857990158,20.792105365903,30.1576639458045,0.012,3.43455282124914,99.1586519053295,99.0637307757673,25.3028526758555,1,0
340,normal,0.95,12,0.0125548080131886,12000,0.25,0.2,217.886738401802,217.871660280482,0.231067565599522,0.815791653260406,0.815791653260406,0.967427145235472,1,16.629585668338,16.9434842820393,2.73428484952148,16.4422908907913,3569.86194998338,3626.1860534184,10.4648175232,20.9180046334309,31.3828221566309,0.012,3.44497991538856,99.1285562592297,99.0338197052282,25.3135934686319,1,0
341,normal,0.95,12,0.0125548080131886,14000,0.25,0.2,218.230603331818,218.244792521402,0.174427628212864,0.52684119813726,0.52684119813726,0.797821581180784,1,16.6576541342879,16.8693792698289,2.01907834700157,12.1210245495824,3581.63352558331,3633.09323631385,11.2057551052154,20.5994527584169,31.8052078636323,0.012,3.414911483392,99.1198077452031,99.0262221586878,25.318824508488,1,1
342,normal,0.95,12,0.0125548080131886,16000,0.25,0.2,218.424942298506,218.413195134609,0.093029579603978,0.500493715477574,0.500493715477574,0.721274938814234,1,16.6657610373052,16.8437868452643,1.64706589415568,9.88293238135862,3586.40231842685,3635.29753745415,12.8991387404229,20.6111417831708,33.5102805235938,0.012,3.4045578634644,99.0742792924528,98.981186664335,25.3350350768568,1,1
343,R7_R8_R12_R15_R20_R30_f17_f18_f19,0.95,12,0.0125548080131886,17000,0.25,0.2,217.149388082107,217.469237218101,0.253689213499203,0.691685870981155,0.691685870981155,1.15034671904505,1,16.5585960664901,16.8702117250621,2.63525046097066,15.9146974199321,3545.55110407004,3597.38800018556,13.8159725899488,20.4764678107542,34.292440400703,0.012,3.41524852378107,99.0420687391864,98.9476705115967,25.3431641996422,1,0
344,R7_R8_R12_R15_R20_R30_f17_f18_f19,0.95,12,0.0125548080131886,18000,0.25,0.2,217.175698828941,217.197195180575,0.315408332775749,1.05832967269299,1.05832967269299,1.27400219064791,1,16.5303584243339,16.9123552559712,2.87823469878389,17.4118105905491,3542.09389801246,3597.03253658766,14.6535411758081,20.6531171498787,35.3066583256868,0.012,3.43233312365013,99.0130638778167,98.9181569583059,25.353135314365,1,0
345,R7_R8_R12_R15_R20_R30_f17_f18_f19,0.95,12,0.0125548080131886,19000,0.25,0.2,216.437189646078,216.332585837377,0.49618687977683,1.49219676895288,1.49219676895288,1.66700643755589,1,16.5172369469474,16.9106408680975,3.18577930025164,19.2876042796032,3521.79454502464,3578.10709371294,14.9898249284577,20.6048445091115,35.5946694375693,0.012,3.43163729483722,98.9994159398454,98.9040081386529,25.3563864479639,1,0
346,normal,0.95,12,0.0125548080131886,20000,0.25,0.2,216.964755210852,217.014304501666,0.365509562587981,1.69166073160295,1.69166073160295,1.35713431742447,1,16.5477137026392,16.8686855874022,2.71418554453949,16.4021785324133,3536.35562083811,3589.94236012165,16.1608438278214,20.392517802667,36.5533616304884,0.012,3.41463064135955,98.9769299523204,98.8824279736505,25.3630545243241,1,0
347,normal,0.95,12,0.0125548080131886,22000,0.25,0.2,217.920201725074,217.82671505977,0.297465769256102,0.925493459115891,0.925493459115891,0.987856791013477,1,16.6151704124251,16.8272092866227,1.86509895132449,11.2252772919485,3568.91611473816,3617.42595387121,17.1235519781055,20.309437397574,37.4329893756795,0.012,3.39785966850961,98.9620253532034,98.8688722657334,25.371473119076,1,1
348,normal,0.95,12,0.0125548080131886,24000,0.25,0.2,218.309849564994,218.412007438201,0.136158931467064,0.460525488983551,0.460525488983551,0.721814800817772,1,16.6685690907082,16.8000455082065,1.24265062496792,7.45505278950808,3585.09506723836,3629.77450416132,18.9435486848586,20.2002128523021,39.1437615371606,0.012,3.3868983489337,98.9199453075121,98.8275896389177,25.3876890468539,1,1
349,normal,0.99,12,0.0054428042716511,2000,0.25,0.2,204.935544466367,203.547240195223,3.41938781247127,15.5224390219171,15.5224390219171,7.47852718398953,0,16.1696641439421,19.9189115113014,10.9877486972998,67.9528566548262,3388.92203832716,3476.37290147451,4.28622520388717,29.9057917043953,34.1920169082824,0.012,4.76115642954069,99.0011429255187,98.8636350236652,25.3391083652594,0,0
350,normal,0.99,12,0.0054428042716511,6000,0.25,0.2,216.422714451446,216.352736172128,0.498385307400927,1.57043262328161,1.57043262328161,1.65784719448732,1,17.2353469917925,18.0521776933489,3.64376846564093,21.1412538858434,3826.02404892008,3890.00870315658,7.07130992683554,23.8338515282041,30.9051614550396,0.012,3.91057343366694,99.1987106900509,99.0982341449466,25.3094026359718,0,0
351,normal,0.99,12,0.0054428042716511,10000,0.25,0.2,217.516904372678,217.501855453361,0.327922309393508,0.96892470943776,0.96892470943776,1.13552024847228,1,17.3135345803661,17.9568828050457,2.57401414401332,14.8670632912375,3863.54240482375,3920.51305607779,10.0490993212004,23.760745485229,33.8098448064294,0.012,3.86939568088977,99.132491942199,99.0341681679992,25.3347133929535,1,1
352,normal,0.99,12,0.0054428042716511,12000,0.25,0.2,217.779233315253,217.74842895916,0.264101124735103,0.837886304528848,0.837886304528848,1.02344138219997,1,17.3318609312431,18.0102379126041,2.78878435317787,16.0905073277543,3872.4759623071,3932.28860297234,10.8319032955956,23.4001705398346,34.2320738354302,0.012,3.89242403602322,99.1237616551138,99.0250986195171,25.3390964567408,1,0
353,normal,0.99,12,0.0054428042716511,14000,0.25,0.2,218.144232870589,218.149639449711,0.146269089266373,0.570316395704203,0.570316395704203,0.841072977403947,1,17.3643600622336,17.9449370873894,2.08679826625412,12.0177090245484,3886.64498124742,3941.81785158753,11.8293097379561,23.2643051182974,35.0936148562535,0.012,3.86424920484437,99.1051516056904,99.0075953784358,25.3483126765221,1,1
354,normal,0.99,12,0.0054428042716511,16000,0.25,0.2,218.311699850899,218.309699718266,0.106612430555963,0.296985599535308,0.296985599535308,0.768318309878954,1,17.3698598584322,17.9067653230741,1.57980015384387,9.09506562931164,3892.37333768984,3944.28387842003,13.5726488955001,23.4149001088409,36.987549004341,0.012,3.84782693202777,99.0586879120828,98.961779582281,25.365670678949,1,1
355,R7_R8_R12_R15_R20_R30_f17_f18_f19,0.99,12,0.0054428042716511,17000,0.25,0.2,217.801222385936,217.811226994308,0.228288816425075,1.02768121914385,1.02768121914385,0.994896820769045,1,17.3238676945531,17.9511096097711,2.36858010193647,13.672351600106,3874.2045610318,3929.61168161014,14.5345269316722,23.2036604393144,37.7381873709866,0.012,3.8669080346642,99.0353082905829,98.9375097602803,25.3746090962455,1,0
356,R7_R8_R12_R15_R20_R30_f17_f18_f19,0.99,12,0.0054428042716511,18000,0.25,0.2,216.476232237769,216.404176985244,0.424707808688928,1.22680284602243,1.22680284602243,1.63446500670735,1,17.2433880173809,17.9812485407296,3.25515483854116,18.877698717097,3828.29210735013,3888.16114025201,15.2192313449912,23.3701379282533,38.5893692732446,0.012,3.87990358900189,99.0020545106818,98.9028186268636,25.3819751981048,1,0
357,R7_R8_R12_R15_R20_R30_f17_f18_f19,0.99,12,0.0054428042716511,19000,0.25,0.2,216.451440061113,216.380185055573,0.549379582567974,2.05588386356758,2.05588386356758,1.64537042928522,1,17.2394288160595,17.9682122281297,3.19281758924744,18.5204372100376,3824.58282769843,3884.15111129918,15.7961632960804,23.3059986295589,39.1021619256393,0.012,3.87427980810134,98.9879567813979,98.8887968162916,25.3870564397223,1,0
358,normal,0.99,12,0.0054428042716511,20000,0.25,0.2,216.80140180622,216.806397027051,0.347805970384378,1.56440772567923,1.56440772567923,1.45163771497698,1,17.2628709227104,17.9230056371888,2.74730115581016,15.9145090530446,3843.85209400632,3899.55513939991,17.1213779316221,23.0608892319714,40.1822671635934,0.012,3.85480957284842,98.9654502657003,98.8673268500597,25.3960432149619,1,0
359,normal,0.99,12,0.0054428042716511,22000,0.25,0.2,218.24399712431,218.206773002301,0.147143243531351,0.557103826030001,0.557103826030001,0.815103180772315,1,17.3621824106501,17.905896415541,1.63337106113755,9.40763679648723,3887.31290394685,3938.66706200498,18.040273494469,22.9951424037459,41.0354158982149,0.012,3.847453517329,98.955402816728,98.8585799893385,25.4039823787539,1,1
360,normal,0.99,12,0.0054428042716511,24000,0.25,0.2,218.443387259515,218.457506499148,0.0798957505247962,0.422869325863976,0.422869325863976,0.701133409478339,1,17.3907714859168,17.8790992560745,1.05829011208936,6.08535459709982,3897.2129528511,3944.99505170651,20.0145131784978,22.8756667518858,42.8901799303837,0.012,3.83594628250277,98.9114452468632,98.8152421912162,25.4218921353378,1,1
361,normal,0.6,15,0.0636619772367581,2000,0.25,0.2,203.091041476289,201.667304199651,3.96657209874622,12.0044067685353,12.0044067685353,8.33304354561305,0,7.73483202006586,12.5906385609791,10.6831029475918,138.116806155291,986.741103143911,1051.98071121144,2.97736551872499,10.9544412564349,13.9318067751599,0.012,1.90229015247857,98.6077561771622,98.4206574303346,25.1872465568671,0,0
362,normal,0.6,15,0.0636619772367581,6000,0.25,0.2,217.418198762568,217.522267742739,0.487964926822252,1.28983550041562,1.28983550041562,1.12624193511872,1,8.41456007033022,7.90283948851868,3.34027723071697,39.6963977058624,1134.56491638636,1172.61689827863,4.03792940039462,4.58913438243542,8.62706378283004,0.012,0.749458463775483,99.2453530174737,99.1803319706811,25.1049627801052,0,0
363,normal,0.6,15,0.0636619772367581,10000,0.25,0.2,217.880932814071,217.886647679908,0.386394726412159,1.08129368494581,1.08129368494581,0.960614690950789,1,8.43518395925694,7.7223110659861,2.84669178130511,33.7478328280096,1139.35319019274,1174.87462929899,5.73338287790649,4.43357414830372,10.1669570262102,0.012,0.715609058398217,99.1155477308678,99.0538838646584,25.1186940058006,0,0
364,normal,0.6,15,0.0636619772367581,12000,0.25,0.2,218.531688500201,218.528765286075,0.235439703210465,0.810918160184079,0.810918160184079,0.668743051784188,1,8.45952788612045,7.70091467540719,2.73322826510994,32.3094657515622,1146.23240486257,1182.77706973129,5.89138025291136,4.32226426431032,10.2136445172217,0.012,0.711649042054822,99.1168075222619,99.0558509376746,25.1201607762158,0,0
365,normal,0.6,15,0.0636619772367581,14000,0.25,0.2,218.758388430292,218.752420089423,0.18516771878219,0.696853079935426,0.696853079935426,0.567081777534898,1,8.47001128677703,7.52993130849309,2.17961775911362,25.7333512945412,1148.75423226013,1180.96157079908,6.14898673216878,4.16274234908807,10.3117290812568,0.012,0.680398386127493,99.1103414796753,99.0521955619704,25.1203207175043,0,0
366,normal,0.6,15,0.0636619772367581,16000,0.25,0.2,218.780750706008,218.78852109078,0.191744858955143,0.823607429374273,0.823607429374273,0.550672231463639,1,8.46886593187578,7.44751510334895,1.87331568454451,22.120029997093,1148.87588085571,1178.51601184755,7.13745150970312,4.12708649143795,11.2645380011411,0.012,0.665585774575329,99.0290366736605,98.972255163385,25.1283592315113,0,0
367,R7_R8_R12_R15_R20_R30_f17_f18_f19,0.6,15,0.0636619772367581,17000,0.25,0.2,218.742598904844,218.696243835768,0.157483253090619,1.05345333835557,1.05345333835557,0.592616438287414,1,8.45503693839425,7.5507927926023,2.25089589837973,26.6219522727149,1147.42176016001,1179.69421403036,7.64465994062816,4.24117396412588,11.885833904754,0.012,0.684173661561778,98.9747471710178,98.9163709677911,25.137263127238,0,0
368,R7_R8_R12_R15_R20_R30_f17_f18_f19,0.6,15,0.0636619772367581,18000,0.25,0.2,217.489850726292,217.314277774588,0.402182044052254,1.6382633988174,1.6382633988174,1.22078282973269,1,8.40836097132889,7.79322506341456,3.06518905061008,36.4540611548656,1134.34682376497,1170.50706800826,8.16582646638234,4.50470562417173,12.6705320905541,0.012,0.728812282668395,98.8953495754994,98.8325515915285,25.1430810034134,0,0
369,R7_R8_R12_R15_R20_R30_f17_f18_f19,0.6,15,0.0636619772367581,19000,0.25,0.2,217.036167108432,216.94981970448,0.478476908404405,2.05986868007748,2.05986868007748,1.38644558887288,1,8.39747144888589,7.8448030302672,3.22891099459038,38.4509910422949,1131.13140017748,1168.06477977055,8.35624152287341,4.59472028730666,12.9509618101801,0.012,0.738491215004274,98.8680044164233,98.8042274922851,25.1455522149631,0,0
370,normal,0.6,15,0.0636619772367581,20000,0.25,0.2,216.899907814723,216.659062921016,0.551736877366696,2.12774424019889,2.12774424019889,1.5186077631745,1,8.40538902803682,7.78556151878549,3.09148202257982,36.7797613205997,1127.34473505292,1163.52879884172,9.13983914366188,4.42926420450232,13.5691033481642,0.012,0.727379617953521,98.8106811494915,98.747725402651,25.1499555888239,0,0
371,normal,0.6,15,0.0636619772367581,22000,0.25,0.2,218.359786470592,218.242441281945,0.28645593361423,1.5541635820258,1.5541635820258,0.79889032638855,1,8.46194144764457,7.44839754402375,1.92979718346272,22.8056078549195,1144.43793558552,1172.29934560954,9.4980565942494,4.1426990379748,13.6407556322242,0.012,0.665743511685828,98.8221218699844,98.7653447373621,25.1496136366929,0,0
372,normal,0.6,15,0.0636619772367581,24000,0.25,0.2,219.032775419702,219.07350371796,0.107555272484291,0.365189534630635,0.365189534630635,0.4211346736546,1,8.47787866800875,7.30403944891884,1.1262680780826,13.2847864682537,1151.26719660411,1175.96999433961,10.5390509054559,4.00950594559632,14.5485568510522,0.012,0.640187907256352,98.7520706588555,98.6978723996581,25.1581009812788,1,1
373,normal,0.7,15,0.0487111557916963,2000,0.25,0.2,197.076052693003,192.734441335142,5.41406635564306,20.2305591694976,20.2305591694976,12.3934357567535,0,8.74416818360521,16.4504493673524,14.4591097340329,165.357177840459,1218.21639115252,1306.67117128119,3.04810902613796,19.9772895625353,23.0253985886733,0.012,3.24740741265391,98.1449707237561,97.8888682954088,25.2415373106658,0,0
374,normal,0.7,15,0.0487111557916963,6000,0.25,0.2,216.824853579454,216.775787307451,0.587147424084573,1.75576222206583,1.75576222206583,1.46555122388569,1,9.78075445520065,9.5201738209382,3.69298823864288,37.7577032074374,1535.8937438165,1578.9741976522,4.33860944110871,6.55953182180619,10.8981412629149,0.012,1.08760451497052,99.2954358392981,99.2256667357853,25.1265276482561,0,0
375,normal,0.7,15,0.0487111557916963,10000,0.25,0.2,217.952737133347,217.88674748814,0.378875302216451,1.06286015848954,1.06286015848954,0.960569323572933,1,9.82268696029002,9.22083344244322,2.68415096854667,27.3260359349518,1551.42764335865,1588.20190651786,6.4195888216939,6.19324697245464,12.6128357941485,0.012,1.02028523247935,99.1935735703605,99.1289078777729,25.1416635636065,0,0
376,normal,0.7,15,0.0487111557916963,12000,0.25,0.2,218.358649040722,218.325161561618,0.259819964738096,0.828454830049884,0.828454830049884,0.76129019926477,1,9.84089555369752,9.27416949962754,2.81076886055794,28.5621247092887,1557.34863557383,1596.65290285109,6.43865562665245,6.31188815824321,12.7505437848957,0.012,1.03212263889386,99.1879147538881,99.1227552779156,25.1439140131768,0,0
377,normal,0.7,15,0.0487111557916963,14000,0.25,0.2,218.708546608375,218.711809139631,0.16695093724482,0.5820295095398,0.5820295095398,0.585541300167772,1,9.85529531824342,9.09937672937654,2.10596414016044,21.3688587927145,1562.29584944705,1596.90879493888,6.9142542628371,6.14692543218661,13.0611796950237,0.012,0.993583882357431,99.1709066926793,99.1083986353509,25.1458947367709,0,0
378,normal,0.7,15,0.0487111557916963,16000,0.25,0.2,218.896182967649,218.883360591508,0.099634842778562,0.341531802628558,0.341531802628558,0.507563367496263,1,9.86545111635476,9.00005277376158,1.58217009702826,16.0374835207016,1565.20496042344,1595.85255317215,8.04948049107084,6.01761533813225,14.0670958292031,0.012,0.972011399165922,99.1092670972358,99.0483047817597,25.1546538549461,1,0
379,R7_R8_R12_R15_R20_R30_f17_f18_f19,0.7,15,0.0487111557916963,17000,0.25,0.2,217.950754348327,217.86848019502,0.230539694177873,1.64521315583517,1.64521315583517,0.968872638627273,1,9.84769956766289,9.22609931746775,2.70604816442445,27.4789878167116,1554.06944801113,1589.26567532891,8.84678034748279,6.17590675994311,15.0226871074259,0.012,1.02145090338935,99.0425873171373,98.9781543097487,25.1659232862031,0,0
380,R7_R8_R12_R15_R20_R30_f17_f18_f19,0.7,15,0.0487111557916963,18000,0.25,0.2,217.223205304861,217.212245858457,0.408800987371268,1.58596929383839,1.58596929383839,1.26716097342861,1,9.79968746535874,9.34938763162465,3.1836714157382,32.4874790853512,1543.29493905603,1582.3104542104,9.17358675001052,6.35129642607474,15.5248831760853,0.012,1.04893258903651,99.0040617296068,98.937486521613,25.1701025961503,0,0
381,R7_R8_R12_R15_R20_R30_f17_f18_f19,0.7,15,0.0487111557916963,19000,0.25,0.2,217.816777876518,217.646448003444,0.285923281156176,1.10502494429903,1.10502494429903,1.06979636207095,1,9.80547383083596,9.23011314140681,2.73479861137997,27.8905299076895,1548.99361749644,1585.51222360409,9.50869838766019,6.20446811496518,15.7131665026254,0.012,1.02233986323805,98.9957756518147,98.9311365477714,25.171539795251,0,0
382,normal,0.7,15,0.0487111557916963,20000,0.25,0.2,217.281754026588,217.444128078991,0.358213806689545,1.75323544060394,1.75323544060394,1.16175996409497,1,9.77759967420107,9.20932301847487,2.73543610338863,27.9765606543116,1539.81755313678,1575.35788790435,10.3305571834858,6.19843738281925,16.5289945663051,0.012,1.01773956550333,98.9379618189343,98.8733057335877,25.177160240118,0,0
383,normal,0.7,15,0.0487111557916963,22000,0.25,0.2,218.347094803009,218.266458316359,0.279394175300656,0.750261348172802,0.750261348172802,0.787973492564036,1,9.84478842651394,9.04427445450818,1.92465940183037,19.5500331591372,1558.71599917531,1589.31713456098,10.7112398833713,6.00129154988788,16.7125314332592,0.012,0.981586804901632,98.9391755253535,98.8775688481883,25.179235401848,1,0
384,normal,0.7,15,0.0487111557916963,24000,0.25,0.2,218.647379150275,218.586600786871,0.210229533004926,0.127610316881692,0.127610316881692,0.642454187785779,1,9.85292050061179,8.95386041211232,1.36266024615893,13.8300136094097,1561.53502937226,1588.84894513807,11.9373534460141,5.923713972121,17.8610674181351,0.012,0.962059395355107,98.8691204534169,98.8089328523529,25.1895435077713,1,1
385,normal,0.8,15,0.0358098621956764,2000,0.25,0.2,195.975111748525,190.059605884223,8.5131605949484,19.1127289888631,19.1127289888631,13.6092700526261,0,9.90231705281359,20.2642016877913,18.0756161628332,182.539258907059,1561.16459996996,1666.86053963509,3.5491508962032,30.6644952088755,34.2136461050787,0.012,4.92765444052183,97.8554523863384,97.5541363352475,25.3185243199505,0,0
386,normal,0.8,15,0.0358098621956764,6000,0.25,0.2,217.033997359247,217.034146478049,0.416661177833593,1.52196246013544,1.52196246013544,1.3481152372506,1,11.1623108451191,11.1076577536313,3.69665676787841,33.1173071523523,2009.85855491175,2055.59633699352,4.8507235312276,8.8748481994041,13.7255717306317,0.012,1.48056072926168,99.321719737276,99.249103865436,25.1523366845702,0,0
387,normal,0.8,15,0.0358098621956764,10000,0.25,0.2,217.74787847885,217.718422761376,0.381672935528126,1.08874315688495,1.08874315688495,1.03708056301111,1,11.2043072634673,10.8567297245131,2.72261051161771,24.2996773258356,2022.87826065475,2062.27494524737,6.95850586082794,8.57560635420298,15.5341122150309,0.012,1.4144229637335,99.2379308317698,99.1691189068904,25.1681556734218,0,0
388,normal,0.8,15,0.0358098621956764,12000,0.25,0.2,218.244634226394,218.257844075718,0.215631580225642,0.74890624548153,0.74890624548153,0.791889056491936,1,11.2245881597994,10.8964103196334,2.78652365603121,24.8251750207735,2031.72237403137,2073.72283638114,7.19879162669542,8.68202086519381,15.8808124918892,0.012,1.42478109424575,99.2244194287051,99.1554242372662,25.1722899225114,0,0
389,normal,0.8,15,0.0358098621956764,14000,0.25,0.2,218.5580587839,218.546034387926,0.161196875322992,0.598457925673761,0.598457925673761,0.660893460033507,1,11.2426296547855,10.7672871648601,2.15435388105432,19.1623663431562,2037.51470231363,2075.11292435609,7.84097373208545,8.37629929209694,16.2172730241824,0.012,1.39121367468674,99.2103510478034,99.1431906956716,25.1752502997477,1,0
390,normal,0.8,15,0.0358098621956764,16000,0.25,0.2,218.594968285705,218.579908188587,0.157399710422451,0.876518369988561,0.876518369988561,0.645496277915085,1,11.2513953021101,10.7013221967444,1.78701235599579,15.8825844085369,2038.80303628455,2073.02264566779,9.15742414391852,8.40529546866239,17.5627196125809,0.012,1.37421956110241,99.1459340556409,99.0797214711511,25.1861909209713,1,0
391,R7_R8_R12_R15_R20_R30_f17_f18_f19,0.8,15,0.0358098621956764,17000,0.25,0.2,218.47091525685,218.410823340985,0.218386831489295,0.670865620130419,0.670865620130419,0.722353026825172,1,11.2441417150456,10.7239147776205,1.95144796433586,17.3552416341807,2037.8087879345,2072.25153894574,9.72309121651772,8.41788318834462,18.1409744048623,0.012,1.380028177892,99.1176353266424,99.0511485969468,25.193897236597,1,0
392,R7_R8_R12_R15_R20_R30_f17_f18_f19,0.8,15,0.0358098621956764,18000,0.25,0.2,217.227926121443,217.269368224338,0.385416139835369,1.73054238845124,1.73054238845124,1.24119626166456,1,11.1758065462366,10.8961319363624,2.96942966589508,26.5701598681933,2014.57408196285,2054.24464081846,10.2094055556083,8.63081364311151,18.8402191987198,0.012,1.4247082940954,99.0734687373863,99.0041016808383,25.2003203059003,0,0
393,R7_R8_R12_R15_R20_R30_f17_f18_f19,0.8,15,0.0358098621956764,19000,0.25,0.2,217.524375993093,217.480839089413,0.360448343487148,1.31808936872886,1.31808936872886,1.14507314117603,1,11.1949789698673,10.8873693997788,2.88273960629362,25.7502905012405,2017.7095160745,2058.14973994559,10.7560908841798,8.64805904100426,19.4041499251841,0.012,1.42241774936687,99.0474684722287,98.978356682495,25.205852616155,0,0
394,normal,0.8,15,0.0358098621956764,20000,0.25,0.2,217.806633730121,217.872134603286,0.273839330968547,0.826786423508378,0.826786423508378,0.967211543961071,1,11.189536464024,10.8187218918973,2.55716131653924,22.8531478918799,2024.04709809755,2062.33729559355,11.5329763023185,8.50643179132559,20.0394080936441,0.012,1.4045369204906,99.0196399206713,98.9516480609217,25.2097045291277,0,0
395,normal,0.8,15,0.0358098621956764,22000,0.25,0.2,218.512780352464,218.464107947451,0.177134958332334,0.45956381304168,0.45956381304168,0.698132751158689,1,11.2400775980506,10.7060399436688,1.83908356072373,16.3618404293106,2037.33689904591,2071.34077320559,12.0918765249334,8.35868099944535,20.4505575243788,0.012,1.37543149530518,99.0061870841382,98.9400552454504,25.2133728131263,1,0
396,normal,0.8,15,0.0358098621956764,24000,0.25,0.2,218.585023397576,218.528456363258,0.244211562706087,0.7063045023321,0.7063045023321,0.668883471246395,1,11.2528587884824,10.6331737994939,1.32385429523594,11.7646041785483,2039.84964137883,2070.05216727862,13.3726258958379,8.24859588564584,21.6212217814837,0.012,1.35677262060291,98.9511749999543,98.8860923712907,25.2237684402998,1,1
397,normal,0.9,15,0.0231246771100846,2000,0.25,0.2,199.597060008301,198.247327573726,4.54297734572844,14.0180265363483,14.0180265363483,9.88757837557905,0,11.1091904340807,17.3538964868384,13.2918640097852,119.647458459336,2091.89119824319,2180.08698999833,3.3682779076035,21.4931116415194,24.8613895491229,0.012,3.61389267931082,98.8254938393602,98.6570584617948,25.2801369359999,0,0
398,normal,0.9,15,0.0231246771100846,6000,0.25,0.2,217.160359018164,217.122026893458,0.449039634336461,1.20129578529633,1.20129578529633,1.30816959388259,1,12.5521633790267,12.7713085921593,3.52598865050415,28.0906848009619,2545.13365516614,2593.54446667562,5.1959833059141,11.8031792947125,16.9991626006266,0.012,1.95727587787393,99.3365229748143,99.2606953037459,25.1825511933993,0,0
399,normal,0.9,15,0.0231246771100846,10000,0.25,0.2,217.637296184463,217.618618541078,0.351965757400257,1.0318974063875,1.0318974063875,1.082446117692,1,12.5861506261332,12.6123011103829,2.77940870321877,22.083071987457,2557.17635775395,2600.66706392344,7.52045543576145,11.5827363352537,19.1031917710152,0.012,1.90884167158759,99.258496937006,99.1850078328508,25.2010430337432,0,0
400,normal,0.9,15,0.0231246771100846,12000,0.25,0.2,218.121510721589,218.111015058056,0.263401324282598,0.814589688037696,0.814589688037696,0.858629519065398,1,12.6122729012626,12.6400940845534,2.78249342458332,22.0617920843179,2568.41236021838,2613.7495113724,7.98306275946681,11.5903658339712,19.573428593438,0.012,1.91726374159634,99.2436809862691,99.1702124790406,25.2057330127766,0,0
401,normal,0.9,15,0.0231246771100846,14000,0.25,0.2,218.392336462331,218.370344543049,0.155228640888199,0.635329293583585,0.635329293583585,0.740752480432137,1,12.6362339495075,12.5465906022229,2.23762476940973,17.7080036532319,2576.86540337539,2618.07816426677,8.90580891814557,11.4350950954185,20.3409040135641,0.012,1.88900322887746,99.2168160089672,99.1447059616618,25.2130181427481,1,0
402,normal,0.9,15,0.0231246771100846,16000,0.25,0.2,218.237616745642,218.204407542477,0.243589312470215,0.871693508596114,0.871693508596114,0.816178389783111,1,12.6212896587593,12.5083619884433,2.06636938786451,16.3720938488281,2571.76437227497,2610.92182078892,10.3550857462231,11.4912004119089,21.8462861581319,0.012,1.8775094356072,99.1576882949991,99.0859601716767,25.225290159249,1,0
403,R7_R8_R12_R15_R20_R30_f17_f18_f19,0.9,15,0.0231246771100846,17000,0.25,0.2,218.295868083517,218.266102941941,0.155135325942896,0.579660232551605,0.579660232551605,0.788135026390416,1,12.6136773162351,12.534241471555,2.19964849318097,17.4385981029481,2572.39660325429,2612.7310074111,10.9278682353969,11.3733050151079,22.3011732505048,0.012,1.88528651120698,99.1405097945339,99.0685274002512,25.2316943649413,1,0
404,R7_R8_R12_R15_R20_R30_f17_f18_f19,0.9,15,0.0231246771100846,18000,0.25,0.2,217.196879297157,217.034450586536,0.434567182764348,1.66113802384604,1.66113802384604,1.34797700612,1,12.5590676372346,12.6530593049939,3.06416459410587,24.3980260526775,2545.96048616004,2591.30138800588,11.4931678446093,11.4835295082164,22.9766973528257,0.012,1.9211989173083,99.1055952048852,99.0315337305123,25.2379318039056,0,0
405,R7_R8_R12_R15_R20_R30_f17_f18_f19,0.9,15,0.0231246771100846,19000,0.25,0.2,217.112975689348,217.109492589998,0.42235954486549,1.19015010001049,1.19015010001049,1.31386700454623,1,12.5415065627164,12.6477230045767,3.06070178854186,24.4045782955675,2544.03760462167,2589.18159942182,11.7596978266254,11.5166444282162,23.2763422548416,0.012,1.91957876640598,99.0933581659088,99.0193214914186,25.2414632675529,0,0
406,normal,0.9,15,0.0231246771100846,20000,0.25,0.2,216.648336454668,216.58623555202,0.609010362742972,1.03879710932909,1.03879710932909,1.55171111271825,1,12.5372733179176,12.5827402649829,2.89945326886064,23.1266655463025,2538.74348797768,2580.79677514811,12.9037951942096,11.4268087742577,24.3306039684673,0.012,1.89990423091227,99.050725687372,98.9773577339,25.2489285343815,0,0
407,normal,0.9,15,0.0231246771100846,22000,0.25,0.2,217.976970907188,217.978379792652,0.312938450901911,0.525563973600459,0.525563973600459,0.918918276067405,1,12.6038571356381,12.4779196306554,1.96989198453404,15.6292789051382,2564.72099072754,2602.41393240032,13.4948375055502,11.2408965709703,24.7357340765205,0.012,1.86838173970915,99.0447519806151,98.9733393255425,25.253380449743,1,0
408,normal,0.9,15,0.0231246771100846,24000,0.25,0.2,218.557768297797,218.519566602575,0.18110226056278,0.280494660485304,0.280494660485304,0.672924271556897,1,12.6411035547773,12.4153175428655,1.22408365380453,9.68336070106731,2579.08067263787,2612.50188995126,14.9646496249186,11.1564145689047,26.1210641938233,0.012,1.84968131628221,98.997349655325,98.9271118584237,25.2654837415285,1,1
409,normal,0.95,15,0.0156935100164858,2000,0.25,0.2,203.924317532791,202.393525374164,2.5485810992216,10.0441476579573,10.0441476579573,8.00294301174384,0,12.4101372471317,16.335375299408,10.6636094563197,85.9266037431162,2475.45883167736,2552.39467229864,3.51532713014105,19.3580992364154,22.8734263665564,0.012,3.2021338340701,99.0844521863371,98.9576173613567,25.2374311463073,0,0
410,normal,0.95,15,0.0156935100164858,6000,0.25,0.2,216.566374350892,216.528746628892,0.676223728206641,1.70742413671648,1.70742413671648,1.57784244141294,1,13.2267284180618,13.6974810432437,3.58727066658314,27.1213753938165,2820.29708526214,2871.65349711278,5.81162056583223,13.6172101862393,19.4288307520715,0.012,2.25145184316025,99.3158202119963,99.2371409132094,25.204106829287,0,0
411,normal,0.95,15,0.0156935100164858,10000,0.25,0.2,217.652120451248,217.669388473992,0.33154529831366,0.991565904618612,0.991565904618612,1.0593688754581,1,13.2891989731736,13.5824397576485,2.8184729244654,21.2087495277552,2849.92226354765,2895.6176967425,7.93759340458817,13.4262465729901,21.3638399775782,0.012,2.2137920372418,99.2559487558085,99.1794803246302,25.2213189513654,0,0
412,normal,0.95,15,0.0156935100164858,12000,0.25,0.2,218.071317363807,218.068408895703,0.243914438265214,0.843623163235701,0.843623163235701,0.877995956498836,1,13.317214754268,13.5841315400927,2.70200870544655,20.2895932468205,2861.04532863529,2908.29260768206,8.7941654933326,13.3816980869981,22.1758635803307,0.012,2.21434355638251,99.230864990858,99.1547131504296,25.2285858589144,0,0
413,normal,0.95,15,0.0156935100164858,14000,0.25,0.2,218.372723648668,218.358521969819,0.184734119536932,0.603841663381265,0.603841663381265,0.746126377354893,1,13.3345106148807,13.4916796416269,2.07369741540396,15.551357491064,2869.10133068469,2911.88477559451,9.38291160789539,13.1195849787539,22.5024965866493,0.012,2.18430503462749,99.2217987687517,99.1469036262304,25.2321843042229,1,0
414,normal,0.95,15,0.0156935100164858,16000,0.25,0.2,218.233245361755,218.180958041885,0.146567496086287,0.961297949983024,0.961297949983024,0.826837253688834,1,13.3445189443064,13.4903231845609,2.12184142520375,15.9004714524314,2869.63265780347,2910.91446227075,10.8324635039664,13.2014859415363,24.0339494455028,0.012,2.1838658354868,99.169429215332,99.094641953213,25.2456304457801,1,0
415,R7_R8_R12_R15_R20_R30_f17_f18_f19,0.95,15,0.0156935100164858,17000,0.25,0.2,217.88367403081,218.092528005997,0.232921634745625,1.26664215271052,1.26664215271052,0.867032724546988,1,13.3074426120595,13.5130488197249,2.38844547669745,17.9481929498083,2856.06564049309,2898.56788915403,11.6217481499881,13.2899813109325,24.9117294609207,0.012,2.19122986085123,99.1353028412952,99.0599592641404,25.2549748505982,1,0
416,R7_R8_R12_R15_R20_R30_f17_f18_f19,0.95,15,0.0156935100164858,18000,0.25,0.2,216.90500063946,217.148736316308,0.398869438886006,0.901734107303203,0.901734107303203,1.29602894713293,1,13.2220965610248,13.5894642072318,3.06495094458728,23.1805215643481,2828.41352560367,2875.08878589697,12.2036986899159,13.3077746563632,25.5114733462791,0.012,2.21608244927561,99.1060916682931,99.0291951620971,25.2615162125385,0,0
417,R7_R8_R12_R15_R20_R30_f17_f18_f19,0.95,15,0.0156935100164858,19000,0.25,0.2,216.215780974753,216.390447627109,0.527550435148772,1.55051502442281,1.55051502442281,1.64070562404151,1,13.209960394612,13.63391156891,3.42284377289272,25.9110827787857,2811.03028427409,2860.56735578859,12.6540706892109,13.4695551585839,26.1236258477948,0.012,2.23060253602631,99.0792312762943,99.0013952581125,25.2665529902548,0,0
418,normal,0.95,15,0.0156935100164858,20000,0.25,0.2,216.241552555246,216.350077090266,0.5389492647478,1.8998732700422,1.8998732700422,1.65905586806098,1,13.209630300197,13.569451189949,3.14931397027568,23.8410455001812,2812.80022740093,2859.38168182627,13.6672734712518,13.2706610673292,26.9379345385809,0.012,2.2095600671569,99.0513937200399,98.974383153496,25.2723418368537,0,0
419,normal,0.95,15,0.0156935100164858,22000,0.25,0.2,218.418849019203,218.393690286808,0.162645186739106,0.197485044759242,0.197485044759242,0.730140778723748,1,13.3210847388416,13.4191908032934,1.51007719336257,11.3359926985488,2868.91879151636,2907.25243498743,14.4759257373594,13.0283481621164,27.5042738994758,0.012,2.16089618178233,99.0504055078181,98.9765633676898,25.2778167265413,1,1
420,normal,0.95,15,0.0156935100164858,24000,0.25,0.2,218.506075888947,218.468685340402,0.181282797404609,0.383665329903446,0.383665329903446,0.696052117998895,1,13.3488957766074,13.3966038583567,1.23653597274721,9.26320793450288,2874.34143353395,2909.82983153326,15.8675111169472,12.996256987694,28.8637681046412,0.012,2.15362793925285,99.0057964869879,98.9324073939465,25.2903604758238,1,1
421,normal,0.99,15,0.0068035053395639,2000,0.25,0.2,200.067267349783,198.2693013611,4.8453896873073,12.6544579520723,12.6544579520723,9.87759029040891,0,12.5229359404172,18.8233786043479,13.7256096440744,109.603767913366,2573.52837118054,2664.40553866193,3.70576847380519,26.5894276458313,30.2951961196365,0.012,4.25183498499147,98.8365111791715,98.6753821966053,25.2976074500033,0,0
422,normal,0.99,15,0.0068035053395639,6000,0.25,0.2,216.595750072257,216.530803835447,0.639074721261913,1.60054568758944,1.60054568758944,1.57690734752404,1,13.7968667763297,14.5908622635853,3.55779956708766,25.787011100169,3065.74205797665,3118.50855800455,5.91359050677316,15.4277637885835,21.3413542953567,0.012,2.55471913913902,99.3086887704259,99.2265737145217,25.2219491839297,0,0
423,normal,0.99,15,0.0068035053395639,10000,0.25,0.2,217.505946181188,217.460719676535,0.399664478985113,1.07942521162807,1.07942521162807,1.1542183288478,1,13.8474962706483,14.4814236478045,2.78494199318424,20.1115200809789,3090.60701709209,3139.04886216272,8.57592867117959,15.1858116999473,23.7617403711269,0.012,2.5165395704063,99.2370286815206,99.156905774924,25.2424716313168,0,0
424,normal,0.99,15,0.0068035053395639,12000,0.25,0.2,217.992531221128,217.987251095805,0.24952457587083,0.819694861279422,0.819694861279422,0.914885865543405,1,13.879966060976,14.4997698488769,2.71528967444069,19.5626535577404,3104.3636816729,3153.94334687545,9.07035930114198,15.2415818053617,24.3119411065037,0.012,2.5229199080448,99.2229318715724,99.1429843668898,25.2477601490974,1,0
425,normal,0.99,15,0.0068035053395639,14000,0.25,0.2,218.26309129856,218.275126526525,0.174616697217377,0.604472388323901,0.604472388323901,0.784033397033904,1,13.8993798370112,14.4290823081016,2.19564656745994,15.7967232582088,3112.63058731036,3158.38491578837,9.91880790740363,15.0920464446799,25.0108543520835,0.012,2.49838099504764,99.202877230649,99.1239487124541,25.2546018239134,1,0
426,normal,0.99,15,0.0068035053395639,16000,0.25,0.2,218.339698198437,218.304863374854,0.151662516843798,0.367526256740557,0.367526256740557,0.770516647793536,1,13.9024009536875,14.3963257764574,1.93316056694552,13.905228121282,3114.7591901515,3158.32318986189,11.4545423010427,15.0694742393703,26.524016540413,0.012,2.48705035034269,99.155631161052,99.0771887091377,25.2681618899567,1,1
427,R7_R8_R12_R15_R20_R30_f17_f18_f19,0.99,15,0.0068035053395639,17000,0.25,0.2,218.209924381091,218.190412071562,0.236181885199517,0.689833860296471,0.689833860296471,0.822539967471776,1,13.8973214733002,14.418802216817,2.15267265422255,15.4898385157047,3110.71663976595,3154.73980653572,12.2747754042164,15.0299788905663,27.3047542947827,0.012,2.49482228841225,99.1298735455895,99.0511248937973,25.2760897715922,1,0
428,R7_R8_R12_R15_R20_R30_f17_f18_f19,0.99,15,0.0068035053395639,18000,0.25,0.2,217.600991862608,217.690241000726,0.316294010460192,0.912231809583158,0.912231809583158,1.04989045421545,1,13.847879032976,14.5056902984966,2.88035165183804,20.7999481002039,3092.58340970575,3141.49342972699,12.8738772267711,15.099095380678,27.972972607449,0.012,2.52498061243077,99.1035902198084,99.0234659403395,25.2835852174455,0,0
429,R7_R8_R12_R15_R20_R30_f17_f18_f19,0.99,15,0.0068035053395639,19000,0.25,0.2,216.753401119994,216.689189099374,0.426938486506383,1.83032633009292,1.83032633009292,1.50491404573895,1,13.7840440263536,14.5136820382925,3.18237471893445,23.0873806906747,3064.85306185204,3115.63155518614,13.0742037495611,15.1045601253415,28.1787638749026,0.012,2.52776359570386,99.0889597824206,99.0080459902461,25.2850793413903,0,0
430,normal,0.99,15,0.0068035053395639,20000,0.25,0.2,217.503163794765,217.537521013106,0.378492246929529,0.992791332589186,0.992791332589186,1.11930863040636,1,13.8456959338998,14.4359959681743,2.5429702122958,18.3665033844171,3092.93122772964,3138.77645755787,14.2712679584638,15.0419466769687,29.3132146354324,0.012,2.50077575511775,99.061149273334,98.9818692991011,25.2937129092069,1,0
431,normal,0.99,15,0.0068035053395639,22000,0.25,0.2,218.258590996242,218.213958782506,0.192011265354262,0.833731811300164,0.833731811300164,0.81183691704289,1,13.9074364144111,14.3646803440098,1.72619474337924,12.412026860612,3113.5071017916,3154.56765391074,15.1901054344705,14.8255030156235,30.015608450094,0.012,2.476128496627,99.0451601207683,98.9672044202104,25.3006972934625,1,1
432,normal,0.99,15,0.0068035053395639,24000,0.25,0.2,218.614986678371,218.614708940216,0.109565663081353,0.461537356879533,0.461537356879533,0.629677754447342,1,13.920339401834,14.3199838139532,1.01046044262852,7.2588779156878,3122.70640332601,3160.3228574884,16.8186178202867,14.792807729758,31.6114255500447,0.012,2.46074323718256,98.9978363860274,98.9206664956415,25.314670213063,1,1
433,normal,0.6,20,0.0848826363156775,2000,0.25,0.2,203.490692664112,202.687256029187,3.2885514358688,12.9711473816209,12.9711473816209,7.8694290776422,0,5.92939588950164,12.1649121966142,11.2270617519156,189.345794430658,742.378358476226,809.856862062355,2.60067309681619,11.405196570364,14.0058696671802,0.012,1.77582106501601,98.1483128354542,97.9184222713036,25.1566240886875,0,0
434,normal,0.6,20,0.0848826363156775,6000,0.25,0.2,217.167654478714,217.068391987895,0.554660650246942,1.78199987299757,1.78199987299757,1.33254909641155,1,6.30581418998806,6.29337744899692,3.78351048264562,60.0003483872521,848.707271199994,887.461484606545,3.39150228056411,2.80889819955754,6.20040048012164,0.012,0.475279196586516,99.2747286419905,99.2195683033119,25.082714049343,0,0
435,normal,0.6,20,0.0848826363156775,10000,0.25,0.2,218.152562210298,218.149233258599,0.351842511297272,1.02767066211231,1.02767066211231,0.841257609727638,1,6.33172825743751,5.73954196873616,2.72329775003574,43.0103383991068,856.486589123214,888.767188919297,4.70299849409238,2.44192522207232,7.1449237161647,0.012,0.395308104130605,99.1726883966202,99.1273150743097,25.0905225498009,0,0
436,normal,0.6,20,0.0848826363156775,12000,0.25,0.2,218.252462550894,218.196110041121,0.311175532226115,0.902250275452852,0.902250275452852,0.8199499813085,1,6.33719270708912,5.87231944066489,2.98924528899315,47.1698656985644,857.449928149477,892.899593887313,4.82730605732931,2.53753486049631,7.36484091782561,0.012,0.413809627358529,99.1483909408984,99.1009716118116,25.0927836775195,0,0
437,normal,0.6,20,0.0848826363156775,14000,0.25,0.2,218.846747112251,218.835094681251,0.191957987035269,0.66646535938364,0.66646535938364,0.529502417613359,1,6.35498595177562,5.507086789971,2.15347262271793,33.8863474924951,862.112498759001,892.256438254612,5.04408125207954,2.27072266455901,7.31480391663855,0.012,0.363936058947277,99.1586641120968,99.1171743708574,25.0916645115345,0,0
438,normal,0.6,20,0.0848826363156775,16000,0.25,0.2,219.082298855492,219.095733435481,0.0938962202383165,0.427850586088181,0.427850586088181,0.411030256599658,1,6.36012362035629,5.32204552169249,1.60576076773323,25.2473200771414,863.980673445566,890.421569349325,5.84750452429762,2.17096365693277,8.01846818123039,0.012,0.339890022419605,99.0804499914678,99.0418452115059,25.0981441170956,0,0
439,R7_R8_R12_R15_R20_R30_f17_f18_f19,0.6,20,0.0848826363156775,17000,0.25,0.2,218.694032332739,218.848258795241,0.223296720136613,0.746664589631727,0.746664589631727,0.523518729435815,1,6.34513352422602,5.54506717245993,2.25764135374611,35.5806752549229,860.968443651645,890.126166591246,6.38947050614478,2.35898088870929,8.74845139485407,0.012,0.368973239365113,98.9941035474094,98.9521235815287,25.105797309427,0,0
440,R7_R8_R12_R15_R20_R30_f17_f18_f19,0.6,20,0.0848826363156775,18000,0.25,0.2,217.574426152561,217.717737143766,0.401968352811399,1.20824650783402,1.20824650783402,1.03739220737919,1,6.30466107132809,5.84719019550218,2.96722237411295,47.0639474595563,851.543266149801,884.71358333796,6.73315884851538,2.55226656883876,9.28542541735414,0.012,0.410275598188522,98.9213387624836,98.8742147783379,25.1107580764711,0,0
441,R7_R8_R12_R15_R20_R30_f17_f18_f19,0.6,20,0.0848826363156775,19000,0.25,0.2,217.370421879892,217.189055622881,0.531140154821254,2.15440359784517,2.15440359784517,1.27770198959935,1,6.3294870007505,5.92939851330071,3.13421196218454,49.5176301304182,851.409290487428,885.638926274129,7.00421743531335,2.60495029656652,9.60916773187986,0.012,0.421893200754392,98.8839765698226,98.8355478221912,25.1136870495167,0,0
442,normal,0.6,20,0.0848826363156775,20000,0.25,0.2,217.077732488602,216.843716911593,0.536665599707669,1.85377828206458,1.85377828206458,1.43467413109407,1,6.31428178660107,5.85760175141355,3.00732955345529,47.6274207438264,848.998260335901,881.38262537788,7.68203770345961,2.69827032392765,10.3803080273873,0.012,0.411737979337957,98.7921146268336,98.7448048754315,25.1195032705849,0,0
443,normal,0.6,20,0.0848826363156775,22000,0.25,0.2,218.410135452953,218.352175677359,0.258751069231798,0.440845819851476,0.440845819851476,0.749011055745838,1,6.33218500511895,5.44618580743383,2.01870793700391,31.8801161900983,858.214644803619,885.093150225124,7.78273525890555,2.31253343248713,10.0952686913927,0.012,0.355931278189124,98.8373657222502,98.7968676295417,25.1167591579589,0,0
444,normal,0.6,20,0.0848826363156775,24000,0.25,0.2,219.143811746761,219.129869639273,0.123201560546523,0.652562398566813,0.652562398566813,0.395513800330501,1,6.36466601642715,5.18742907208569,1.07193369227183,16.84194723659,864.581105026052,886.832674857718,8.72004838284894,2.14082489247727,10.8608732753262,0.012,0.322913044535038,98.7593839975095,98.7229693231167,25.123085351159,1,0
445,normal,0.7,20,0.0649482077222618,2000,0.25,0.2,199.887970863093,198.909620670769,4.21433047781719,15.527894256213,15.527894256213,9.58653605874128,0,6.70004042930215,14.8642679724671,13.7200887806236,204.776208821364,958.148429402355,1037.78771020661,2.80583211087738,16.7870510851116,19.592883195989,0.012,2.65135754828773,97.9961076673828,97.7310886319713,25.2001894411263,0,0
446,normal,0.7,20,0.0649482077222618,6000,0.25,0.2,217.225622941597,217.209190206438,0.517366587014059,1.38910155152528,1.38910155152528,1.26854990616435,1,7.34020881902768,7.18114299471286,3.43712048396755,46.8259223778166,1155.52996114747,1194.30933178617,3.84943397540425,3.79115710259404,7.64059107799829,0.012,0.618825776526163,99.3431237522838,99.2902996873279,25.0957451618096,0,0
447,normal,0.7,20,0.0649482077222618,10000,0.25,0.2,217.870317680613,217.935364903191,0.381018514722988,1.11785880885037,1.11785880885037,0.938470498549681,1,7.36534416405118,6.89283592941773,2.74175719321282,37.2251062834891,1162.83090775521,1196.33466044484,5.09628243400247,3.50423103561595,8.60051346961843,0.012,0.570134245798463,99.2658116118632,99.2175225644872,25.1048014650794,0,0
448,normal,0.7,20,0.0649482077222618,12000,0.25,0.2,218.565429312505,218.537536690291,0.22349489280311,0.768160558062863,0.768160558062863,0.664756049867712,1,7.38737261810567,6.91353868355258,2.74694042635755,37.1842679171901,1170.25428192018,1205.9555069128,5.37731984100564,3.40468938256997,8.78200922357561,0.012,0.573564205547735,99.2551536123577,99.2068925681913,25.1070548859245,0,0
449,normal,0.7,20,0.0649482077222618,14000,0.25,0.2,218.628274850979,218.612789925152,0.157248768292788,0.939521824006425,0.939521824006425,0.630550034021811,1,7.39199772361306,6.75801463449721,2.32351967042736,31.4329056542467,1171.0296528464,1203.04025204629,5.72805366924284,3.36602317307113,9.09407684231397,0.012,0.548049141600942,99.2293963240013,99.1833356097096,25.1091857988336,0,0
450,normal,0.7,20,0.0649482077222618,16000,0.25,0.2,218.825797345693,218.786516225482,0.186565476041782,0.259892384075499,0.259892384075499,0.551583533871939,1,7.39671544059499,6.59666832963159,1.77989742028351,24.0633485846297,1173.15206815834,1201.31092543103,6.58682311254084,3.22794736387592,9.81477047641676,0.012,0.522192396613973,99.1703258150716,99.1265687638843,25.1143944737481,0,0
451,R7_R8_R12_R15_R20_R30_f17_f18_f19,0.7,20,0.0649482077222618,17000,0.25,0.2,218.298488272512,218.374835432221,0.291470904275351,0.790580889798425,0.790580889798425,0.738711167172154,1,7.36373203557616,6.78553246399436,2.42803948075209,32.9729472639904,1166.48209776845,1197.82817397008,7.1511698348833,3.3866746397282,10.5378444746115,0.012,0.552521409839057,99.1047012802069,99.0582009832289,25.1237342658898,0,0
452,R7_R8_R12_R15_R20_R30_f17_f18_f19,0.7,20,0.0649482077222618,18000,0.25,0.2,217.625028403298,217.631552094544,0.372089952672035,1.1282627582572,1.1282627582572,1.07656722975263,1,7.3500696848799,6.95715679623138,2.91693327217327,39.6857907099003,1159.79260358125,1193.91987797703,7.51721018435578,3.58324667969693,11.1004568640527,0.012,0.580824368248183,99.0519666364893,99.0028560274598,25.1276742584192,0,0
453,R7_R8_R12_R15_R20_R30_f17_f18_f19,0.7,20,0.0649482077222618,19000,0.25,0.2,217.862370187429,217.94105561576,0.299987069446389,1.19087989972563,1.19087989972563,0.935883811018037,1,7.36017571303314,6.92342906576503,2.81877813602994,38.2977016572926,1161.87773602958,1196.25901739521,7.77111365125584,3.59278518716738,11.3638988384232,0.012,0.57520644034416,99.0314101971243,98.9828817530459,25.1293506628738,0,0
454,normal,0.7,20,0.0649482077222618,20000,0.25,0.2,217.83655678078,217.672119381869,0.397761178796152,1.2894190330223,1.2894190330223,1.0581275536961,1,7.35498299501123,6.82890894989426,2.57950860911989,35.0715781514319,1160.61849935627,1192.84713187529,8.45187481975038,3.53225315135247,11.9841279711028,0.012,0.559607969351351,98.9779889886127,98.9307756793517,25.1341084223976,0,0
455,normal,0.7,20,0.0649482077222618,22000,0.25,0.2,218.34366072961,218.225371868409,0.272886669247706,1.39725162221834,1.39725162221834,0.806649150723395,1,7.39929266538422,6.63967506419951,1.98153010799943,26.779993677903,1170.59543318267,1197.71511316058,8.8212669406417,3.32748849358581,12.1487554342275,0.012,0.529023419497833,98.9728332169246,98.9285839715828,25.1356649528387,0,0
456,normal,0.7,20,0.0649482077222618,24000,0.25,0.2,219.176556216555,219.167374026142,0.0743772803718385,0.161388098226198,0.161388098226198,0.378466351753727,1,7.40857241509071,6.42253259759877,0.877110583345978,11.839130863584,1176.88474793463,1200.08419022487,9.91659975961939,3.18765202144325,13.1042517810626,0.012,0.494987099606625,98.8987921918443,98.8576714150479,25.1438937387024,1,1
457,normal,0.8,20,0.0477464829275686,2000,0.25,0.2,201.78947135131,199.586453465007,2.73903360553013,12.9896501379165,12.9896501379165,9.27888478863304,0,7.77896367332316,14.4775669672644,12.6548117924188,162.679918866528,1285.08995510141,1362.56988304377,2.77928087735149,15.2259920105832,18.0052728879347,0.012,2.5151993434995,98.6182688339887,98.4282852065333,25.1884566787568,0,0
458,normal,0.8,20,0.0477464829275686,6000,0.25,0.2,217.130281258322,217.105591573018,0.559002730702158,1.49979079295886,1.49979079295886,1.31564019408271,1,8.37677235476747,8.37372953560272,3.44111708305883,41.0792717925585,1507.99110396517,1547.9558645339,3.98443427030258,5.01564002743059,9.00007429773317,0.012,0.841432156025105,99.4067154491934,99.3516079186728,25.1089662165414,0,0
459,normal,0.8,20,0.0477464829275686,10000,0.25,0.2,217.918574032962,217.950097771453,0.345589545987734,0.951468860024716,0.951468860024716,0.931773740248642,1,8.40440175525456,8.15026726963315,2.77793853647259,33.0533762826816,1518.94850046863,1554.56409557086,5.64690358669552,4.8177325833179,10.4646361700134,0.012,0.79712227879744,99.3157744026567,99.2640384951557,25.1215051149359,0,0
460,normal,0.8,20,0.0477464829275686,12000,0.25,0.2,218.363187408924,218.352639856465,0.283089256798162,0.857331235973689,0.857331235973689,0.74880006524309,1,8.42468023539107,8.1501373168489,2.73393289019022,32.4514736916102,1525.67159231456,1562.73867773649,5.87074338948979,4.87016636842608,10.7409097579159,0.012,0.797096859401916,99.3009097658716,99.2494187763767,25.1239647970773,0,0
461,normal,0.8,20,0.0477464829275686,14000,0.25,0.2,218.662681480602,218.63157505358,0.181836234500965,0.617995674238191,0.617995674238191,0.622011339282021,1,8.43756306282015,7.99884449920701,2.20690257236677,26.1556868486283,1530.09021254925,1563.2112900463,6.3928395341162,4.68219767081198,11.0750372049282,0.012,0.76777815986993,99.2813854836985,99.2319500814624,25.1271982431168,0,0
462,normal,0.8,20,0.0477464829275686,16000,0.25,0.2,218.912086713772,218.912108975355,0.0713824138453637,0.425821949917569,0.425821949917569,0.494495920293151,1,8.44055999065205,7.89100992259658,1.73738122839916,20.583719922888,1532.06943650193,1562.5074354496,7.40500218860066,4.55140700940936,11.95640919801,0.012,0.747216451182212,99.2256341283853,99.1776380647458,25.1350459137316,0,0
463,R7_R8_R12_R15_R20_R30_f17_f18_f19,0.8,20,0.0477464829275686,17000,0.25,0.2,218.34523761903,218.288381407444,0.249618160742936,0.637396285962531,0.637396285962531,0.778008451161893,1,8.42578437844669,8.01760462438284,2.3131653435648,27.4534125212357,1525.5933759432,1557.46660111591,7.94798936973306,4.76127140621849,12.7092607759516,0.012,0.771383806955101,99.1738127158738,99.1241068068774,25.142161133906,0,0
464,R7_R8_R12_R15_R20_R30_f17_f18_f19,0.8,20,0.0477464829275686,18000,0.25,0.2,217.008540197265,217.057338238596,0.6182889116535,1.35289731309533,1.35289731309533,1.33757352791113,1,8.37637423957188,8.2588876074354,3.16326177213823,37.7640931704588,1506.71654676227,1544.03612804633,8.33314412119274,4.94126172011415,13.2744058413069,0.012,0.818510694147,99.1266786280162,99.0733279299239,25.147413181404,0,0
465,R7_R8_R12_R15_R20_R30_f17_f18_f19,0.8,20,0.0477464829275686,19000,0.25,0.2,216.968870959443,216.928498842162,0.574244527640872,1.29594707197506,1.29594707197506,1.39613688992649,1,8.36968291273837,8.24488567240461,3.12959785594294,37.3920719407398,1506.51616659636,1542.81710510962,8.60323667287563,4.93708467297925,13.5403213458549,0.012,0.815737677012275,99.1092224892125,99.0560640939431,25.1500519396835,0,0
466,normal,0.8,20,0.0477464829275686,20000,0.25,0.2,217.278366290471,217.289331711761,0.402392731465961,0.512160969066414,0.512160969066414,1.23212194919943,1,8.36993099211753,8.12941931771286,2.78171791398839,33.2346576884338,1509.34508116956,1543.86638737389,9.36813539074194,4.80391245621314,14.1720478469551,0.012,0.793049501318437,99.0697808657981,99.018238048976,25.1537310761494,0,0
467,normal,0.8,20,0.0477464829275686,22000,0.25,0.2,218.459263154347,218.371619341131,0.2342583955796,1.22072364478258,1.22072364478258,0.74017302675871,1,8.41399179685284,7.90890170854393,1.88358956604291,22.3863965109574,1525.08557045466,1554.79307649744,9.84145365448648,4.64503471653127,14.4864883710178,0.012,0.75060871482491,99.0590574641847,99.0107853758867,25.1578429353082,0,0
468,normal,0.8,20,0.0477464829275686,24000,0.25,0.2,218.650012354854,218.71788255485,0.204833143757116,0.491770817815127,0.491770817815127,0.58278065688627,1,8.43496873152304,7.82819558465514,1.4749933666007,17.4866488963779,1529.58450232419,1555.80795450067,10.8084475366082,4.60280187236252,15.4112494089707,0.012,0.735367753339371,99.002505386071,98.9554058297232,25.1660111977085,1,0
469,normal,0.9,20,0.0308329028134462,2000,0.25,0.2,196.412515356067,194.000488135062,4.99152243237595,25.3549285596909,25.3549285596909,11.8179599386082,0,8.48969920773613,18.3405714523624,16.5074594121458,194.441039761498,1500.94515531312,1597.02521190356,3.12698129731014,24.1239980667417,27.2509793640518,0.012,4.03651873439053,98.2167878359535,97.9580452075095,25.251972598754,0,0
470,normal,0.9,20,0.0308329028134462,6000,0.25,0.2,216.839271689198,216.791954626873,0.554676453488317,2.05525553784554,2.05525553784554,1.45820244233024,1,9.41348420010658,9.78094175850344,3.70019519618194,39.3073926457543,1905.87833870251,1948.68472276771,4.42461686278872,6.99415564545604,11.4187725082448,0.012,1.14800186019884,99.4044338542275,99.3449500179691,25.1311890792563,0,0
471,normal,0.9,20,0.0308329028134462,10000,0.25,0.2,217.687194332252,217.668175311764,0.355509545205736,1.09774651724007,1.09774651724007,1.05992031283463,1,9.44650398452152,9.54261312823764,2.90305014840654,30.7314764611681,1919.44127490141,1958.00935323613,6.30566037992998,6.65655245886818,12.9622128387982,0.012,1.09273758378256,99.3292180995825,99.273081051905,25.143899497366,0,0
472,normal,0.9,20,0.0308329028134462,12000,0.25,0.2,218.389055348143,218.380581754906,0.194609700521173,0.748250890257866,0.748250890257866,0.736099202315627,1,9.47177870016491,9.50670374573135,2.68361758017457,28.3327732322109,1931.28506169113,1970.47172452694,6.70576667513539,6.48798893798187,13.1937556131173,0.012,1.08452899330923,99.321475991628,99.2661105261055,25.1466797436828,0,0
473,normal,0.9,20,0.0308329028134462,14000,0.25,0.2,218.629526507213,218.63031283898,0.148088314667599,0.589750882365287,0.589750882365287,0.622585073191095,1,9.48674081036583,9.38212317539524,2.1598008013362,22.7665206050139,1936.2316521278,1971.10998782592,7.16958212702142,6.4182003339655,13.5877824609869,0.012,1.05629082333946,99.3031261141444,99.2493589881932,25.1503606801526,0,0
474,normal,0.9,20,0.0308329028134462,16000,0.25,0.2,218.808029993202,218.817256879127,0.0845798726615746,0.426754096066937,0.426754096066937,0.537610509487779,1,9.49230728586038,9.29809296998019,1.72006407432987,18.1206109592771,1938.97342531035,1971.36737917752,8.30859714298572,6.37091142207658,14.6795085650623,0.012,1.03745439454074,99.2486122631852,99.1959359367642,25.1594127309761,1,0
475,R7_R8_R12_R15_R20_R30_f17_f18_f19,0.9,20,0.0308329028134462,17000,0.25,0.2,218.597524586102,218.548979918347,0.232273980004708,0.720810803769365,0.720810803769365,0.659554582569396,1,9.47990987024349,9.37880048721517,2.15136070355057,22.6938940664771,1934.551228513,1968.54369418155,8.87588218152408,6.43609696745138,15.3119791489755,0.012,1.05554278294785,99.2147152123899,99.1610351826189,25.1665085587557,0,0
476,R7_R8_R12_R15_R20_R30_f17_f18_f19,0.9,20,0.0308329028134462,18000,0.25,0.2,217.77202121605,217.66539371615,0.3128798849634,0.999931688072247,0.999931688072247,1.06118467447746,1,9.43744456949124,9.53201796209075,2.85782887529688,30.2818083248455,1918.43123491177,1956.99885435594,9.36717901320488,6.62235204835924,15.9895310615641,0.012,1.09031239715545,99.1734202122505,99.1175538259849,25.172898762529,0,0
477,R7_R8_R12_R15_R20_R30_f17_f18_f19,0.9,20,0.0308329028134462,19000,0.25,0.2,217.276751916562,217.259432933434,0.348947114540446,1.35167273834496,1.35167273834496,1.24571230298452,1,9.4239568945441,9.60375283029523,3.1494588678552,33.4197079114247,1910.18471701033,1950.76683847502,9.63454804933573,6.77973644300511,16.4142844923408,0.012,1.10678482110484,99.1480175957977,99.0910921449865,25.1764180124757,0,0
478,normal,0.9,20,0.0308329028134462,20000,0.25,0.2,217.19404369327,217.023982327282,0.439759813048593,1.35113761208853,1.35113761208853,1.35273530578075,1,9.41356579601571,9.48471418844514,2.77746428303031,29.5049117753643,1910.17642158907,1946.61861248768,10.4475360792734,6.58167770500114,17.0292137842745,0.012,1.07951763883791,99.1163779582361,99.0608893402086,25.1808147978113,0,0
479,normal,0.9,20,0.0308329028134462,22000,0.25,0.2,218.672281136249,218.621549145131,0.166480781702647,0.841582295188212,0.841582295188212,0.626568570394981,1,9.47956557057158,9.2668063260138,1.57554818853063,16.6204682778056,1934.72426400739,1965.24256675974,11.1478846946184,6.2923510954092,17.4402357900276,0.012,1.03048439380619,99.1066205849027,99.0543330116383,25.1843270445578,1,0
480,normal,0.9,20,0.0308329028134462,24000,0.25,0.2,218.87429514063,218.851799188676,0.127318706165756,0.285002085343534,0.285002085343534,0.521909459692929,1,9.49756863968285,9.20940417471825,1.12531392648425,11.8484421558424,1940.86239121208,1968.24379088782,12.2519867963863,6.25241398284988,18.5044007792362,0.012,1.01775750303981,99.055592814226,99.0041668973921,25.193982845759,1,1
481,normal,0.95,20,0.020924680021981,2000,0.25,0.2,203.545718223941,201.821720629759,3.13447606632504,10.6471869853152,10.6471869853152,8.26285425920055,0,9.30577916639171,14.9983502942031,11.8601451415392,127.449243416099,1854.81517779594,1929.97182490915,3.21282639017618,16.2403435695804,19.4531699597566,0.012,2.69940613857147,98.962092595596,98.819767891464,25.202851399951,0,0
482,normal,0.95,20,0.020924680021981,6000,0.25,0.2,217.061058628623,217.052952111236,0.602160644957261,1.46756993546301,1.46756993546301,1.33956722216553,1,9.93922177725612,10.4288409908859,3.38626336244062,34.0697032255522,2125.09045931499,2168.87789537627,4.63840018110755,7.9653736166064,12.6037737977139,0.012,1.30512869295819,99.410403340081,99.349747235131,25.1403194411462,0,0
483,normal,0.95,20,0.020924680021981,10000,0.25,0.2,217.775093391963,217.741965727942,0.363682961305453,0.963194023057916,0.963194023057916,1.02637921457203,1,9.97221173550452,10.2960937371875,2.8398251492797,28.4773852040158,2139.91862588699,2179.50895533724,6.78033624247112,7.81007121742161,14.5904074598927,0.012,1.27211455493942,99.3227966448937,99.2641868108796,25.1580605716225,0,0
484,normal,0.95,20,0.020924680021981,12000,0.25,0.2,218.214268093338,218.205279236792,0.250254414031228,0.819198258793593,0.819198258793593,0.815782165094354,1,9.99511875336079,10.2930150153223,2.75673114066004,27.5807742627681,2148.73796083589,2189.57387655797,7.10026144409436,7.71468534906719,14.8149467931615,0.012,1.2713538972678,99.3152491561024,99.2569234844454,25.1602917808162,0,0
485,normal,0.95,20,0.020924680021981,14000,0.25,0.2,218.52412138035,218.510807963006,0.200187095632162,0.79964293939903,0.79964293939903,0.676905471361044,1,10.0103116111206,10.1498227829919,2.09553688646717,20.9337827619592,2154.99238661831,2190.97223950758,7.55889632630592,7.544331160104,15.1032274864099,0.012,1.23622683031369,99.3040293990622,99.2474916082063,25.1635490582981,0,0
486,normal,0.95,20,0.020924680021981,16000,0.25,0.2,218.709045296545,218.708280576146,0.107099379760219,0.357995794322332,0.357995794322332,0.587145192660911,1,10.0123743018704,10.1323568505426,1.9667082680038,19.6427761159148,2158.03506275441,2192.61891825245,8.77902500572793,7.4991738636603,16.2781988693882,0.012,1.23197586416084,99.2513406804486,99.1951362613922,25.1744444826941,1,0
487,R7_R8_R12_R15_R20_R30_f17_f18_f19,0.95,20,0.020924680021981,17000,0.25,0.2,218.016839350056,217.932743360339,0.294792784132858,1.15855125385171,1.15855125385171,0.939662108936739,1,9.97710259012785,10.2140684116238,2.48393794598086,24.8963857346588,2144.79292337773,2181.33974276228,9.43599153579487,7.50579319621802,16.9417847320129,0.012,1.25192632220796,99.2162875181466,99.15886160531,25.181983731691,0,0
488,R7_R8_R12_R15_R20_R30_f17_f18_f19,0.95,20,0.020924680021981,18000,0.25,0.2,217.604715170456,217.4516521797,0.31925393460964,1.4971218411073,1.4971218411073,1.15833991831797,1,9.9714506065311,10.2796878950297,2.80873162558533,28.1677334263248,2135.38410962104,2174.64256553179,9.90913462833489,7.67052765703268,17.5796622853676,0.012,1.26806379863064,99.1834668787854,99.1250836715153,25.1876162914328,0,0
489,R7_R8_R12_R15_R20_R30_f17_f18_f19,0.95,20,0.020924680021981,19000,0.25,0.2,217.728128795155,217.604177407925,0.355645435417012,1.02464474482185,1.02464474482185,1.08901026912522,1,9.96868627699439,10.3078662801324,2.89070749984301,28.9978781508467,2138.83660299493,2179.35277988447,10.2236840556306,7.71989291397624,17.9435769696068,0.012,1.2750252869891,99.1680386746737,99.1094480711231,25.1904634312747,0,0
490,normal,0.95,20,0.020924680021981,20000,0.25,0.2,216.761795344056,216.68601562529,0.557912994128836,1.16068064492681,1.16068064492681,1.50635653395927,1,9.92870136221218,10.2947369780449,2.99478435125571,30.1629008870547,2120.06125468426,2158.70443000732,10.8899522834573,7.71069523335178,18.6006475168091,0.012,1.27177931336549,99.1302670376432,99.0713531451072,25.1950628588589,0,0
491,normal,0.95,20,0.020924680021981,22000,0.25,0.2,217.939092609612,217.963739864828,0.259669227341775,0.569452282925196,0.569452282925196,0.925572788714507,1,9.98134927047898,10.1478504410923,2.21125352803461,22.1538538339166,2142.03536978052,2176.60165706759,11.4413711587529,7.50910997440708,18.95048113316,0.012,1.23574642289732,99.1230631554044,99.0664126386989,25.1991158854838,0,0
492,normal,0.95,20,0.020924680021981,24000,0.25,0.2,218.68609595477,218.664410988592,0.157453490420592,0.621263145690171,0.621263145690171,0.607085914276346,1,10.0200228748439,10.0212240039495,1.28480563864922,12.8223822909111,2159.3552302217,2188.49885206836,12.8747055105472,7.36190113854701,20.2366066490942,0.012,1.20509916644799,99.0715414552962,99.0167949403623,25.2095831346438,1,1
493,normal,0.99,20,0.0090713404527519,2000,0.25,0.2,202.268228062696,200.453805370721,3.39967001951695,15.2188462830295,15.2188462830295,8.88463392239953,0,9.6530529138874,15.068344141669,11.411022874451,118.211543811539,1984.91746744774,2059.88421489856,3.1618145456877,17.0291163006126,20.1909308463003,0.012,2.72465994206126,98.9930254711676,98.8586904327348,25.2126544121845,0,0
494,normal,0.99,20,0.0090713404527519,6000,0.25,0.2,217.022033648941,217.018129068625,0.525591311114149,1.74899824439598,1.74899824439598,1.35539587789774,1,10.3638727241555,11.1848365572119,3.42598934540251,33.0570380068198,2307.34306816431,2352.29939291014,5.00080102835937,9.13325143527494,14.1340524636343,0.012,1.50120682573851,99.391161242209,99.3269304709136,25.1549322902649,0,0
495,normal,0.99,20,0.0090713404527519,10000,0.25,0.2,217.868530220523,217.830998661019,0.295144392613917,1.04875983741274,1.04875983741274,0.985909699536917,1,10.4015460784375,11.0347970808949,2.7387728997124,26.3304404850918,2325.43327990924,2365.48700212757,6.75858341957704,8.85796307564737,15.6165464952244,0.012,1.46120095939832,99.3329254969678,99.2709640528847,25.1679732269208,0,0
496,normal,0.99,20,0.0090713404527519,12000,0.25,0.2,218.213838925879,218.226098376614,0.258396790929428,0.757549025012733,0.757549025012733,0.806318919720739,1,10.4203026732262,11.0441516571446,2.70942140235794,26.0013695122263,2333.41407732196,2375.46183377168,7.48254657840728,8.92153567716517,16.4040822555724,0.012,1.46367942991211,99.3018999283535,99.240084221761,25.17400749236,0,0
497,normal,0.99,20,0.0090713404527519,14000,0.25,0.2,218.550957616652,218.570350294119,0.154295483781041,0.522218418402241,0.522218418402241,0.649840775400618,1,10.4380510938503,10.9278851010267,2.1043847814695,20.1607058879922,2341.10956971397,2378.61175822108,8.00279004240761,8.72671953143879,16.7295095738464,0.012,1.43302407337491,99.2904728010998,99.2301636754258,25.1778098007878,0,0
498,normal,0.99,20,0.0090713404527519,16000,0.25,0.2,218.763934040398,218.75789602165,0.0954772525190796,0.479655944415725,0.479655944415725,0.564592717431935,1,10.4458995213324,10.8692757630177,1.71049490051341,16.3747975654971,2345.10984073535,2379.90640148337,9.19150418630809,8.65666593209436,17.8481701184024,0.012,1.41769386735029,99.2446683336555,99.1851606346959,25.1885902114783,1,0
499,R7_R8_R12_R15_R20_R30_f17_f18_f19,0.99,20,0.0090713404527519,17000,0.25,0.2,217.532355405266,217.357311902931,0.366612529582116,1.03481209919321,1.03481209919321,1.20122186230401,1,10.4054039022601,11.0484072727805,2.85831896790121,27.4695628804987,2322.88724380707,2362.23557161943,10.0505825306191,8.83469655319917,18.8852790838183,0.012,1.46480763918274,99.1935476695873,99.1315396670299,25.1989499781283,0,0
500,R7_R8_R12_R15_R20_R30_f17_f18_f19,0.99,20,0.0090713404527519,18000,0.25,0.2,217.31831593133,217.409661686356,0.339016320869841,1.35680862272935,1.35680862272935,1.17742650620177,1,10.367200056445,11.0848295794824,3.03405095327588,29.2658667408438,2311.21204893417,2353.20687010553,10.4805383270991,8.87522194858212,19.3557602756812,0.012,1.47448136167402,99.1694830676373,99.1067811367927,25.2030549448942,0,0
501,R7_R8_R12_R15_R20_R30_f17_f18_f19,0.99,20,0.0090713404527519,19000,0.25,0.2,217.728990913771,217.605678561939,0.281860868206343,0.942988693714104,0.942988693714104,1.08832792639134,1,10.3937203284066,11.0614544629286,2.87216901839366,27.6336954203382,2325.51008084198,2366.9164811112,10.745611085858,8.84671690940855,19.5923279952665,0.012,1.46826929802532,99.1645427542339,99.1024946536011,25.2052223283382,0,0
502,normal,0.99,20,0.0090713404527519,20000,0.25,0.2,216.910570496438,216.939851232072,0.495023995493879,1.03420063452412,1.03420063452412,1.39097671269437,1,10.3365630297545,11.0266163157385,2.88923387800153,27.9515915462874,2300.21843044505,2340.3426716993,11.6739492623679,8.76469675809714,20.438646020465,0.012,1.45903520849412,99.1192733201411,99.0569945611732,25.2117783903514,0,0
503,normal,0.99,20,0.0090713404527519,22000,0.25,0.2,218.362955070176,218.314265497934,0.199458130768899,0.379610559036841,0.379610559036841,0.766242955484583,1,10.422734718708,10.8778363850453,1.88162578536829,18.0530910183381,2336.4532369854,2370.64962390312,12.1839037913314,8.63966693465075,20.8235707259822,0.012,1.4199278930378,99.1166259873316,99.0569580954069,25.2154053525948,1,0
504,normal,0.99,20,0.0090713404527519,24000,0.25,0.2,218.638754311926,218.632764232161,0.177930784453645,0.62514893059615,0.62514893059615,0.62147080356301,1,10.4438677663198,10.7998189068784,1.24696437260289,11.9396798245971,2342.59420411713,2372.98281014737,13.6109823561056,8.47299739952189,22.0839797556275,0.012,1.39963306105641,99.0660894194296,99.0074877229898,25.2264787058338,1,1
505,normal,0.6,30,0.127323954473516,2000,0.25,0.2,203.112946868718,200.893158326061,3.99717736408346,11.4474229364025,11.4474229364025,8.68492803360871,0,3.8763587552664,12.5157439726548,12.2093761108057,314.970230611862,485.793015705193,556.342930431314,2.6197533751991,11.1588594169588,13.7786127921579,0.012,1.87972616626853,97.2419144710835,96.8773962194338,25.1437565847234,0,0
506,normal,0.6,30,0.127323954473516,6000,0.25,0.2,217.437048179515,217.422389484128,0.592195461306422,1.26473564859243,1.26473564859243,1.17164114357798,1,4.20647557807756,4.51672990472858,3.3984965490886,80.7920190194418,567.208598835618,602.93542450379,2.83599003941827,1.60052721350472,4.43651725292299,0.012,0.244810188387233,99.2239035849235,99.1814285885771,25.0655645445044,0,0
507,normal,0.6,30,0.127323954473516,10000,0.25,0.2,218.157642449497,218.124430038612,0.354247859274024,1.04982322158002,1.04982322158002,0.85253180063072,1,4.22162577619571,3.99154510959353,2.6496630101341,62.7640428262172,571.245381057629,601.431404962278,3.87350354598094,1.27084775389693,5.14435129987787,0.012,0.19118918834304,99.107487345613,99.074624170027,25.0720267133527,0,0
508,normal,0.6,30,0.127323954473516,12000,0.25,0.2,218.677375932194,218.668464268676,0.245184438970817,0.779737067943897,0.779737067943897,0.605243514238406,1,4.23144355252978,4.05957918830719,2.74334770358295,64.8324305766251,573.745392369447,606.754373797657,4.09656827951945,1.32950812673961,5.42607640625906,0.012,0.197762198233643,99.0631312661639,99.0293170047987,25.0739224731166,0,0
509,normal,0.6,30,0.127323954473516,14000,0.25,0.2,219.047538666603,219.049383813849,0.155785885232942,0.479792348285959,0.479792348285959,0.432098266432271,1,4.23842747426567,3.618574612203,2.02695144916732,47.823195311806,575.715271922856,603.777296826697,4.08767364161197,1.0498476774744,5.13752131908637,0.012,0.157128986688961,99.11552094113,99.0887160264895,25.0714526984501,0,0
510,normal,0.6,30,0.127323954473516,16000,0.25,0.2,218.774019485159,218.716198310144,0.217804587820133,0.631269071199794,0.631269071199794,0.583546222661989,1,4.23211068507398,3.6787742149099,2.1382024634386,50.5233114762267,574.325970715782,601.817099822313,4.84560026839869,1.15206472165926,5.99766499005795,0.012,0.162400556691432,98.9664965165923,98.9388090045351,25.0782145828799,0,0
511,R7_R8_R12_R15_R20_R30_f17_f18_f19,0.6,30,0.127323954473516,17000,0.25,0.2,218.214533546071,218.085627399058,0.33803885761887,1.53527830845508,1.53527830845508,0.870169364064514,1,4.22516596317852,3.98648950516116,2.64120813040549,62.5113463807835,571.146152003457,600.604259472007,5.52835492379924,1.4447007271439,6.97305565094314,0.012,0.190705182897121,98.7938377485787,98.7612592011966,25.0882103925147,0,0
512,R7_R8_R12_R15_R20_R30_f17_f18_f19,0.6,30,0.127323954473516,18000,0.25,0.2,217.955758721127,218.072407334292,0.345558226591904,1.44807519009221,1.44807519009221,0.876178484412691,1,4.21979494724507,4.15276372498773,2.89005177061712,68.4879669924225,570.620177364254,601.868207115464,5.60895385498112,1.47582080927466,7.08477466425578,0.012,0.206945358666887,98.7736344237004,98.7382644212916,25.0902182506689,0,0
513,R7_R8_R12_R15_R20_R30_f17_f18_f19,0.6,30,0.127323954473516,19000,0.25,0.2,218.14070315479,218.059599406315,0.261901967402688,1.57543355475146,1.57543355475146,0.882000269856682,1,4.22301326682107,4.09514898019416,2.80390194987152,66.3957646522431,571.213332173167,602.772816019773,5.80206153347992,1.45339676577475,7.25545829925468,0.012,0.201242942039823,98.7457476671595,98.7114070522546,25.0918644623825,0,0
514,normal,0.6,30,0.127323954473516,20000,0.25,0.2,217.470470369565,217.528978092107,0.513646797113805,1.35188247993305,1.35188247993305,1.12319177631485,1,4.20132471363935,4.08247451974802,2.79444293573053,66.5133767608711,566.295370854353,596.36027207238,6.38278431404528,1.51208781112667,7.89487212517195,0.012,0.199999178452702,98.6250424451303,98.5907018069784,25.0950392313348,0,0
515,normal,0.6,30,0.127323954473516,22000,0.25,0.2,219.083673011484,219.072324331069,0.140101038327208,0.739192320756234,0.739192320756234,0.421670758605175,1,4.24049880257745,3.37535448221184,1.55095371360987,36.5747942828606,576.016624577249,599.859839961596,6.3812286572146,1.03738598878117,7.41861464599577,0.012,0.136716214567051,98.7284596220358,98.7053300299713,25.091406378296,0,0
516,normal,0.6,30,0.127323954473516,24000,0.25,0.2,219.063564662206,219.016075354342,0.224285768804187,1.26946357714028,1.26946357714028,0.447238475299152,1,4.24245212253969,3.20226639016945,1.12645212169422,26.5519112333525,575.836387932647,596.641926968675,7.11829734847231,0.957546966019035,8.07584431449134,0.012,0.123054120403307,98.6169420901816,98.5961638575148,25.0971166181551,0,0
517,normal,0.7,30,0.0974223115833927,2000,0.25,0.2,201.912067519491,198.712956227691,4.5149596069508,9.77759036656488,9.77759036656488,9.67592898741309,0,4.51833679489255,13.7047718542607,13.235133503407,292.920472824598,653.37105656236,727.123626471052,2.7057673757388,13.8143120460903,16.5200794218291,0.012,2.25384925892805,97.5339158059528,97.2068632374061,25.1628533104335,0,0
518,normal,0.7,30,0.0974223115833927,6000,0.25,0.2,217.542283076093,217.574852287332,0.471624596267674,1.24580769652937,1.24580769652937,1.1023398693947,1,4.89920883519272,5.09520046913057,3.29526552315486,67.2611769370561,772.715444544588,808.169520000507,3.07018992115136,1.94757873858593,5.01776865973729,0.012,0.31153281384754,99.3548213481762,99.3150392055394,25.0713341839337,0,0
519,normal,0.7,30,0.0974223115833927,10000,0.25,0.2,218.0829143168,218.022153810696,0.360288145430926,0.988427057028323,0.988427057028323,0.899020995138073,1,4.91373946044197,4.82843211533791,2.85213135661963,58.0440086329505,776.69925053355,808.742827944691,4.25242073937261,1.81304780128225,6.06546854065486,0.012,0.279765080309118,99.2251223908215,99.1896713725255,25.0799661175059,0,0
520,normal,0.7,30,0.0974223115833927,12000,0.25,0.2,218.630547692256,218.613812739452,0.229590987901722,0.8252752019708,0.8252752019708,0.630085118430695,1,4.92699629707419,4.80689826178351,2.80153470825815,56.8609054957436,780.718315381235,814.653052138226,4.36711010437363,1.8254927532943,6.19260285766792,0.012,0.277275250789648,99.2130490613185,99.1781027507824,25.0810585293469,0,0
521,normal,0.7,30,0.0974223115833927,14000,0.25,0.2,218.89195617318,218.914205811862,0.148045110049459,0.502373038430981,0.502373038430981,0.493542812789875,1,4.93216735012145,4.46928781500931,2.16364539837681,43.8680451165862,782.608540831419,811.966617967273,4.56298215793406,1.61405178747947,6.17703394541353,0.012,0.239694402880689,99.2168931401717,99.186752490834,25.0804893652798,0,0
522,normal,0.7,30,0.0974223115833927,16000,0.25,0.2,219.173085655462,219.171055831096,0.0773640375714199,0.373952375493662,0.373952375493662,0.376792804047093,1,4.93774797490443,4.26988074747325,1.7027101340618,34.4835366793858,784.420591253727,810.779566613186,5.20065151022778,1.49918380403755,6.69983531426534,0.012,0.218782579171713,99.1531206767938,99.1257076847117,25.0855131691566,0,0
523,R7_R8_R12_R15_R20_R30_f17_f18_f19,0.7,30,0.0974223115833927,17000,0.25,0.2,218.643371950281,218.652086949919,0.171557868857943,0.65718708317877,0.65718708317877,0.612687750036917,1,4.92769142163214,4.48624697357231,2.20670514977547,44.7817235488454,780.805543102804,808.508962072181,5.68077944625623,1.59117303085865,7.27195247711488,0.012,0.24151694289464,99.0772541383429,99.0468998843546,25.0916613176491,0,0
524,R7_R8_R12_R15_R20_R30_f17_f18_f19,0.7,30,0.0974223115833927,18000,0.25,0.2,218.044070493635,217.926865357572,0.317489337507837,1.8991717624272,1.8991717624272,0.94233392837641,1,4.91809839944734,4.83344417272354,2.8618043146713,58.1892447494116,776.353614003034,808.747233762079,6.05321901001047,1.76553197301938,7.81875098302985,0.012,0.280346190850021,99.0029295430261,98.9675480677823,25.0973897495832,0,0
525,R7_R8_R12_R15_R20_R30_f17_f18_f19,0.7,30,0.0974223115833927,19000,0.25,0.2,217.691233247146,217.848306820767,0.368158110414872,1.35784488718556,1.35784488718556,0.978042354196886,1,4.90348430509588,4.93567254712103,3.03948095946631,61.9861463879383,773.560980153536,807.646410357041,6.29060290029365,1.90471655190524,8.19531945219888,0.012,0.292330361908851,98.9516784890212,98.9146902777058,25.1005383463446,0,0
526,normal,0.7,30,0.0974223115833927,20000,0.25,0.2,217.223731627358,217.141290467444,0.486259172626459,2.25480136360865,2.25480136360865,1.29941342388904,1,4.89665897496972,4.86450670835753,2.93376515276148,59.9136098257612,770.76739795901,802.007098105032,6.85572524054799,1.91328512595263,8.76901036650062,0.012,0.283961106187865,98.8750993189225,98.8390952804572,25.10425618877,0,0
527,normal,0.7,30,0.0974223115833927,22000,0.25,0.2,218.681641187881,218.656167758249,0.240125678151317,0.698216280970596,0.698216280970596,0.610832837159333,1,4.92891886666074,4.3118968665064,1.82514848117336,37.0293877937145,781.388800217456,806.289775902422,7.06537876560176,1.58720440493107,8.65258317053283,0.012,0.223109455048652,98.9047936788542,98.8768706292686,25.1023973649636,0,0
528,normal,0.7,30,0.0974223115833927,24000,0.25,0.2,219.062463891027,219.038662003039,0.178087133233388,0.181279530600525,0.181279530600525,0.436971816800567,1,4.93438076597296,4.10572557655878,1.24041933494523,25.1382978690872,783.464862418383,805.501684416441,7.75946181351837,1.42476002383716,9.18422183735553,0.012,0.202283790120108,98.8413256231818,98.8161077844123,25.1072472298881,0,0
529,normal,0.8,30,0.0716197243913529,2000,0.25,0.2,194.8037121115,192.08118174069,5.02322876053726,17.1066460159601,17.1066460159601,12.69037193605,0,4.961375461123,16.8556554606572,16.3136569747815,328.813191071997,776.116658313872,867.657815703643,2.9676952953854,21.7101527457658,24.6778480411512,0.012,3.40935745210059,96.9183295033482,96.5074520582025,25.2306503525556,0,0
530,normal,0.8,30,0.0716197243913529,6000,0.25,0.2,217.114248416868,217.147337071256,0.587304571712172,1.40700480018816,1.40700480018816,1.29666496761109,1,5.58233741087954,6.06580016675018,3.64842535042986,65.3565895769641,1005.62148618797,1043.38679433505,3.28067785120537,2.70572146945457,5.98639932065994,0.012,0.441527179955359,99.4082292747599,99.3648604089855,25.0806282103969,0,0
531,normal,0.8,30,0.0716197243913529,10000,0.25,0.2,218.033510797622,218.076015873763,0.356537260717914,0.966524881774297,0.966524881774297,0.874538239198805,1,5.60900546109726,5.5777430818734,2.72464259287121,48.5762157260978,1014.17907543811,1046.42163411707,4.48256841341329,2.3501313772926,6.83269979070589,0.012,0.373334614648638,99.3307912840501,99.2944840945979,25.086842439621,0,0
532,normal,0.8,30,0.0716197243913529,12000,0.25,0.2,218.422867922904,218.418105888777,0.230552508475535,0.887657795014863,0.887657795014863,0.719042777828517,1,5.618357240909,5.64001824053324,2.83496045724391,50.4588856792815,1017.67335085812,1052.4989538567,4.91221483631432,2.37373806490562,7.28595290121994,0.012,0.381717669042572,99.289147103256,99.2521833799665,25.0908589685366,0,0
533,normal,0.8,30,0.0716197243913529,14000,0.25,0.2,218.758923463562,218.765718971585,0.141254624361864,0.488613409345415,0.488613409345415,0.561036831097539,1,5.62605533042941,5.38632766995969,2.27267552853034,40.39554172598,1020.90485068788,1051.33195075641,5.0165113502501,2.20085622233763,7.21736757258773,0.012,0.34815030921808,99.2980049021021,99.2643912636659,25.0903594978432,0,0
534,normal,0.8,30,0.0716197243913529,16000,0.25,0.2,218.854597591171,218.803180166012,0.177675454295141,0.434117766514133,0.434117766514133,0.544009015449234,1,5.62946303577931,5.21837523742815,1.83406717025953,32.5797888466929,1021.80059524808,1048.74100640686,5.83630944187021,2.13471340638741,7.97102284825762,0.012,0.32677728142324,99.225942654839,99.1944652892467,25.0967038724467,0,0
535,R7_R8_R12_R15_R20_R30_f17_f18_f19,0.8,30,0.0716197243913529,17000,0.25,0.2,218.729839958438,218.829412604007,0.161303525548812,0.820384492101929,0.820384492101929,0.532085179996668,1,5.62554056763837,5.29715003162123,2.05403294877521,36.5126324142305,1020.42402738791,1048.18261012967,6.21656676540286,2.13638095706313,8.35294772246598,0.012,0.336717581490058,99.1880701138777,99.1556165887535,25.1013452125599,0,0
536,R7_R8_R12_R15_R20_R30_f17_f18_f19,0.8,30,0.0716197243913529,18000,0.25,0.2,217.000474930622,216.870167250438,0.508415234700768,1.58395997942265,1.58395997942265,1.42265124980077,1,5.58414466190255,5.86974652999267,3.31569299167111,59.3769179063751,1003.4165461808,1038.95248255878,6.66196591335439,2.62086828690706,9.28283420026145,0.012,0.413447091916332,99.083357373363,99.0429218711638,25.1100909244774,0,0
537,R7_R8_R12_R15_R20_R30_f17_f18_f19,0.8,30,0.0716197243913529,19000,0.25,0.2,217.319525655313,217.136065146304,0.42083770529904,1.63597165672616,1.63597165672616,1.30178856986163,1,5.59505422955279,5.80578181250844,3.19007775815719,57.0160292872117,1007.22587075229,1041.97764576644,6.94634693554804,2.65169600792292,9.59804294347097,0.012,0.404485229453446,99.0560761982293,99.0166880728563,25.112946703234,0,0
538,normal,0.8,30,0.0716197243913529,20000,0.25,0.2,216.802464753082,216.739973525365,0.604130636214005,1.62890378011441,1.62890378011441,1.48183021574301,1,5.57614008387082,5.72371305155668,3.05670717081029,54.8176180087713,1000.63021293175,1033.66150824361,7.56190650840026,2.51627430157545,10.0781808099757,0.012,0.393130693158724,99.0028596900571,98.9643659662182,25.1153806620336,0,0
539,normal,0.8,30,0.0716197243913529,22000,0.25,0.2,218.668350411445,218.59698852335,0.232803393802884,0.931820831646637,0.931820831646637,0.637732489386206,1,5.62675250821431,5.19459435670843,1.77693298949961,31.5800808175857,1019.92937799913,1045.80178062153,7.83259068293937,2.18716516848054,10.0197558514199,0.012,0.323805726368965,99.0271601264462,98.9960367607018,25.1147069628444,0,0
540,normal,0.8,30,0.0716197243913529,24000,0.25,0.2,219.050172374814,219.031600481337,0.158487273233347,0.305008050006682,0.305008050006682,0.440181599392327,1,5.63114018189773,5.02116853908177,1.13978401258232,20.2407323519729,1022.95986394371,1045.47596717614,8.59232264723655,2.01995208192452,10.6122747291611,0.012,0.302545601974375,98.9732429569176,98.9442801437013,25.1201327999461,0,0
541,normal,0.9,30,0.0462493542201692,2000,0.25,0.2,200.626902173689,199.458969632927,3.24171161475627,14.0940125344448,14.0940125344448,9.33683198503339,0,5.75069394998389,14.0243590414029,12.9417494869865,225.046743915537,1065.21908496923,1141.47543638635,2.80076949247984,14.5486433340417,17.3494128265215,0.012,2.36019175826615,98.3973842891376,98.1833271832004,25.1869928985408,0,0
542,normal,0.9,30,0.0462493542201692,6000,0.25,0.2,217.272551576451,217.219202986215,0.510997965534008,1.48025934998746,1.48025934998746,1.26399864262933,1,6.28748784567322,6.88701094301058,3.52073876560912,55.9959534241,1275.09767855514,1313.701348317,3.56188930743936,3.45197131948987,7.01386062692924,0.012,0.569171036749769,99.4529445830116,99.4088137754574,25.0896650399642,0,0
543,normal,0.9,30,0.0462493542201692,10000,0.25,0.2,218.018551375572,218.008229058638,0.331600027530818,1.01423968435382,1.01423968435382,0.90535042789204,1,6.30562810083725,6.58849409091888,2.85073272091142,45.2093379965258,1283.49686960795,1317.32415541224,4.85334794965609,3.15743577952187,8.01078372917796,0.012,0.520899052632877,99.3797339327817,99.3396676283949,25.097998268827,0,0
544,normal,0.9,30,0.0462493542201692,12000,0.25,0.2,218.51342052375,218.509422837201,0.220027006988329,0.80685754153389,0.80685754153389,0.677535073999474,1,6.31928911989539,6.5559501113309,2.74525990151902,43.4425431315678,1289.06544870746,1324.2617128945,5.19117585812328,3.22879160367386,8.41996746179714,0.012,0.515765782347116,99.351054943904,99.3115774185422,25.1012452993318,0,0
545,normal,0.9,30,0.0462493542201692,14000,0.25,0.2,218.76288345135,218.740431629836,0.159948910886875,0.545152064296311,0.545152064296311,0.572531077347197,1,6.32640916549727,6.34074983358242,2.16323524167501,34.1937295721051,1291.96565121377,1323.02352788944,5.52597721919943,3.03094006638434,8.55691728558377,0.012,0.482461301424905,99.3420400773623,99.3052003351292,25.1026825910905,0,0
546,normal,0.9,30,0.0462493542201692,16000,0.25,0.2,218.868220403109,218.832080584707,0.131573551313277,0.585912714608792,0.585912714608792,0.53087246149696,1,6.33119930173749,6.20370677325938,1.71070291917414,27.0202032449787,1293.22517119459,1320.92645980937,6.37719207479524,2.9610445788243,9.33823665361954,0.012,0.461831732743012,99.2830877485614,99.2478988058962,25.1091909121982,0,0
547,R7_R8_R12_R15_R20_R30_f17_f18_f19,0.9,30,0.0462493542201692,17000,0.25,0.2,218.208395292882,218.339733079712,0.369178091748648,0.87018925007102,0.87018925007102,0.754666781949308,1,6.30133102818876,6.42522699361834,2.43804829268686,38.6910048334288,1284.98090120737,1315.44037685813,6.86316951711823,3.12273426154288,9.98590377866111,0.012,0.495402503034261,99.2288679725061,99.1909214934173,25.1162582966933,0,0
548,R7_R8_R12_R15_R20_R30_f17_f18_f19,0.9,30,0.0462493542201692,18000,0.25,0.2,217.733230757677,217.812482418195,0.39018381614319,1.25533650601023,1.25533650601023,0.994326173547945,1,6.29409683403051,6.58662883242242,2.86351162268089,45.4951949134091,1278.78031863302,1311.97744577287,7.29119090550299,3.33095328889202,10.622144194395,0.012,0.520604152513181,99.1761963777312,99.1361695412583,25.1219742326393,0,0
549,R7_R8_R12_R15_R20_R30_f17_f18_f19,0.9,30,0.0462493542201692,19000,0.25,0.2,217.063774131908,216.862116528382,0.562742370208149,1.74702398072443,1.74702398072443,1.42631066891736,1,6.28612663228586,6.70836074975251,3.16813157718249,50.3987870831429,1273.01259443991,1307.99185700349,7.48115507568331,3.44570237663768,10.926857452321,0.012,0.540025247385841,99.1489585092025,99.1072739655411,25.1250467488077,0,0
550,normal,0.9,30,0.0462493542201692,20000,0.25,0.2,216.555075798352,216.63195129763,0.568795384835493,2.00214262207782,2.00214262207782,1.53093122834991,1,6.26070223676265,6.71842265444456,3.21508556769095,51.3534336262163,1264.35403505928,1300.0492498149,8.25162117480244,3.44936897473364,11.7009901495361,0.012,0.541646435565047,99.0830340448978,99.0409941638551,25.1305504059496,0,0
551,normal,0.9,30,0.0462493542201692,22000,0.25,0.2,218.442650822359,218.58361443781,0.231235342735463,0.798879360074883,0.798879360074883,0.643811619177151,1,6.31539715545347,6.2534457932016,1.92042431157671,30.4086071597,1288.21683023472,1315.38197198699,8.54497933567996,3.03328526245283,11.5782645981328,0.012,0.469267011462129,99.1092238581173,99.0734552170217,25.1293247294878,0,0
552,normal,0.9,30,0.0462493542201692,24000,0.25,0.2,219.041992562115,219.01709215197,0.153170454398605,0.388417630285045,0.388417630285045,0.446776294559289,1,6.33456470837377,6.05624407012113,1.03024356381749,16.2638414989366,1295.20803959017,1318.36705820644,9.54957950974627,2.83150127692557,12.3810807866718,0.012,0.440137106842529,99.0531367542196,99.0198064897891,25.1363481402964,1,0
553,normal,0.95,30,0.0313870200329715,2000,0.25,0.2,197.440728918498,192.7348174204,5.94173848522127,24.0901976367138,24.0901976367138,12.3932648089089,0,6.04351637856452,15.9472684459414,14.8424858545728,245.593540661476,1136.90455627669,1223.52806840147,2.92347453303786,18.5424166913692,21.4658912244071,0.012,3.051784450643,98.1468889101311,97.8889954918592,25.2156923374637,0,0
554,normal,0.95,30,0.0313870200329715,6000,0.25,0.2,217.035820875925,216.976328442889,0.654903616071768,1.72682862975153,1.72682862975153,1.37439616232334,1,6.62365417365797,7.43321063271258,3.55283412111227,53.6385811813932,1415.76522862025,1454.95882301955,3.53079600122992,4.05968189550598,7.5904778967359,0.012,0.663031443723256,99.4667195373594,99.4204072516434,25.0953294382343,0,0
555,normal,0.95,30,0.0313870200329715,10000,0.25,0.2,217.875773746186,218.028021444405,0.313593768936911,1.10471245853277,1.10471245853277,0.896353888906728,1,6.6503405543098,7.24716038273255,3.09144295295135,46.4854833779591,1427.65505143533,1463.82247186413,5.15802053378061,3.86671464751668,9.02473518129729,0.012,0.630256003356579,99.3718339141842,99.328259672697,25.1074579319898,0,0
556,normal,0.95,30,0.0313870200329715,12000,0.25,0.2,218.381552851594,218.375059190561,0.257226221146177,0.787499410920769,0.787499410920769,0.738609458835772,1,6.66580642446583,7.14429501831318,2.80573169060236,42.0914066796832,1434.36333181942,1470.79862638281,5.46233391762124,3.81147410028751,9.27380801790875,0.012,0.612491415704334,99.3576081023412,99.3154715625556,25.1093284190156,0,0
557,normal,0.95,30,0.0313870200329715,14000,0.25,0.2,218.795769035017,218.790741732018,0.151602465521614,0.469777717125182,0.469777717125182,0.549662849082518,1,6.68023056981133,6.91372702979084,2.11317162850677,31.6332139500756,1440.16892051619,1471.54110008217,5.8577949218168,3.57938763323574,9.43718255505254,0.012,0.573595457309526,99.3489829730257,99.3096870668842,25.1106492548173,0,0
558,normal,0.95,30,0.0313870200329715,16000,0.25,0.2,218.94748055414,218.97775760476,0.0811889316391226,0.406995564317109,0.406995564317109,0.46465563419978,1,6.68468412267269,6.80394641916887,1.70264057554774,25.4707708592068,1442.07528272074,1470.46016147986,6.76382349122438,3.49856104623218,10.2623845374566,0.012,0.555524242499051,99.2933885301735,99.2554229833797,25.1175965009372,0,0
559,R7_R8_R12_R15_R20_R30_f17_f18_f19,0.95,30,0.0313870200329715,17000,0.25,0.2,218.244581927924,218.501721206377,0.176039981574794,1.13247839766483,1.13247839766483,0.681035815283195,1,6.66300183439341,7.02137233195786,2.48782075205025,37.3378368171609,1432.80035802575,1464.56248706239,7.3329433542393,3.66490118677849,10.9978445410178,0.012,0.5915960330878,99.2382699658813,99.1976237588122,25.1255257291732,0,0
560,R7_R8_R12_R15_R20_R30_f17_f18_f19,0.95,30,0.0313870200329715,18000,0.25,0.2,217.470921464926,217.283667502415,0.458627424527957,1.53844791720109,1.53844791720109,1.23469658981131,1,6.63640317457148,7.19486391590486,2.99457601119461,45.1234792766787,1422.24365166343,1457.52622292772,7.73412969669395,3.91378811492594,11.6479178116199,0.012,0.621192801220678,99.1876709467032,99.1447193126834,25.1313392027218,0,0
561,R7_R8_R12_R15_R20_R30_f17_f18_f19,0.95,30,0.0313870200329715,19000,0.25,0.2,217.040466036624,216.910481680491,0.584053660855131,1.69893479194704,1.69893479194704,1.40432650886793,1,6.62586085917278,7.28203466470918,3.22486054031979,48.6708158964027,1416.36880027731,1452.74848800707,7.95713988425467,3.90096787729418,11.8581077615488,0.012,0.636336346296314,99.1697322256845,99.125567533706,25.1340139016743,0,0
562,normal,0.95,30,0.0313870200329715,20000,0.25,0.2,217.573225801341,217.38021167529,0.412008648129484,1.45889618384393,1.45889618384393,1.19081287486833,1,6.64122187461092,7.06168582444514,2.65054613849702,39.9105193071465,1422.18643581029,1454.69804509999,8.56475371832489,3.76238910558973,12.3271428239146,0.012,0.598408880198034,99.1406743716117,99.099334977579,25.1363973046363,0,0
563,normal,0.95,30,0.0313870200329715,22000,0.25,0.2,218.453088363623,218.527845075541,0.278010680926318,0.70302229872266,0.70302229872266,0.669161329299328,1,6.67032515527209,6.82973812232893,1.85762298279682,27.849061920596,1436.0762196321,1463.90693091426,9.0017613698761,3.51028973711223,12.5120511069883,0.012,0.559743873835118,99.1362589798822,99.0979668847481,25.1374507322941,0,0
564,normal,0.95,30,0.0313870200329715,24000,0.25,0.2,219.012352252052,218.988794939374,0.128720344405875,0.193972466367131,0.193972466367131,0.459638663920714,1,6.68604497895611,6.6776779722163,1.08211026865572,16.1846094673546,1443.23584942639,1467.19166607449,10.0789735383144,3.3891093502757,13.4680828885901,0.012,0.535096597207473,99.0754413034921,99.0390609084736,25.1463588538544,1,0
565,normal,0.99,30,0.013607010679128,2000,0.25,0.2,197.534580148608,192.238553926205,5.68958842535746,17.370747360625,17.370747360625,12.6188391244524,0,6.20475263921184,17.6035356389779,16.4181780131997,264.606487443877,1222.89666423655,1316.01682550842,3.17575102622486,22.5847375469521,25.7604885731769,0.012,3.71861360391318,97.9369446196492,97.6461455924281,25.2388731275468,0,0
566,normal,0.99,30,0.013607010679128,6000,0.25,0.2,217.236364863944,217.220741258949,0.441840909222839,1.35059047159341,1.35059047159341,1.2632994277504,1,6.91687272357669,7.9883951847193,3.51866583440927,50.870761614792,1541.37104531138,1581.23032862245,3.92390883899417,4.69700436405738,8.62091320305155,0.012,0.765773491526959,99.4438091658673,99.3947032150253,25.1030074922527,0,0
567,normal,0.99,30,0.013607010679128,10000,0.25,0.2,218.114042780406,218.110833443989,0.287963592624225,0.909967754591785,0.909967754591785,0.858712070914242,1,6.94242227513621,7.69194180202364,2.70342178111177,38.9406128577613,1554.16190021847,1588.97759571064,5.37268382260679,4.36848317115797,9.74116699376476,0.012,0.709991624228624,99.3771246314435,99.3320291838951,25.1136387598671,0,0
568,normal,0.99,30,0.013607010679128,12000,0.25,0.2,218.430599525851,218.437874675323,0.248495939566402,0.797232140259334,0.797232140259334,0.710056965762375,1,6.95432565318999,7.72066041672691,2.75671760933207,39.6403295849044,1558.74411044972,1595.57460362511,5.7508016431536,4.4071541543779,10.1579557975315,0.012,0.715303167244966,99.352543666296,99.3072669061485,25.1172878356995,0,0
569,normal,0.99,30,0.013607010679128,14000,0.25,0.2,218.734118234339,218.748847141585,0.138939583064971,0.562081875916484,0.562081875916484,0.568705844733896,1,6.96550790925308,7.54575682505684,2.18690431857037,31.3961931715741,1563.27020479481,1595.89412233387,6.24204902484451,4.22646013787708,10.4685091627216,0.012,0.683261352754702,99.334800048453,99.2916911291664,25.1199375708968,0,0
570,normal,0.99,30,0.013607010679128,16000,0.25,0.2,218.735053650385,218.999084668547,0.0782818919295377,0.279599132161743,0.279599132161743,0.454961514296819,1,6.96257409047853,7.43238697619205,1.75688971538198,25.2333360126762,1563.00303454522,1592.15011091318,7.10649939608022,4.07650334216216,11.1830027382424,0.012,0.662884513966431,99.2896009446545,99.2478080222014,25.1261632804892,0,0
571,R7_R8_R12_R15_R20_R30_f17_f18_f19,0.99,30,0.013607010679128,17000,0.25,0.2,218.24139554532,218.158519373158,0.322589074163147,1.39969744356544,1.39969744356544,0.837036648564319,1,6.95344166886672,7.62270772409256,2.48836245931198,35.7860549899103,1555.66224297254,1588.71022301559,7.813463021055,4.33746689567542,12.1509299167304,0.012,0.697268076563285,99.2249759010292,99.1808662755613,25.1363105840422,0,0
572,R7_R8_R12_R15_R20_R30_f17_f18_f19,0.99,30,0.013607010679128,18000,0.25,0.2,217.480865601346,217.815009108993,0.32173970692842,1.58180850576231,1.58180850576231,0.993177677730353,1,6.93287281949382,7.77458068805989,2.98272383079518,43.0229128451393,1545.57737407043,1581.1329800958,8.05878441882657,4.4585707008042,12.5173551196308,0.012,0.725329258501845,99.196624256207,99.1504674124278,25.1391645578366,0,0
573,R7_R8_R12_R15_R20_R30_f17_f18_f19,0.99,30,0.013607010679128,19000,0.25,0.2,217.697173779166,217.682915428359,0.284521458131969,1.43051460569042,1.43051460569042,1.05322025983679,1,6.92988113291042,7.71547749054179,2.80664226785046,40.5005831127686,1548.19602431115,1582.84668857371,8.39215836899433,4.39263044288128,12.7847888118756,0.012,0.714343114884685,99.1809771968755,99.1356103095511,25.142362782052,0,0
574,normal,0.99,30,0.013607010679128,20000,0.25,0.2,217.156994674909,216.898009110614,0.50270609649995,1.61568474801167,1.61568474801167,1.40999585881199,1,6.908834970678,7.72824825239272,2.88696164059841,41.7865190419376,1539.82479131998,1574.38581115194,9.09762024362701,4.49842725883367,13.5960475024607,0.012,0.716709852607334,99.1247672773099,99.0790546584972,25.1476221716054,0,0
575,normal,0.99,30,0.013607010679128,22000,0.25,0.2,218.374105865635,218.283693797595,0.230533610961681,0.965830674028612,0.965830674028612,0.780139182911393,1,6.95296682869484,7.4639809878983,1.93178831236051,27.7836549483889,1557.73954183624,1586.77022000356,9.44070512348403,4.15151301478442,13.5922181382684,0.012,0.668532146252487,99.1349873728455,99.0928277586207,25.1479371041061,0,0
576,normal,0.99,30,0.013607010679128,24000,0.25,0.2,219.072702910835,219.127074998972,0.0437507749021412,0.113142234021934,0.113142234021934,0.396784091376193,1,6.97414514782959,7.29681374148239,0.961745112945731,13.7901505139312,1567.89501947344,1592.43306533132,10.6644735414237,4.01357816827662,14.6780517097003,0.012,0.638921889334634,99.0725198111246,99.0325380513755,25.1572958530064,1,1
577,normal,0.6,45,0.190985931710274,2000,0.25,0.2,198.246988624658,193.358618488204,8.26884683224249,17.1303012466366,17.1303012466366,12.1097188689982,0,2.54833311477221,15.7171869715224,15.6383265480487,613.668851116688,303.588539795961,389.118746587418,2.72788243045181,17.8909877027938,20.6188701332456,0.012,2.96435959557354,93.6402224311444,92.7917895351809,25.1931238233612,0,0
578,normal,0.6,45,0.190985931710274,6000,0.25,0.2,217.074881333876,217.151593730521,0.518513970557869,1.53213389637106,1.53213389637106,1.29473012249062,1,2.79912962283645,4.6329536284678,4.28672586077876,153.144957125454,376.781371740857,415.269560875391,2.84930339029976,1.53842775431799,4.38773114461776,0.012,0.257571111882396,98.8488754436279,98.7821244361813,25.062223125233,0,0
579,normal,0.6,45,0.190985931710274,10000,0.25,0.2,218.378144824444,218.370017371918,0.275324102463504,0.934025621260458,0.934025621260458,0.740901194582774,1,2.81537537483585,3.26390704097648,2.74345156648899,97.4453208268523,381.581928632841,412.38647889459,3.6357853186552,0.93396434299455,4.56974966164975,0.012,0.12783707006563,98.8165920495716,98.7838892447398,25.0659560407279,0,0
580,normal,0.6,45,0.190985931710274,12000,0.25,0.2,218.655184309054,218.636662525466,0.249199563782688,0.837079472455214,0.837079472455214,0.619698852060757,1,2.82139649591271,3.29677190320342,2.78107878051757,98.5710014365742,382.539152614869,415.042065083086,3.6520750382304,0.946324072641601,4.598399110872,0.012,0.130424459781018,98.8122053543053,98.7789272902886,25.0660302255442,0,0
581,normal,0.6,45,0.190985931710274,14000,0.25,0.2,219.026404281179,219.019728770693,0.164589749936001,0.595961334058982,0.595961334058982,0.445577831503127,1,2.8259202203947,2.82242927337826,2.19557268766176,77.6940789699685,383.76932706696,412.193048923988,3.76451172896958,0.760896557073857,4.52540828604344,0.012,0.0955932840386703,98.834542971094,98.8102171374096,25.0649523600691,0,0
582,normal,0.6,45,0.190985931710274,16000,0.25,0.2,219.326388235965,219.32977672689,0.0651732471002442,0.394492577343195,0.394492577343195,0.304646942322713,1,2.82917382152032,2.35876689573468,1.55228898587357,54.8672186228349,384.871682082212,409.689777406255,4.13411694291655,0.584825548599166,4.71894249151571,0.012,0.0667653752209657,98.7887433131434,98.7718164751441,25.0675311794402,0,0
583,R45_R60_R80_R100_R120_f17_f18_f19,0.6,45,0.190985931710274,17000,0.25,0.2,218.855173663425,218.849606191792,0.265626242671526,0.496042941272918,0.496042941272918,0.522906276458276,1,2.81958347200934,2.93218877409294,2.33616513334268,82.8549733155387,383.202142431928,411.889966083457,4.75711816385117,0.762602750662257,5.51972091451342,0.012,0.103172772083,98.5800333258863,98.55387560875,25.0751983506823,0,0
584,R45_R60_R80_R100_R120_f17_f18_f19,0.6,45,0.190985931710274,18000,0.25,0.2,217.422740478751,217.345926968467,0.432622445317801,1.5995921664725,1.5995921664725,1.20639683251487,1,2.80596967859786,3.60454390761676,3.14534243787178,112.094669513446,377.981896030718,410.267990689555,5.2915252225488,1.17113610269235,6.46266132524115,0.012,0.155912841383245,98.3189614206822,98.279103984655,25.0826616860967,0,0
585,R45_R60_R80_R100_R120_f17_f18_f19,0.6,45,0.190985931710274,19000,0.25,0.2,217.469680186491,217.385429491788,0.439635364247394,1.5001932478165,1.5001932478165,1.18844114009647,1,2.80686738520769,3.61084549421333,3.15242208620714,112.311044790379,378.203249415466,411.087267486643,5.27480733908382,1.11360294787235,6.38841028695617,0.012,0.156458462196968,98.3389108614838,98.2989211798164,25.0819228177837,0,0
586,normal,0.6,45,0.190985931710274,20000,0.25,0.2,217.698014562912,217.484338094427,0.434819568141605,0.948993745652118,0.948993745652118,1.14348268435149,1,2.8040030459709,3.30342991631679,2.79391255306782,99.640139731033,379.097996711689,409.056401740796,5.80741253672674,1.03925024480077,6.8466627815275,0.012,0.130951790544201,98.2259988282989,98.1926818560566,25.0845636493337,0,0
587,normal,0.6,45,0.190985931710274,22000,0.25,0.2,218.571359529122,218.596761904412,0.271960117575616,0.47446715212317,0.47446715212317,0.637835497994375,1,2.82156480747145,2.69009081333569,2.02591056813696,71.8009582049077,382.276991619275,407.004910118513,5.61443231392984,0.717310734060879,6.33174304799071,0.012,0.0868390630079169,98.3706637336878,98.348686595682,25.0800642501433,0,0
588,normal,0.6,45,0.190985931710274,24000,0.25,0.2,219.120498690231,219.075271427505,0.17832821656908,0.195155362385934,0.195155362385934,0.420331169315812,1,2.82615083723128,2.19816351506406,1.29773195653539,45.918708210449,384.133537520474,405.063559624839,6.24316232615074,0.562090223106407,6.80525254925714,0.012,0.0579830740675053,98.2592536933868,98.244682285191,25.085335064034,0,0
589,normal,0.7,45,0.146133467375089,2000,0.25,0.2,202.311941716933,198.173547545981,5.407993867769,11.2259971504245,11.2259971504245,9.92111475182664,0,2.98309782643469,14.2268832609227,14.0573747469539,471.23411851883,434.70510723451,512.998409758398,2.61728627209537,15.4957187908842,18.1130050629796,0.012,2.42885048783906,95.9999380389008,95.4877556073878,25.1753038365434,0,0
590,normal,0.7,45,0.146133467375089,6000,0.25,0.2,217.518672820534,217.531202099736,0.513052496548331,1.23672866043051,1.23672866043051,1.12218086375635,1,3.26551672854984,4.1068316908466,3.33482270491988,102.122358638194,514.856705982126,550.189396965648,2.76388280868249,1.31464776870473,4.07853057738722,0.012,0.202392798443304,99.2140578842887,99.1753779472459,25.0626171809134,0,0
591,normal,0.7,45,0.146133467375089,10000,0.25,0.2,218.174902306695,218.132046504887,0.355770539910811,1.01937884915055,1.01937884915055,0.849069770505806,1,3.27840780526562,3.72766385958301,2.84891681372588,86.89940309287,518.348153997526,549.811815492602,3.69936770247848,1.1639458270547,4.86331352953318,0.012,0.166745734200495,99.0704879706633,99.0389245986396,25.0683153891391,0,0
592,normal,0.7,45,0.146133467375089,12000,0.25,0.2,218.618751322528,218.591778656645,0.276748904257046,0.862292180621625,0.862292180621625,0.640100610615713,1,3.28484570783114,3.68046865799515,2.78253201579269,84.7081495839842,520.430396297581,553.190795138563,4.02098018700967,1.14553167641725,5.16651186342691,0.012,0.162550194509816,99.017020118801,98.9864068114714,25.0709933404893,0,0
593,normal,0.7,45,0.146133467375089,14000,0.25,0.2,219.017810246014,219.029993392186,0.168866668582105,0.534803526384142,0.534803526384142,0.440912094461019,1,3.29070664686602,3.17484066048024,2.06268278702148,62.6820621943293,522.333676063059,550.205767602653,3.82619691334391,0.888820651671229,4.71501756501514,0.012,0.120955358633263,99.1053924197102,99.0826533862593,25.0670848773932,0,0
594,normal,0.7,45,0.146133467375089,16000,0.25,0.2,218.746035779699,218.848731450908,0.184655135946881,0.903983650211829,0.903983650211829,0.523303885950784,1,3.28805801139624,3.18643709097965,2.08389678001903,63.377737643203,521.025546820592,547.538765346766,4.5597771888979,0.842439979603082,5.40221716850098,0.012,0.12184057601725,98.97379706428,98.9508950920055,25.0733681430151,0,0
595,R45_R60_R80_R100_R120_f17_f18_f19,0.7,45,0.146133467375089,17000,0.25,0.2,218.098141015864,218.211501289388,0.441398924395578,1.15627801189773,1.15627801189773,0.812953959369105,1,3.27509053798374,3.59618065702463,2.67532631430957,81.6870948537683,517.580463352341,547.01779747109,5.21012125616773,1.23465775754227,6.44477901370999,0.012,0.155190183815497,98.7701395862896,98.7408974491054,25.0816987358212,0,0
596,R45_R60_R80_R100_R120_f17_f18_f19,0.7,45,0.146133467375089,18000,0.25,0.2,217.903619276785,217.769211711195,0.368871866890415,1.01682693075123,1.01682693075123,1.01399467672953,1,3.27104503242927,3.86717653204639,3.03151925191067,92.677392755406,516.850908266216,549.797954456523,5.46080168440942,1.2577425925542,6.71854427696361,0.012,0.179460651960124,98.7167806975122,98.6829557531982,25.0859435887271,0,0
597,R45_R60_R80_R100_R120_f17_f18_f19,0.7,45,0.146133467375089,19000,0.25,0.2,217.811514224467,217.795188288281,0.320170959117926,1.26453843700232,1.26453843700232,1.00218714169064,1,3.27532363852153,3.86425513260924,3.02877389886147,92.4725075482509,516.981017087628,549.921551620371,5.58897358171969,1.29960653345529,6.88858011517498,0.012,0.179189612758762,98.6850582374017,98.6513145520512,25.0878543221212,0,0
598,normal,0.7,45,0.146133467375089,20000,0.25,0.2,217.925124187036,218.119444274432,0.28270126271598,1.64741774898359,1.64741774898359,0.854798057076506,1,3.26991178076121,3.683783639276,2.79319770212801,85.4211944971119,516.332016309789,547.644174799457,6.08922412012652,1.1966344390651,7.28585855919162,0.012,0.162843142811971,98.6085542704182,98.5778969240643,25.0900927807163,0,0
599,normal,0.7,45,0.146133467375089,22000,0.25,0.2,218.589318720004,218.645530251078,0.228443383926779,1.26041743262259,1.26041743262259,0.615668067691812,1,3.28692857079944,3.11218180997828,1.97086510517393,59.9606916524681,520.366444265006,545.213931962514,5.92148443678775,0.872437812826171,6.79392224961392,0.012,0.116228107420317,98.7112228685679,98.6894638549266,25.0845294601052,0,0
600,normal,0.7,45,0.146133467375089,24000,0.25,0.2,219.207612675703,219.178991897584,0.112032691992652,0.375855143221602,0.375855143221602,0.373185501098409,1,3.29353012590353,2.65359078928433,1.09854688300459,33.3546936268943,523.272058622027,543.699306057519,6.62365182989559,0.723361547666037,7.34701337756163,0.012,0.0844985289236956,98.6153883708184,98.5996868460703,25.089759011385,0,0
601,normal,0.8,45,0.107429586587029,2000,0.25,0.2,200.106656450521,197.117285269987,4.2917465926182,11.9660246553392,11.9660246553392,10.4012339681876,0,3.3762824141594,13.3464031667794,13.0443708168595,386.353071714446,557.136836083179,631.08663330004,2.76911907028543,13.2888111618732,16.0579302321586,0.012,2.13751772988262,97.1985211352533,96.8374018864182,25.1619301764955,0,0
602,normal,0.8,45,0.107429586587029,6000,0.25,0.2,217.367886410496,217.296387180025,0.523248740532329,1.52844240000205,1.52844240000205,1.22891491817037,1,3.72633847624119,4.84338314418544,3.71881477276414,99.7980939325557,671.678138082602,709.201406633463,2.92131244738398,1.74924252848488,4.67055497586886,0.012,0.281500323376555,99.3094457010409,99.2681297187619,25.0676920400688,0,0
603,normal,0.8,45,0.107429586587029,10000,0.25,0.2,218.069998990546,218.05312965416,0.320941149391427,0.939999554927614,0.939999554927614,0.884941066290721,1,3.739414754187,4.37845520950986,3.07865183870321,82.3297772801495,676.311071053337,709.68505466849,3.94952727222456,1.55149541977391,5.50102269199847,0.012,0.230050440260208,99.1931761342366,99.1597186213321,25.0739698658349,0,0
604,normal,0.8,45,0.107429586587029,12000,0.25,0.2,218.580783459667,218.575270534161,0.275295238710528,0.809321705399014,0.809321705399014,0.64760430265423,1,3.74815004844109,4.16701694774477,2.76145513004041,73.6751489228384,679.461947429389,712.549252599382,4.10843276402338,1.41622877348345,5.52466153750683,0.012,0.208368362913506,99.1934643005884,99.163299485533,25.0742299202728,0,0
605,normal,0.8,45,0.107429586587029,14000,0.25,0.2,218.885961541382,218.85806557787,0.159521951698862,0.837257256382603,0.837257256382603,0.519061100968191,1,3.75459066164989,3.83694722016867,2.22626085321657,59.2943693158357,681.34480466318,710.403159099585,4.27865676157028,1.25267084980483,5.53132761137511,0.012,0.176665967644321,99.1947125032488,99.1692059775285,25.0742320353557,0,0
606,normal,0.8,45,0.107429586587029,16000,0.25,0.2,219.198042214351,219.210380935466,0.0748211704817407,0.265187299364038,0.265187299364038,0.358917756606277,1,3.75860505772733,3.53879124249516,1.65196828581018,43.9516325987453,683.431668902002,708.928743974562,4.83330720569054,1.08633224734391,5.91963945303444,0.012,0.150276521495525,99.1412739221225,99.1196661316425,25.0776999386188,0,0
607,R45_R60_R80_R100_R120_f17_f18_f19,0.8,45,0.107429586587029,17000,0.25,0.2,218.327857905011,218.247200623233,0.312513940056305,1.04283587354251,1.04283587354251,0.796726989439572,1,3.74111304558552,3.98318997312771,2.47973099093382,66.2832413968319,676.972237839634,706.060150643083,5.38596392529424,1.30457966031689,6.69054358561113,0.012,0.190389628344302,99.0213678779378,98.993799618805,25.0860916144356,0,0
608,R45_R60_R80_R100_R120_f17_f18_f19,0.8,45,0.107429586587029,18000,0.25,0.2,218.147828843815,218.034356603608,0.267808655864554,1.41465207618706,1.41465207618706,0.893474271087342,1,3.73714977181182,4.20097918099384,2.81927449584055,75.4391626770082,676.026616003078,707.908527268992,5.80365945036559,1.44351011646405,7.24716956682964,0.012,0.211778712949724,98.939346171347,98.9086897120343,25.0911807486023,0,0
609,R45_R60_R80_R100_R120_f17_f18_f19,0.8,45,0.107429586587029,19000,0.25,0.2,217.772630704029,217.976053911429,0.470078523295827,1.2127970877232,1.2127970877232,0.919975494805036,1,3.73357797740283,4.30140843386295,2.97275544081997,79.6221602658984,674.32009120963,707.220922558166,5.82170027156202,1.43508415943256,7.25678443099458,0.012,0.222025374178888,98.9352948008728,98.9030768758879,25.0905386532334,0,0
610,normal,0.8,45,0.107429586587029,20000,0.25,0.2,217.208435640018,217.265802435103,0.500390896984432,1.58785074447104,1.58785074447104,1.2428170749531,1,3.72021435556198,4.29464064103554,2.97164864332713,79.8784252548326,671.077562334932,702.448945127054,6.44220105793556,1.57349920523576,8.01570026317132,0.012,0.22132725882761,98.8196466222468,98.7874502263033,25.0968464384763,0,0
611,normal,0.8,45,0.107429586587029,22000,0.25,0.2,218.987053246051,218.944677291437,0.187582909046423,0.129901685871711,0.129901685871711,0.479692140255772,1,3.75195759207096,3.49812414534368,1.56906310128705,41.8198517116229,681.963523361768,705.839227330364,6.53078530641825,1.11495192319214,7.64573722961039,0.012,0.146842470434837,98.8912942927922,98.8702412830486,25.0924703524471,0,0
612,normal,0.8,45,0.107429586587029,24000,0.25,0.2,218.962845458194,218.90877085319,0.245771141910238,0.563418802939275,0.563418802939275,0.496013248549913,1,3.75659872820425,3.45236072796094,1.46515065988143,39.0020538760551,682.095200572932,703.942593410194,7.1599807012042,1.13257966197476,8.29256036317896,0.012,0.143025535151604,98.7988546680006,98.7783910487991,25.0984641001895,0,0
613,normal,0.9,45,0.0693740313302539,2000,0.25,0.2,199.478601732195,197.546525088336,5.43156790398509,9.404098027151,9.404098027151,10.2061249598472,0,3.78240420486686,15.074196556832,14.6534489452747,387.410973328022,693.161704659435,776.704698698097,2.74958715739348,16.456604524968,19.2061916823614,0.012,2.72677682200806,97.3038942685387,96.932858077752,25.1832747654066,0,0
614,normal,0.9,45,0.0693740313302539,6000,0.25,0.2,217.488601805213,217.480438069186,0.559044708322411,1.64968674995178,1.64968674995178,1.14525542309735,1,4.19290514841722,5.2416903236037,3.48255145140258,83.0581977919823,851.126756094722,887.441577137969,3.00077425732328,2.11941206346546,5.12018632078873,0.012,0.329703809382727,99.4020199002002,99.3637591972429,25.0715583686585,0,0
615,normal,0.9,45,0.0693740313302539,10000,0.25,0.2,218.156568187184,218.11832405498,0.314842420071841,1.09647682097282,1.09647682097282,0.855307247736438,1,4.20829662599183,4.74918409735966,2.66666025831185,63.3667370746082,856.719578057863,887.840926009815,4.23807261311669,1.7634597155127,6.00153232862938,0.012,0.270656995087367,99.3043485019231,99.2732040373053,25.0789143814859,0,0
616,normal,0.9,45,0.0693740313302539,12000,0.25,0.2,218.533135591008,218.52635610778,0.27402190547675,0.761049135581657,0.761049135581657,0.669838132827284,1,4.21350222458892,4.81458546767591,2.77174268800953,65.7823952681061,859.50333655629,893.076141765744,4.2438078676761,1.81340892875873,6.05721679643483,0.012,0.278162798706672,99.3001972221386,99.2682956447938,25.0797121531929,0,0
617,normal,0.9,45,0.0693740313302539,14000,0.25,0.2,218.984494189348,218.982652699671,0.13779535668119,0.504818053301352,0.504818053301352,0.462430591058672,1,4.22127322135133,4.47518407744743,2.11308863355319,50.0580872819395,863.090570518294,892.174146238147,4.59938577408941,1.58889772132693,6.18828349541634,0.012,0.240327270324468,99.2881129608936,99.2606706207162,25.0805363416359,0,0
618,normal,0.9,45,0.0693740313302539,16000,0.25,0.2,218.351070273367,218.238458340604,0.291269483190499,1.923067770512,1.923067770512,0.800700754270774,1,4.21532134927243,4.53416473930895,2.25589469063999,53.5165531574326,857.843801466468,885.805604577463,5.36685608405668,1.59240010497374,6.95925618903042,0.012,0.246703798598312,99.1952784940542,99.1669889630955,25.0875567195554,0,0
619,R45_R60_R80_R100_R120_f17_f18_f19,0.9,45,0.0693740313302539,17000,0.25,0.2,218.217923637311,218.087865605354,0.303556400077298,1.16107927605347,1.16107927605347,0.869151997566178,1,4.21064482770487,4.6786166730773,2.53761421245261,60.2666412459158,858.265568819149,887.785139142007,5.85730909394996,1.75923851252807,7.61654760647803,0.012,0.262673447683163,99.1203712997424,99.090311325972,25.0955834097817,0,0
620,R45_R60_R80_R100_R120_f17_f18_f19,0.9,45,0.0693740313302539,18000,0.25,0.2,216.983374041845,216.959113134513,0.386135206739464,1.9774562505688,1.9774562505688,1.38222130249393,1,4.18805527547963,5.1784537325092,3.39755116830322,81.1247928888456,847.823751213328,882.688989125592,6.22320853234877,2.11967522350786,8.34288375585663,0.012,0.321796596716861,99.0255537397627,98.9883482329432,25.1011759634225,0,0
621,R45_R60_R80_R100_R120_f17_f18_f19,0.9,45,0.0693740313302539,19000,0.25,0.2,217.650635534503,217.691663866424,0.440850920878805,1.32128220075164,1.32128220075164,1.04924369707982,1,4.19710693776445,4.90319998798184,2.94490697691437,70.1651642567618,853.379218615463,885.353203883634,6.30528028158989,1.86485783487262,8.17013811646251,0.012,0.288496441465742,99.0516923896904,99.0185352700879,25.0997124433708,0,0
622,normal,0.9,45,0.0693740313302539,20000,0.25,0.2,217.487634913056,217.740729972886,0.371828835999091,0.87470256535137,0.87470256535137,1.02694092141555,1,4.19199850483366,4.78865278081793,2.75407047926171,65.6982695982853,851.224997345488,881.592216061707,6.90529956695169,1.87320400596945,8.77850357292114,0.012,0.275174345462823,98.9792479259042,98.9475877783897,25.1023003663651,0,0
623,normal,0.9,45,0.0693740313302539,22000,0.25,0.2,218.858647603723,218.796399742193,0.201078405716435,0.644419494286031,0.644419494286031,0.547091026275785,1,4.21276056997131,4.26778665625417,1.63393562717932,38.7853902456756,861.213172407719,886.028333728159,7.02821927845613,1.48137010075207,8.5095893792082,0.012,0.218568035319613,99.0215744886653,98.996695855764,25.1013174719575,0,0
624,normal,0.9,45,0.0693740313302539,24000,0.25,0.2,219.200946275838,219.212396817506,0.0771073983611022,0.236854967271193,0.236854967271193,0.358001446588193,1,4.22448107539312,4.09485177927922,1.08371536997599,25.6532187181154,864.611865270294,886.440546779811,7.81969268887304,1.42728422422877,9.24697691310181,0.012,0.201213733131194,98.9418225842978,98.9190455984943,25.106872031706,0,0
625,normal,0.95,45,0.0470805300494573,2000,0.25,0.2,203.309785702073,203.499556302681,3.88152917167254,7.82416783877914,7.82416783877914,7.50020168059963,0,4.07519660228268,14.2802377193342,13.6935686324416,336.022282330409,806.382175859598,883.144205955955,2.88353378795625,15.0113997900419,17.8949335779981,0.012,2.44710227184836,97.8290148576117,97.5394411386858,25.1723504173908,0,0
626,normal,0.95,45,0.0470805300494573,6000,0.25,0.2,217.417576791525,217.312470505293,0.561347886856313,1.48145420472294,1.48145420472294,1.22160431577572,1,4.42355714911849,5.55394990516873,3.38469591416403,76.5152523199234,947.601387170152,984.699630347473,3.05382160788361,2.31703538712594,5.37085699500955,0.012,0.370156314589485,99.4364099240147,99.3978015341906,25.0739477660129,0,0
627,normal,0.95,45,0.0470805300494573,10000,0.25,0.2,218.074656847906,218.034896977812,0.372598544774396,1.10066718585221,1.10066718585221,0.893228646449222,1,4.44010265164693,5.21497026283781,2.77236184453836,62.4391385075304,953.441551437668,985.718844512244,4.30670639843213,2.0866705248496,6.39337692328172,0.012,0.326350978107392,99.3339087030101,99.3001459186091,25.0826456662353,0,0
628,normal,0.95,45,0.0470805300494573,12000,0.25,0.2,218.537036163566,218.536405889088,0.26100757132864,0.834347972151114,0.834347972151114,0.665270050414428,1,4.44865903976564,5.27180942778802,2.86327745668468,64.3627086519879,957.897023350799,992.303343876902,4.66950995005547,2.13995347390009,6.80946342395557,0.012,0.333503695714976,99.2941414287861,99.259826826846,25.0860325060411,0,0
629,normal,0.95,45,0.0470805300494573,14000,0.25,0.2,218.780056376272,218.760300663718,0.207870203036783,0.61723349480322,0.61723349480322,0.563499698310091,1,4.45347029495494,4.96588145642037,2.24107213092456,50.3219283501977,959.94291962603,989.901282805931,4.85659318550092,1.92220072661017,6.77879391211109,0.012,0.295919743670636,99.2987853880616,99.2683986917827,25.0855559983864,0,0
630,normal,0.95,45,0.0470805300494573,16000,0.25,0.2,219.130896368648,219.115588863024,0.0734866056947603,0.437287629928997,0.437287629928997,0.402005062261759,1,4.45944025432622,4.74089759134238,1.66586137417508,37.3558401765555,962.78149629788,989.376694991938,5.49793342823685,1.82005509906301,7.31798852729986,0.012,0.269713319659152,99.245645560917,99.2180603154485,25.0902967913738,0,0
631,R45_R60_R80_R100_R120_f17_f18_f19,0.95,45,0.0470805300494573,17000,0.25,0.2,218.208568284124,218.280557314389,0.23930810090303,1.18286180618521,1.18286180618521,0.78156485709587,1,4.42979410109422,5.1694485347287,2.68130690191746,60.5289284496349,952.548296977497,984.671139975222,6.17408275562791,2.13839204805951,8.31247480368742,0.012,0.320678377838505,99.1348928952237,99.1018185816947,25.1010684856872,0,0
632,R45_R60_R80_R100_R120_f17_f18_f19,0.95,45,0.0470805300494573,18000,0.25,0.2,217.711325957628,217.663770806477,0.453662308273261,1.30534714027548,1.30534714027548,1.06192236069228,1,4.42397548006021,5.34055951692472,3.01344608433415,68.1162474321204,950.199267798298,983.242006281685,6.44601810092245,2.2060312834607,8.65204938438315,0.012,0.342258911445783,99.0976651719263,99.0623051988678,25.1041485751342,0,0
633,R45_R60_R80_R100_R120_f17_f18_f19,0.95,45,0.0470805300494573,19000,0.25,0.2,217.752805970436,217.865858912491,0.340435847949603,1.43217792017045,1.43217792017045,0.970064130686113,1,4.43111723661168,5.30101084759798,2.9412515145123,66.3771991905449,951.363688238256,984.488373898234,6.57667250793109,2.29276139559371,8.8694339035248,0.012,0.337208592076217,99.0763249362049,99.0415441534024,25.1056098616903,0,0
634,normal,0.95,45,0.0470805300494573,20000,0.25,0.2,217.33980649801,217.309781454372,0.436495764254789,1.48760711493809,1.48760711493809,1.22282661164927,1,4.4299832347332,5.27325479135375,2.90398322894984,65.5529169090577,948.490859184469,979.753081352598,7.23608101489318,2.25914726381256,9.49522827870574,0.012,0.333686593134423,99.0088344284989,98.9743595887376,25.1095288263439,0,0
635,normal,0.95,45,0.0470805300494573,22000,0.25,0.2,218.430824525309,218.317562482001,0.272678374263408,1.08555759493542,1.08555759493542,0.764744326363016,1,4.45097362349272,4.86384005010316,2.02083561788098,45.402102749268,957.053857454045,982.915113381784,7.34232296312493,1.91659711933721,9.25892008246214,0.012,0.28388328039585,99.0418299025222,99.0127419481469,25.1077359233284,0,0
636,normal,0.95,45,0.0470805300494573,24000,0.25,0.2,219.09292200093,219.119131027196,0.0969085272420043,0.529317491271552,0.529317491271552,0.400394987638037,1,4.46077142802346,4.56649959606824,1.07648311638485,24.1322186925376,962.79654876069,984.455687041984,8.21289722410208,1.70214512358618,9.91504234768826,0.012,0.250235022730697,98.9806801483274,98.9552234119153,25.112867468956,0,0
637,normal,0.99,45,0.020410516018692,2000,0.25,0.2,199.716791147541,197.052844485721,5.38965777936923,19.9904903651951,19.9904903651951,10.4305252337634,0,4.25403144950268,14.0451537272168,13.314957648916,312.996220337594,859.319166328921,934.987261623632,2.90129835319935,14.1497876187452,17.0510859719446,0.012,2.36719611865384,98.0543513512494,97.7902066054515,25.1893990818254,0,0
638,normal,0.99,45,0.020410516018692,6000,0.25,0.2,217.565828070471,217.539199570333,0.442889191870672,1.28225340184005,1.28225340184005,1.11854564984841,1,4.61442726336762,5.95573662509376,3.33611391723071,72.2974646001032,1030.63944010277,1067.69121072739,3.19994643448818,2.67511510264473,5.87506153713291,0.012,0.425649584969798,99.4331906087336,99.3923746597467,25.0785637341581,0,0
639,normal,0.99,45,0.020410516018692,10000,0.25,0.2,218.139347391557,218.090457932497,0.292577515064142,0.987825870271784,0.987825870271784,0.867973667046894,1,4.62909038858066,5.66684810832635,2.76384307384562,59.705964710986,1036.49182918315,1069.19449175698,4.61629311703028,2.45367040972255,7.06996352675283,0.012,0.385358009794104,99.322516062188,99.2858525901999,25.0887531727157,0,0
640,normal,0.99,45,0.020410516018692,12000,0.25,0.2,218.533367352402,218.504312548956,0.215404310540979,0.837914173766494,0.837914173766494,0.67985793229251,1,4.63718190456743,5.71885087457641,2.85335600382256,61.5321128768342,1039.89338260397,1075.15259162903,4.80597407099892,2.46142477216453,7.26739884316345,0.012,0.39246306390772,99.3059901619768,99.2687854343245,25.090459022767,0,0
641,normal,0.99,45,0.020410516018692,14000,0.25,0.2,218.854817791815,218.851525536592,0.157316735955118,0.491749566230232,0.491749566230232,0.52203384700342,1,4.64486318061084,5.39871523972397,2.12344553109557,45.7159974046063,1043.06608897259,1072.99217253296,5.01412821155557,2.20542056075453,7.2195487723101,0.012,0.349753514875535,99.3126109209861,99.279550037039,25.0897249143326,0,0
642,normal,0.99,45,0.020410516018692,16000,0.25,0.2,219.044418390686,219.037395012972,0.106714727235671,0.372427920453789,0.372427920453789,0.437547721376254,1,4.64855928771836,5.27897932065605,1.78545548029813,38.4087922685069,1044.85837448158,1072.45344041646,5.85005087405221,2.19202045821316,8.04207133226536,0.012,0.334411472014971,99.2361983163518,99.2046899372599,25.096534497411,0,0
643,R45_R60_R80_R100_R120_f17_f18_f19,0.99,45,0.020410516018692,17000,0.25,0.2,218.290325387376,218.170438803767,0.325447084451358,0.514618737226297,0.514618737226297,0.831618725560307,1,4.63175662892147,5.53096979471755,2.46693991040633,53.2614320666664,1037.57984054098,1067.5938990425,6.41585400424106,2.42192184392504,8.8377758481661,0.012,0.367099522440935,99.1554255481036,99.1206524865439,25.1038810911962,0,0
644,R45_R60_R80_R100_R120_f17_f18_f19,0.99,45,0.020410516018692,18000,0.25,0.2,217.606533114241,217.552683435673,0.316000106661686,1.36245278228454,1.36245278228454,1.11241662014878,1,4.61346691363731,5.84678408580656,3.13557904569986,67.9657859132175,1029.70789596331,1064.75475436256,6.7868028002373,2.67344056509007,9.46024336532738,0.012,0.41021860975249,99.0896330432687,99.0505321797335,25.1104343884693,0,0
645,R45_R60_R80_R100_R120_f17_f18_f19,0.99,45,0.020410516018692,19000,0.25,0.2,217.172656279272,217.115298507531,0.716454212329082,1.6788840802994,1.6788840802994,1.3112279511221,1,4.6075844036339,5.86725528124968,3.18928731174813,69.2182070334471,1026.93959274153,1061.7793744137,6.79327105038434,2.46188631493094,9.25515736531529,0.012,0.413096214424227,99.1068129456976,99.0673181170632,25.1094609409508,0,0
646,normal,0.99,45,0.020410516018692,20000,0.25,0.2,217.294493133276,217.084307865082,0.538130920764033,1.30432186973306,1.30432186973306,1.325314606781,1,4.60995648461396,5.70934718338,2.88370879762339,62.5539266422138,1027.2526153935,1058.72590317511,7.51763635139282,2.45124290000002,9.96887925139284,0.012,0.391159743124429,99.0388861682041,99.0015504388169,25.114136120731,0,0
647,normal,0.99,45,0.020410516018692,22000,0.25,0.2,218.45947704095,218.709491729418,0.222978967316322,1.11088964796797,1.11088964796797,0.586594668446465,1,4.64013518013887,5.35298895019918,2.02702156660214,43.6845369350097,1039.32482619066,1066.28282284148,7.73880861035522,2.29279492659953,10.0316035369548,0.012,0.343853888411455,99.0440232457947,99.0115790585838,25.1145383526267,0,0
648,normal,0.99,45,0.020410516018692,24000,0.25,0.2,219.062987559576,219.04957350411,0.151705491091436,0.406807015016162,0.406807015016162,0.432012043586473,1,4.65186163316265,5.10356746584203,1.16739868549793,25.0953011408521,1046.06933162815,1068.28014994864,8.71205645048474,2.09165567689084,10.8037121273756,0.012,0.312556810540814,98.977766327639,98.948503561535,25.1208741191525,0,0
649,normal,0.6,60,0.254647908947033,2000,0.25,0.2,200.627593509469,196.228622185296,5.34387784305336,15.5981392705197,15.5981392705197,10.8051717339561,0,1.94439763302578,14.0627265565468,14.0099797486663,720.530590590394,235.472396470887,313.196895473564,2.67150852748457,15.2374473982874,17.908955925772,0.012,2.37312333845048,92.9320150214779,92.0697070086746,25.1821612340121,0,0
650,normal,0.6,60,0.254647908947033,6000,0.25,0.2,217.29476553172,217.309147323523,0.530806363151894,1.3818891732604,1.3818891732604,1.2231148529442,1,2.10144571214133,4.08130072880646,3.854913999771,183.441046204469,283.150479660758,319.993888432134,2.69209128256245,1.27665163911482,3.96874292167727,0.012,0.199884187667474,98.6177369505318,98.5491298660203,25.059759359191,0,0
651,normal,0.6,60,0.254647908947033,10000,0.25,0.2,218.298516183322,218.282752996934,0.305434765106083,1.05226785380102,1.05226785380102,0.780566819575677,1,2.11249873292967,3.21631872449939,2.92086372168444,138.265821235959,285.959719306293,317.764941976495,3.58412257575996,0.915136972609836,4.4992595483698,0.012,0.124136473650785,98.4509827976015,98.4089247522875,25.0646351869703,0,0
652,normal,0.6,60,0.254647908947033,12000,0.25,0.2,218.735078694325,218.742298235789,0.23477431856359,0.831428878242463,0.831428878242463,0.571682620095776,1,2.11658044100476,3.08400696014308,2.77309023890922,131.017474468998,287.015782944707,319.720420994772,3.65624764394327,0.853398933361769,4.50964657730504,0.012,0.114133187162532,98.4530863792229,98.4145567489146,25.0656103639486,0,0
653,normal,0.6,60,0.254647908947033,14000,0.25,0.2,219.054471418554,219.046716560766,0.160108385265165,0.538832142750139,0.538832142750139,0.433310654197137,1,2.11963781746005,2.56412609708769,2.17914950186158,102.807634583197,287.92872645056,316.147718378016,3.64938406153525,0.634034767927589,4.28341882946283,0.012,0.0788969117011939,98.5341407266429,98.5075438137093,25.0624934187912,0,0
654,normal,0.6,60,0.254647908947033,16000,0.25,0.2,219.353345250923,219.353221379207,0.0693223167700399,0.261780064260958,0.261780064260958,0.293990282178746,1,2.1217779443153,2.01376584450442,1.49119948907313,70.2806574584475,288.573585056368,312.867727555356,4.00980907200858,0.479336470363201,4.48914554237178,0.012,0.0486630345179113,98.4681963710635,98.4518484523439,25.0645749413497,0,0
655,R45_R60_R80_R100_R120_f17_f18_f19,0.6,60,0.254647908947033,17000,0.25,0.2,218.877756598296,218.857535141138,0.186096092304156,0.729573569803202,0.729573569803202,0.519302208573565,1,2.1163001683935,2.59905904303636,2.22080689510082,104.938180711229,287.315462934235,314.75624262105,4.57305613058368,0.666842590379262,5.23989872096294,0.012,0.0810612949102687,98.2089206325541,98.1817164240077,25.0725819502733,0,0
656,R45_R60_R80_R100_R120_f17_f18_f19,0.6,60,0.254647908947033,18000,0.25,0.2,216.740042880417,216.660928982122,0.779578002786215,1.54633008239496,1.54633008239496,1.51775955358071,1,2.09694785245106,3.68525030072587,3.43412944939541,163.76799477304,281.56095569603,315.369265139235,5.32843179055134,1.27462547623256,6.6030572667839,0.012,0.162972837348002,97.7085767237577,97.6533483033665,25.084342707393,0,0
657,R45_R60_R80_R100_R120_f17_f18_f19,0.6,60,0.254647908947033,19000,0.25,0.2,217.732096522164,217.515094804539,0.353040367734133,1.64006971641122,1.64006971641122,1.12950236157325,1,2.10792459058914,3.33392400296435,3.05128899093388,144.753232850758,284.172880801111,316.644133092201,5.22071507075913,1.00983457443632,6.23054964519546,0.012,0.133380591090502,97.8545192680334,97.8095958947292,25.0814362736291,0,0
658,normal,0.6,60,0.254647908947033,20000,0.25,0.2,216.098752994861,216.101567140676,0.864520007354508,2.04866547485004,2.04866547485004,1.77201493605637,1,2.09231476588502,3.66306364656809,3.41209979309811,163.07774760911,280.15632518123,313.343747123366,6.06658844807764,1.23327053287084,7.29985898094847,0.012,0.161016423345704,97.4605315929366,97.4059703699551,25.0884280584299,0,0
659,normal,0.6,60,0.254647908947033,22000,0.25,0.2,218.785874494949,219.009152669453,0.138695734740728,0.164222053522979,0.164222053522979,0.45038515024881,1,2.11565537341672,2.3030738938969,1.86618933081481,88.2085690450127,287.153369142178,311.419320004362,5.50462638261934,0.613396713565884,6.11802309618522,0.012,0.063649792328993,97.9138697949738,97.8926237909662,25.0779898948301,0,0
660,normal,0.6,60,0.254647908947033,24000,0.25,0.2,219.29760921398,219.273075976834,0.136229136214791,0.346086211259639,0.346086211259639,0.3304200105301,1,2.12191965332107,1.78607829106184,1.1661541119784,54.9575055847765,288.523560630323,309.189013392423,5.93057572353601,0.428570551084827,6.35914627462084,0.012,0.0382809079416288,97.8434997625443,97.8307996219579,25.0810030149107,0,0
661,normal,0.7,60,0.194844623166785,2000,0.25,0.2,199.988146721771,197.573795898261,5.16539526445766,12.6745384237866,12.6745384237866,10.1937291371539,0,2.22974900918471,13.9759896051541,13.8811920053651,622.545046468731,318.401911811292,397.022939042357,2.84794972207221,14.2890420242928,17.136991746365,0.012,2.3439394253205,94.8926960287869,94.2344124372521,25.1638104315193,0,0
662,normal,0.7,60,0.194844623166785,6000,0.25,0.2,217.655142341131,217.584370514467,0.461794172744482,1.39524107977521,1.39524107977521,1.09801340251516,1,2.4519438785971,3.86343731029515,3.42184846425922,139.556557314723,386.717006382238,422.312976588786,2.67679149569681,1.22721277564512,3.90400427134193,0.012,0.179113774206968,99.0005646995768,98.9551901879439,25.0608175687576,0,0
663,normal,0.7,60,0.194844623166785,10000,0.25,0.2,218.311632760625,218.284740431199,0.322087303522576,0.913738016501764,0.913738016501764,0.77966344036426,1,2.45931109583051,3.37241225131453,2.85250019387017,115.987773921985,389.246489305872,420.584862732249,3.57799525455308,0.956308902557399,4.53430415711048,0.012,0.136477972713796,98.8485207424072,98.8142733338904,25.065783094151,0,0
664,normal,0.7,60,0.194844623166785,12000,0.25,0.2,218.679016112371,218.660237552812,0.226072846550729,0.834798124512448,0.834798124512448,0.60898293054021,1,2.46379558564673,3.38214477061949,2.86199809161085,116.162156807323,390.523709901361,423.69264803967,3.90996279569968,0.967735914354126,4.8776987100538,0.012,0.137266838993145,98.766393188334,98.7321175247057,25.0682962637185,0,0
665,normal,0.7,60,0.194844623166785,14000,0.25,0.2,218.893194086486,218.865448116749,0.215099601148002,0.817026402316043,0.817026402316043,0.515705401477724,1,2.46760600032436,2.85738959842708,2.21601349582863,89.8041865491224,391.334029098895,419.652490923884,3.74991898855248,0.73584254320769,4.48576153176017,0.012,0.0979761038063912,98.8667162082489,98.8422500779964,25.0647241900866,0,0
666,normal,0.7,60,0.194844623166785,16000,0.25,0.2,219.255240111346,219.249809671405,0.0822232719726294,0.346841013849193,0.346841013849193,0.340995603906642,1,2.47061578506793,2.53597227019509,1.77936767902829,72.021221987755,392.610817111333,418.197030304688,4.21611071215309,0.639419385652833,4.85553009780593,0.012,0.0771738642623811,98.7783795705222,98.7592040366424,25.0673850032038,0,0
667,R45_R60_R80_R100_R120_f17_f18_f19,0.7,60,0.194844623166785,17000,0.25,0.2,218.45862884045,218.527319118491,0.288938259108123,1.11720601761511,1.11720601761511,0.669400400685912,1,2.45900528344633,3.15773161169098,2.59376281597585,105.48016441594,388.766411993655,418.836362287024,4.91673959016514,0.928688028914472,5.84542761907961,0.012,0.11965522717767,98.5186892454073,98.4888252079616,25.0781983842853,0,0
668,R45_R60_R80_R100_R120_f17_f18_f19,0.7,60,0.194844623166785,18000,0.25,0.2,217.510781605457,217.27867224481,0.554635368294311,1.61034104900482,1.61034104900482,1.23696716145009,1,2.4517141204605,3.56298276872012,3.07944449614884,125.603734564715,386.301172198333,418.401524135877,5.2595428609301,1.08585479621272,6.34539765714282,0.012,0.152338154522358,98.3839416553471,98.3457856732382,25.0823615817765,0,0
669,R45_R60_R80_R100_R120_f17_f18_f19,0.7,60,0.194844623166785,19000,0.25,0.2,217.871343484954,217.858975958705,0.339661911646253,1.21562783181561,1.21562783181561,0.973192746043258,1,2.45326005646797,3.44363888021304,2.93870535882298,119.787763676955,387.678349423678,418.859738963396,5.28238367131024,1.05068645633601,6.33307012764625,0.012,0.142303784847779,98.3926683813231,98.3571450606414,25.0826570184103,0,0
670,normal,0.7,60,0.194844623166785,20000,0.25,0.2,217.412787856574,217.424814492713,0.561229409244243,2.10370554405598,2.10370554405598,1.17053886694852,1,2.44833913787953,3.30106904935573,2.77236855225321,113.234662198568,385.395283861742,415.15828515856,5.70721991876527,0.93277506182975,6.63999498059501,0.012,0.130764682423372,98.3062761595837,98.2734967050785,25.0838702445335,0,0
671,normal,0.7,60,0.194844623166785,22000,0.25,0.2,218.725703127069,218.751416167012,0.275972534420787,1.02659279465576,1.02659279465576,0.567538105903793,1,2.46578119437129,2.62772670240811,1.91213678030459,77.5468960777815,390.802770011,414.839925998171,5.58161022481932,0.654660751105257,6.23627097592457,0.012,0.0828593714705832,98.4293053498157,98.408768103272,25.0801333892741,0,0
672,normal,0.7,60,0.194844623166785,24000,0.25,0.2,219.453583254913,219.452437378698,0.0276456679821904,0.107317180499176,0.107317180499176,0.24889210059186,1,2.47192091756127,1.97200353943917,0.785975373054139,31.7961374682472,393.243921287111,413.281709290065,6.27728924412756,0.482169832581633,6.7594590767092,0.012,0.0466655755147272,98.3101495115963,98.2986816971254,25.0844962383713,0,0
673,normal,0.8,60,0.143239448782706,2000,0.25,0.2,198.676982186184,190.094945652717,8.47433580717404,23.1397043492311,23.1397043492311,13.5932065214924,0,2.52208528690125,18.1508828568858,18.033076880527,715.006624644452,398.174253687892,496.036496488277,3.10903590133763,24.6858770965128,27.7949129978504,0.012,3.95345458181269,93.4749002576621,92.6153298270144,25.2520987290686,0,0
674,normal,0.8,60,0.143239448782706,6000,0.25,0.2,217.405111724917,217.467606573257,0.559056205269,1.27703826800608,1.27703826800608,1.15108792124691,1,2.7967488422363,4.05669152670549,3.31409703286924,118.498199867646,504.304934567155,539.008799129034,2.80067703501961,1.34934408125216,4.15002111627177,0.012,0.197480953714129,99.1837976855406,99.1452902302546,25.0620359879758,0,0
675,normal,0.8,60,0.143239448782706,10000,0.25,0.2,218.006881327244,218.002024332372,0.40154935299194,1.0990119956678,1.0990119956678,0.908170758012842,1,2.80399128393473,3.64908216761876,2.79482748034622,99.6731871585687,506.943392838868,537.929712894824,3.7299996094728,1.14825498566803,4.87825459514083,0.012,0.159789607992399,99.0468838862917,99.0159713148506,25.0687953810594,0,0
676,normal,0.8,60,0.143239448782706,12000,0.25,0.2,218.709521280593,218.711383099416,0.22959281358484,0.808547503790365,0.808547503790365,0.585734954811091,1,2.81307778161017,3.60841051105114,2.73500726244376,97.2247294519625,510.234570116956,542.93034569458,3.7876065282365,1.0896026175045,4.877209145741,0.012,0.156247516995172,99.0531746036322,99.0231381725363,25.0689420704087,0,0
677,normal,0.8,60,0.143239448782706,14000,0.25,0.2,218.988797713588,218.966562274359,0.152762619412291,0.524378992088289,0.524378992088289,0.469744420745777,1,2.81662338889196,3.18725754001335,2.14582852199374,76.1844317013177,511.594309442647,539.651477705691,3.89345066117851,0.923303025638867,4.81675368681738,0.012,0.121903327516464,99.0672636527909,99.0438834817825,25.0683169165269,0,0
678,normal,0.8,60,0.143239448782706,16000,0.25,0.2,219.191325258154,219.188216269505,0.0827119644899268,0.424162784570214,0.424162784570214,0.368992604770517,1,2.81884308737277,2.91071462517433,1.70481784774303,60.4793454229466,512.343924239117,537.890928924277,4.4133715855717,0.792974227576221,5.20634581314792,0.012,0.101667115550445,98.9940405571381,98.9745980749653,25.0713361967112,0,0
679,R45_R60_R80_R100_R120_f17_f18_f19,0.8,60,0.143239448782706,17000,0.25,0.2,218.771671966655,218.775256346033,0.230479562256781,0.799509341010319,0.799509341010319,0.556701660893992,1,2.81366762952946,3.28441289398831,2.29032626472265,81.4000289403646,511.40546180401,538.737820451634,4.99378008804987,1.02262721561125,6.01640730366112,0.012,0.12944841669836,98.8372336650484,98.8125127862185,25.0803852130593,0,0
680,R45_R60_R80_R100_R120_f17_f18_f19,0.8,60,0.143239448782706,18000,0.25,0.2,217.791450674282,217.833709826178,0.346320354867436,1.25933063541407,1.25933063541407,0.984677351737069,1,2.79885835903937,3.7996763079758,2.99074170981153,106.855772109812,505.819006820421,537.691105294146,5.48605878046919,1.33168787995939,6.81774666042858,0.012,0.173250480544712,98.6700628438879,98.6367276209573,25.0862308723288,0,0
681,R45_R60_R80_R100_R120_f17_f18_f19,0.8,60,0.143239448782706,19000,0.25,0.2,217.798778732637,217.644028893225,0.409249764769351,1.64244002533688,1.64244002533688,1.07089595762479,1,2.801454987954,3.82956433246802,3.02839177830974,108.100675946305,505.353409072626,538.397547580161,5.44437985126822,1.15092340802566,6.59530325929388,0.012,0.175986755718134,98.7117257841606,98.6778044435125,25.0854633268621,0,0
682,normal,0.8,60,0.143239448782706,20000,0.25,0.2,217.652911638232,217.612671861234,0.477982695341828,1.92852316618733,1.92852316618733,1.08514915398463,1,2.80155572369547,3.5882224445916,2.71814483046613,97.0226937653298,504.634169272347,534.080014670271,6.0527832721826,1.19293486039188,7.24571813257447,0.012,0.154504083742451,98.5844886054601,98.5547411776772,25.0886123475023,0,0
683,normal,0.8,60,0.143239448782706,22000,0.25,0.2,218.922953604369,218.886807249977,0.219306716848781,0.346935539092401,0.346935539092401,0.505996704555723,1,2.81317146758535,2.9293463791977,1.74069239722792,61.8765125867715,511.131615554004,535.529316836255,5.97665296166778,0.79554960015742,6.7722025618252,0.012,0.102972842511824,98.692382190488,98.6727634609543,25.0850684092989,0,0
684,normal,0.8,60,0.143239448782706,24000,0.25,0.2,219.202833608853,219.182635982285,0.155888659239543,0.255297448556398,0.255297448556398,0.371529098961244,1,2.81923842812517,2.61194278248624,1.12089841853045,39.7589081983344,512.539127134834,533.002651724212,6.50635207876623,0.665699004617918,7.17205108338415,0.012,0.0818669411877836,98.6199929145313,98.6044603535726,25.0882247497589,0,0
685,normal,0.9,60,0.0924987084403385,2000,0.25,0.2,193.493277428784,185.76396138809,8.07134442512866,13.6626060788761,13.6626060788761,15.5618357326865,0,2.64694790352759,19.5841474854155,19.4161029258878,733.527958748714,468.383716579808,576.024924293895,3.26526634626258,27.1420615596068,30.4073279058694,0.012,4.60246599276609,93.9037943359181,93.0452432997476,25.260315465592,0,0
686,normal,0.9,60,0.0924987084403385,6000,0.25,0.2,217.423767202248,217.39966052511,0.537670750543657,1.56240515966522,1.56240515966522,1.18197248858624,1,3.14288401804257,4.52769244891593,3.38977143659742,107.855441598784,637.597731754076,673.842230212113,2.9462367853086,1.62698258259835,4.57321936790694,0.012,0.245999986943644,99.2878501651442,99.2498299824543,25.0666083897665,0,0
687,normal,0.9,60,0.0924987084403385,10000,0.25,0.2,218.25159030622,218.272639218974,0.29973003861696,0.975715898240003,0.975715898240003,0.785163991375438,1,3.15554800280194,4.14035073762158,2.83964405253047,89.9889353611174,642.901576750381,675.003437462348,3.84574398944127,1.3643967518802,5.21014074132147,0.012,0.205710050766283,99.1961045294034,99.164629768998,25.071779446527,0,0
688,normal,0.9,60,0.0924987084403385,12000,0.25,0.2,218.604170060714,218.601705820708,0.247318807530445,0.7655852760176,0.7655852760176,0.635588263314562,1,3.15987910436254,4.12532462438675,2.81246542177677,89.0054754909411,645.007862177747,678.636579821835,4.14331357680284,1.39421475936768,5.53752833617053,0.012,0.20421963907886,99.1487867846091,99.1176716995805,25.0742538331906,0,0
689,normal,0.9,60,0.0924987084403385,14000,0.25,0.2,218.849468815717,218.847615810586,0.135793708028561,0.597192474124916,0.597192474124916,0.52381099518814,1,3.1647751396828,3.81687024011828,2.33225270962398,73.6941048474533,646.497714346087,676.34437929305,4.26578805409828,1.19589073444273,5.46167878854101,0.012,0.174821981158807,99.1622670298098,99.1356839375926,25.0729152295825,0,0
690,normal,0.9,60,0.0924987084403385,16000,0.25,0.2,219.151245601197,219.193581693454,0.0760069076645474,0.369921584174135,0.369921584174135,0.366553775702711,1,3.16707336829693,3.50510262986859,1.76958691017956,55.8745158193523,648.134113512163,673.655652858865,4.8040021340333,1.04442293934381,5.8484250733771,0.012,0.14742893335094,99.1057215249162,99.0833849075176,25.0771605178994,0,0
691,R45_R60_R80_R100_R120_f17_f18_f19,0.9,60,0.0924987084403385,17000,0.25,0.2,218.468111807884,218.661310971103,0.213581539017653,1.16853183549085,1.16853183549085,0.608495013134816,1,3.16092296954866,3.95813250078962,2.56327394391091,81.0925786108897,644.287957225878,673.811644122237,5.42270866515792,1.25902792831842,6.68173659347635,0.012,0.188001754725686,98.9735717873019,98.944996212915,25.0852847276285,0,0
692,R45_R60_R80_R100_R120_f17_f18_f19,0.9,60,0.0924987084403385,18000,0.25,0.2,217.815532339189,217.849312330249,0.423771244598945,1.28860972205879,1.28860972205879,0.977585304432192,1,3.15014698645829,4.26245635813541,3.02110106871337,95.90349535118,640.229651712282,673.40086200195,5.80340907765004,1.57961788116202,7.38302695881206,0.012,0.218022410460108,98.859962566829,98.8266920112643,25.0915591048764,0,0
693,R45_R60_R80_R100_R120_f17_f18_f19,0.9,60,0.0924987084403385,19000,0.25,0.2,217.817345169269,217.826292675521,0.270326454840333,0.885930717351028,0.885930717351028,0.988048783854225,1,3.14375458628527,4.19011530962158,2.91813579172754,92.8232694898642,640.124511589828,671.706428270006,5.80188957998816,1.49609705325323,7.29798663324139,0.012,0.210684795695102,98.8727628938952,98.8405981000021,25.0915019894342,0,0
694,normal,0.9,60,0.0924987084403385,20000,0.25,0.2,217.644830717444,217.916424796628,0.347631570085496,0.765950877635327,0.765950877635327,0.947079637896141,1,3.14637000520734,4.06193344641246,2.73374287254052,86.8856131992134,639.305842231575,669.006320326624,6.36238649690018,1.38459326133609,7.74697975823627,0.012,0.19799163987701,98.802728387087,98.7725049963925,25.0919550860263,0,0
695,normal,0.9,60,0.0924987084403385,22000,0.25,0.2,218.79142338888,218.844691415924,0.207432338654077,0.84860556165758,0.84860556165758,0.525140265489096,1,3.16456675624492,3.53164814473478,1.83005761373743,57.8296416129006,646.594838979021,671.204979533245,6.3614010703462,1.09606738988876,7.45746846023496,0.012,0.149670463418503,98.859805496378,98.8371880274588,25.0909561659489,0,0
696,normal,0.9,60,0.0924987084403385,24000,0.25,0.2,219.162831801577,219.134220414084,0.151066909873764,0.220988362628559,0.220988362628559,0.393536175416591,1,3.16919941014249,3.23596725998026,1.1471610871772,36.1971885866791,648.378853104128,669.273345858458,7.12454578331236,0.980418408007339,8.1049641913197,0.012,0.12565780929197,98.7653977176909,98.7464966143995,25.0961941565932,0,0
697,normal,0.95,60,0.062774040065943,2000,0.25,0.2,201.39547624042,198.614985729736,3.58181408216729,14.5395247970649,14.5395247970649,9.7204610319383,0,3.04356056489325,13.226932440033,12.8517070322489,422.258954873128,597.310454110178,671.919105908674,2.67442505427453,12.084199068809,14.7586241230835,0.012,2.09942090127837,97.5887322774605,97.2551433282369,25.1629438040316,0,0
698,normal,0.95,60,0.062774040065943,6000,0.25,0.2,217.282699094726,217.21989784053,0.616406700817644,1.82440856168004,1.82440856168004,1.26368279975889,1,3.317891847848,4.98940401086329,3.64223590076627,109.77560655356,710.447053521365,747.147705756648,2.91016278501941,1.87007517041843,4.78023795543784,0.012,0.298729828603425,99.3316477136146,99.2901770679457,25.0696046208298,0,0
699,normal,0.95,60,0.062774040065943,10000,0.25,0.2,218.229511329163,218.192271740161,0.293094170662931,1.19088594728874,1.19088594728874,0.821694663563335,1,3.33319322713309,4.41242718235854,2.78167328967172,83.4537064046618,716.426913199778,747.795738388723,3.91016616423713,1.55459776400169,5.46476392823883,0.012,0.233634163675398,99.2429939142698,99.2108851465514,25.0741839123544,0,0
700,normal,0.95,60,0.062774040065943,12000,0.25,0.2,218.60531538468,218.618525322714,0.228176170685496,0.762519780378736,0.762519780378736,0.627943035130133,1,3.33650575501849,4.43341793315457,2.80773347192293,84.151914550118,718.656732242656,752.303877704974,4.22775734289599,1.58152863622984,5.80928597912583,0.012,0.235862334840198,99.1981285756667,99.1658434349138,25.0763377386579,0,0
701,normal,0.95,60,0.062774040065943,14000,0.25,0.2,218.825584256812,218.80522086779,0.19147698081035,0.676674033112173,0.676674033112173,0.543081423731709,1,3.34063355696901,4.12589658621476,2.28617000835841,68.4352225220618,720.076731807172,749.387594762244,4.44612768180904,1.40398707322114,5.85011475503018,0.012,0.204276271681663,99.1941178670089,99.1662124323933,25.077537957528,0,0
702,normal,0.95,60,0.062774040065943,16000,0.25,0.2,219.219361308866,219.227041848954,0.0843865111117259,0.318899788181758,0.318899788181758,0.351344614111869,1,3.34626466650648,3.76145056555509,1.51935563239538,45.4045266533443,722.770069306221,748.048777736948,4.92071390655674,1.18870299791601,6.10941690447275,0.012,0.169782124285377,99.1618069900369,99.138714034636,25.0794546345295,0,0
703,R45_R60_R80_R100_R120_f17_f18_f19,0.95,60,0.062774040065943,17000,0.25,0.2,218.010797508923,217.848893536243,0.37271557903587,1.24406862597673,1.24406862597673,0.977775665343885,1,3.33155464859023,4.37971501976905,2.73414153538508,82.0680380116846,714.826536534682,745.346252465663,5.6729952205932,1.43903167648757,7.11202689708077,0.012,0.230182843852687,99.0148708965935,98.9833110642355,25.0890559456295,0,0
704,R45_R60_R80_R100_R120_f17_f18_f19,0.95,60,0.062774040065943,18000,0.25,0.2,217.962765385751,217.798209986022,0.432079519959475,1.57079880008614,1.57079880008614,1.00081364271725,1,3.32737458350531,4.46469028158377,2.8691714302737,86.2292885356808,713.542304041353,745.187971002344,5.85960455143551,1.60919446876324,7.46879902019875,0.012,0.239201511725622,98.9641214970914,98.9313002042357,25.0932675132307,0,0
705,R45_R60_R80_R100_R120_f17_f18_f19,0.95,60,0.062774040065943,19000,0.25,0.2,218.027755277575,218.125636231004,0.293591010704939,0.891202004748501,0.891202004748501,0.85198353136204,1,3.32527493733509,4.4917387134398,2.90968785679725,87.5021738542049,714.06969868965,747.284467021729,6.01290810130787,1.57412834785066,7.58703644915853,0.012,0.242108600037766,98.9486640836659,98.9154789321108,25.0934378853519,0,0
706,normal,0.95,60,0.062774040065943,20000,0.25,0.2,217.990204286436,218.184727092607,0.332190285390122,0.782808297146707,0.782808297146707,0.825124048814959,1,3.32379861400837,4.25880092865596,2.53624131125816,76.3055048091362,715.220597515701,744.125100758537,6.53990477201816,1.5444617664289,8.08436653844706,0.012,0.217648624199051,98.8823018034974,98.852556227384,25.0963054191485,0,0
707,normal,0.95,60,0.062774040065943,22000,0.25,0.2,217.874797172342,217.849385592298,0.437841262949442,1.35477230282642,1.35477230282642,0.977552003500803,1,3.3332600017302,4.20087185521565,2.44041066880752,73.2139307326994,715.3724431787,741.89461244772,6.5951851401933,1.52640345646205,8.12158859665535,0.012,0.211767892127315,98.8774491232877,98.8485160002018,25.0962547311946,0,0
708,normal,0.95,60,0.062774040065943,24000,0.25,0.2,219.111141250969,219.131061493862,0.171362820268218,0.500350561211655,0.500350561211655,0.394972048244323,1,3.34450147507042,3.62945403407045,1.15984132670479,34.6790496386421,722.071207775122,743.358147288523,7.33373612851021,1.11961218744931,8.45334831595951,0.012,0.158075239025163,98.8428385814719,98.8214550085434,25.1000863145142,0,0
709,normal,0.99,60,0.027214021358256,2000,0.25,0.2,203.538118778393,203.234556751655,3.37312736239165,9.72342481709675,9.72342481709675,7.62065602197509,0,3.19490739768563,12.9182360258895,12.4093128950132,388.409157148104,662.895737978294,737.683774161113,2.55507645123679,12.4050463167523,14.960122767989,0.012,2.00256986424706,97.7930230253496,97.5049669359835,25.1562161508583,0,0
710,normal,0.99,60,0.027214021358256,6000,0.25,0.2,217.257565610559,217.122471337778,0.595491417710853,1.80044095053123,1.80044095053123,1.30796757373743,1,3.45655344689248,5.31718122184739,3.64702738097297,105.510516096655,770.132507757037,808.26064783154,3.07405491544715,2.12576687532565,5.1998217907728,0.012,0.339268993751598,99.3293428388565,99.2858974345665,25.0720574361349,0,0
711,normal,0.99,60,0.027214021358256,10000,0.25,0.2,218.198590923661,218.15158259967,0.33824089532783,0.995972028302409,0.995972028302409,0.840189727422814,1,3.47352201586804,4.75955213503394,2.74796808661946,79.1118661135862,777.639031463311,809.59774849721,4.10749097248186,1.74612847322936,5.85361944571123,0.012,0.271840038313274,99.2528813845389,99.2184566212459,25.0773619930781,0,0
712,normal,0.99,60,0.027214021358256,12000,0.25,0.2,218.641718302164,218.613300444072,0.222951764477329,0.883925757697741,0.883925757697741,0.630317979967455,1,3.48039265487818,4.77701768357978,2.7664371682194,79.4863523327436,780.816776125209,814.41572343624,4.33396815936524,1.81440255217623,6.14837071154147,0.012,0.273838775390808,99.2187238867877,99.1842109442867,25.0800391003028,0,0
713,normal,0.99,60,0.027214021358256,14000,0.25,0.2,218.961577574889,218.973226369212,0.142946110709584,0.621169167555911,0.621169167555911,0.46671528672196,1,3.48615424233874,4.45942640352476,2.16257028010704,62.0331210203782,783.157714992343,812.691304431459,4.51818597673297,1.57926066072107,6.09744663745405,0.012,0.238637806181445,99.2274429191109,99.1974497522131,25.0797052724325,0,0
714,normal,0.99,60,0.027214021358256,16000,0.25,0.2,219.193300902652,219.18652112493,0.0781755288218309,0.301433007735543,0.301433007735543,0.369763125031762,1,3.48789961434352,4.225385633225,1.61610870049901,46.3347251696401,784.898313665412,810.840004175849,5.20564610876333,1.49428171235188,6.69992782111521,0.012,0.214246604993571,99.1536201737218,99.1267914398807,25.0847792599615,0,0
715,R45_R60_R80_R100_R120_f17_f18_f19,0.99,60,0.027214021358256,17000,0.25,0.2,218.134701353514,217.980697305164,0.438123270747671,0.791566148508303,0.791566148508303,0.917864861288884,1,3.47409498505927,4.68488204980309,2.61884053592665,75.3819497506334,778.421491568492,808.325396777635,5.87362141262088,1.86238609996466,7.73600751258554,0.012,0.263377437846807,99.0159723055968,98.9828112160703,25.0951413269979,0,0
716,R45_R60_R80_R100_R120_f17_f18_f19,0.99,60,0.027214021358256,18000,0.25,0.2,217.610778262533,217.708787141503,0.352529731835517,0.768097417724779,0.768097417724779,1.04146039022607,1,3.4606135312248,4.96235945056673,3.09929483333257,89.5591144566685,773.52992467907,807.527277222576,6.16397406956976,1.87897062438127,8.04294469395103,0.012,0.295500135799547,98.970928366487,98.933523192019,25.0974537660591,0,0
717,R45_R60_R80_R100_R120_f17_f18_f19,0.99,60,0.027214021358256,19000,0.25,0.2,217.214772733844,216.999497523067,0.617028269515609,1.65493228290679,1.65493228290679,1.36386476224246,1,3.45978251615687,5.00206181055232,3.17153558154144,91.6686400584621,770.364040842619,803.812804167796,6.24988451770463,1.91544891948343,8.16533343718807,0.012,0.300247468279031,98.9511849254575,98.9130381447914,25.0986538999462,0,0
718,normal,0.99,60,0.027214021358256,20000,0.25,0.2,216.939143591517,216.9051902073,0.607828464002303,1.45467736867477,1.45467736867477,1.40673172395474,1,3.4525245043821,4.9074276731923,3.02610840744351,87.6491507475945,768.370170478581,800.457692126471,6.81048910164988,1.85717392848538,8.66766303013526,0.012,0.288994156411363,98.8845249669509,98.8477617306159,25.1012689614004,0,0
719,normal,0.99,60,0.027214021358256,22000,0.25,0.2,218.422529335312,218.300178618089,0.322660939364573,1.45846754658254,1.45846754658254,0.772646082686854,1,3.47916911289452,4.3771925910632,2.00661997499177,57.6752641185167,778.372620331779,804.399567557292,7.10810234675559,1.66566952665962,8.77377187341521,0.012,0.229917779751103,98.8853697405847,98.8564947231727,25.1026306491881,0,0
720,normal,0.99,60,0.027214021358256,24000,0.25,0.2,219.296644634056,219.287791041075,0.0677410541825132,0.091758835523988,0.091758835523988,0.32373134496573,1,3.49041254219477,4.00182018158476,0.87057038494762,24.9417618812533,785.511814694873,806.536570866347,7.84806544023423,1.35552114974043,9.20358658997466,0.012,0.192174777188869,98.8419015694052,98.8180058097182,25.1061376362985,0,0
721,normal,0.6,80,0.33953054526271,2000,0.25,0.2,200.466471377378,199.137013801324,3.63116667808402,15.4429531644506,15.4429531644506,9.48317554485289,0,1.45005650026003,13.719916670509,13.6746679731954,943.043803516843,177.70480475837,255.301928773873,2.76813019794482,13.0565513258779,15.8246815238227,0.012,2.25883336134854,91.8231160388923,90.7637417195802,25.1580386379533,0,0
722,normal,0.6,80,0.33953054526271,6000,0.25,0.2,217.506417392628,217.415074610325,0.582769884274838,1.32528317155677,1.32528317155677,1.17496608621598,1,1.57819314175915,3.6608679882024,3.44780776331126,218.465514269573,212.800072940803,248.495818216423,2.65080568361908,1.07449912307379,3.72530480669286,0.012,0.160823453124541,98.2795066123671,98.2065640367107,25.0588389741354,0,0
723,normal,0.6,80,0.33953054526271,10000,0.25,0.2,218.295821609697,218.263935195285,0.361667069958621,1.11999368731548,1.11999368731548,0.789120365779545,1,1.58434264473928,3.00262068828711,2.7369233702368,172.748198082315,214.378960827084,244.764048985748,3.40892985226637,0.799050125382191,4.20797997764856,0.012,0.108188771972757,98.0749170274506,98.0263992353303,25.0626191714657,0,0
724,normal,0.6,80,0.33953054526271,12000,0.25,0.2,218.753512014734,218.760813324639,0.218940479106242,0.829886732498251,0.829886732498251,0.5632666706187,1,1.58780136972482,3.03488571284554,2.77117210944841,174.528890218093,215.361113223265,248.175508112758,3.73605063804349,0.824665677138706,4.56071631518219,0.012,0.110526375480408,97.9262102699155,97.8770200994939,25.0654291010787,0,0
725,normal,0.6,80,0.33953054526271,14000,0.25,0.2,219.009905044403,218.998288482906,0.21663429693568,0.51979918934547,0.51979918934547,0.455323416861107,1,1.58933779525459,2.49004579931384,2.15995836983199,135.903039384148,215.861384660087,243.927643066046,3.63450642144221,0.624911284648491,4.2594177060907,0.012,0.0744039369921663,98.0649635744081,98.0318274335564,25.0623825725076,0,0
726,normal,0.6,80,0.33953054526271,16000,0.25,0.2,219.174860159781,219.14734274251,0.115343223409721,0.487520765040605,0.487520765040605,0.387571480677257,1,1.59088887087592,2.18479961849456,1.79892720450867,113.076861460361,216.175438638631,241.288536442354,4.14250610758367,0.531784214802592,4.67429032238627,0.012,0.0572801924756875,97.8834973697381,97.8581166197518,25.0656916006076,0,0
727,R45_R60_R80_R100_R120_f17_f18_f19,0.6,80,0.33953054526271,17000,0.25,0.2,218.415394346984,218.287820945342,0.321014117666793,0.981489420005937,0.981489420005937,0.77826320666286,1,1.58529072124558,2.75132642007574,2.45830283921901,155.069528022437,214.614024580068,242.290204699691,4.71248501127043,0.819466044066328,5.53195105533676,0.012,0.0908375648376813,97.4871441372617,97.4469351701606,25.0743856502662,0,0
728,R45_R60_R80_R100_R120_f17_f18_f19,0.6,80,0.33953054526271,18000,0.25,0.2,217.884528466307,217.703636379311,0.474540345365702,1.6945079564968,1.6945079564968,1.04380164576788,1,1.5819276095223,3.34095253125852,3.10521820562852,196.293318792647,213.357654161985,246.613288028147,5.09492557403373,0.995798191560578,6.0907237655943,0.012,0.133943565793472,97.2245300589078,97.1652238262835,25.0801366716521,0,0
729,R45_R60_R80_R100_R120_f17_f18_f19,0.6,80,0.33953054526271,19000,0.25,0.2,217.050547138891,217.027982951037,0.488706350958582,1.73205501890712,1.73205501890712,1.35091684043785,1,1.57608714090206,3.54145033826684,3.32162849656606,210.75157650642,211.859898112516,245.0984226405,5.23816380662727,1.03744127122981,6.27560507785708,0.012,0.150502445980924,97.1230702998493,97.056106503436,25.0810388943526,0,0
730,normal,0.6,80,0.33953054526271,20000,0.25,0.2,218.223805436272,218.057388650544,0.296125727530847,1.05839198119388,1.05839198119388,0.883005158843469,1,1.58246631832838,2.79411032417583,2.50697518415792,158.422024855868,214.677789725729,242.435205215181,5.50080468505005,0.739616409220287,6.24042109427034,0.012,0.0936846300439914,97.1752346395042,97.1340430742806,25.0813968625415,0,0
731,normal,0.6,80,0.33953054526271,22000,0.25,0.2,219.116123949484,219.230200848018,0.137391766502986,0.342663184643044,0.342663184643044,0.349908705446221,1,1.58980318079281,2.06481763367314,1.65131604987742,103.869212857779,215.980887624005,239.684227406247,5.55027867930385,0.567552752183998,6.11783143148785,0.012,0.0511616623239308,97.2454449726208,97.2230491081614,25.0782135497972,0,0
732,normal,0.6,80,0.33953054526271,24000,0.25,0.2,219.2044191139,219.197921650898,0.172148400491523,0.257225454042539,0.257225454042539,0.364581067773703,1,1.59106058429034,1.7414206515481,1.22276737959632,76.8523456409871,216.26683771099,236.590088147506,6.06688279940049,0.453449183323839,6.52033198272433,0.012,0.0363905506276584,97.0732910734095,97.0574374962136,25.0816762788525,0,0
733,normal,0.7,80,0.259792830889047,2000,0.25,0.2,199.51728895881,193.027552778187,7.29422482221224,33.843386479714,33.843386479714,12.2602032826423,0,1.68204063462626,16.455686074155,16.4010173021003,975.066652045804,235.096728652452,322.135746091711,2.90106757091778,21.2160792157721,24.1171467866898,0.012,3.24947525005368,90.6960432786122,89.5731644190009,25.2497434700081,0,0
734,normal,0.7,80,0.259792830889047,6000,0.25,0.2,217.666327478477,217.640398252144,0.442287332786435,1.68631787535057,1.68631787535057,1.07254624902528,1,1.83904386780456,3.96984058689312,3.67456999156089,199.80871886148,290.039654040266,326.83713203383,2.67743037164243,1.22856108790569,3.90599145954811,0.012,0.189115611424127,98.6711858061695,98.6077446081174,25.0603226359403,0,0
735,normal,0.7,80,0.259792830889047,10000,0.25,0.2,218.363395908367,218.379464303039,0.328669603899144,0.923124392389818,0.923124392389818,0.736607134982356,1,1.84535587501024,2.94407593391835,2.52924407233191,137.059962611161,292.005898221619,320.797133468062,3.50229050775072,0.79510179547279,4.29739230322351,0.012,0.104010997256126,98.5496643335916,98.5150826994215,25.063157343516,0,0
736,normal,0.7,80,0.259792830889047,12000,0.25,0.2,218.763227965506,218.778261891058,0.249023141413109,0.755459380760522,0.755459380760522,0.555335504064567,1,1.84827530659031,3.14732128160752,2.76162435475041,149.416287979579,293.051379206931,325.4940112319,3.67289307219145,0.865415769123354,4.53830884131481,0.012,0.118867574995916,98.4749777886863,98.4356591947581,25.0651305632044,0,0
737,normal,0.7,80,0.259792830889047,14000,0.25,0.2,219.094410268356,219.096827015172,0.164068777292017,0.521392901740318,0.521392901740318,0.410533174921697,1,1.8514092822019,2.544478483537,2.04646661934213,110.535614086813,293.976027404042,321.507845818739,3.61943737941442,0.643611295500322,4.26304867491474,0.012,0.077692449038193,98.5705935214921,98.5449221827617,25.0625926478969,0,0
738,normal,0.7,80,0.259792830889047,16000,0.25,0.2,218.920894214221,218.869696665224,0.242358854340951,0.741177069417365,0.741177069417365,0.51377424307984,1,1.85050053842188,2.46887955702661,1.95261477022772,105.518195195605,293.537654555821,318.840057550903,4.16895262966584,0.528835352900736,4.69778798256658,0.012,0.0731443952052471,98.4248056023851,98.4006721272043,25.0660691803405,0,0
739,R45_R60_R80_R100_R120_f17_f18_f19,0.7,80,0.259792830889047,17000,0.25,0.2,218.611558967433,218.578899762173,0.242044085299826,0.457342939125348,0.457342939125348,0.645954653557885,1,1.84769022100829,2.82296339265167,2.38605867557451,129.137376408932,292.702577550584,320.59454464246,4.65507519228899,0.702594312819455,5.35766950510845,0.012,0.095629467795017,98.2024877325867,98.1709906118608,25.0725366952948,0,0
740,R45_R60_R80_R100_R120_f17_f18_f19,0.7,80,0.259792830889047,18000,0.25,0.2,217.982613207843,218.196193721728,0.313541310577381,1.47148395850123,1.47148395850123,0.81991194466901,1,1.84303859803104,3.322333885264,2.96245135640641,160.737347528764,291.387131383817,322.441044951399,5.11230615124621,1.02540178509479,6.13770793634101,0.012,0.132454829342081,97.9370771360248,97.8934960140658,25.0802177136351,0,0
741,R45_R60_R80_R100_R120_f17_f18_f19,0.7,80,0.259792830889047,19000,0.25,0.2,217.181283269745,217.093571611623,0.623207864198803,1.88476220117341,1.88476220117341,1.32110381289843,1,1.83949848196719,3.57810705439054,3.24946813024689,176.64967718657,289.255825785408,321.577108913345,5.44237795373154,1.24394480587277,6.68632275960431,0.012,0.153634201112152,97.7406656022208,97.6899512389945,25.0848412823244,0,0
742,normal,0.7,80,0.259792830889047,20000,0.25,0.2,217.47990703114,217.477394956984,0.476511351660843,1.55931130084603,1.55931130084603,1.14663865591621,1,1.83949105546425,3.19789674789356,2.82396854462926,153.519014742724,289.624470547103,319.434114736253,5.73358361162714,0.875960886072397,6.60954449769954,0.012,0.122718523322258,97.7688097375651,97.7283245971956,25.0820420449046,0,0
743,normal,0.7,80,0.259792830889047,22000,0.25,0.2,218.932397154014,218.861234019124,0.22517214160479,0.306894863468896,0.306894863468896,0.517620900398041,1,1.84690738391414,2.26461166587986,1.68683877395542,91.3331544747257,293.412948331278,317.233282720262,5.51282467512642,0.570025989781117,6.08285066490753,0.012,0.06154159196687,97.9689696198426,97.9488427007629,25.0782606091068,0,0
744,normal,0.7,80,0.259792830889047,24000,0.25,0.2,219.265927877958,219.241410378686,0.131960980009919,0.593097777652044,0.593097777652044,0.344813464233844,1,1.85366353183412,1.91186299231367,1.1685244177322,63.0386473955173,294.509096998437,315.003070785988,6.10698620447641,0.472880301657385,6.5798665061338,0.012,0.0438626412165428,97.8146437419869,97.8003961799423,25.0827926529243,0,0
745,normal,0.8,80,0.190985931710274,2000,0.25,0.2,199.236456185185,191.246674469334,7.84517794335568,18.5821476669055,18.5821476669055,13.0696934230299,0,1.89286604776548,17.1531878923779,17.0704105689272,901.828768553315,303.737958422935,396.226260431273,2.90386751999116,22.3505077247687,25.2543752447598,0.012,3.53078225845463,92.3237192298017,91.3434115931936,25.2282174231805,0,0
746,normal,0.8,80,0.190985931710274,6000,0.25,0.2,217.433691571026,217.483852294731,0.58893550331218,1.33384169979956,1.33384169979956,1.14370350239485,1,2.09694138044008,3.8790789805103,3.38622775741726,161.484140138749,378.273098429244,413.431164021823,2.67335127971947,1.19528911904628,3.86864039876574,0.012,0.180567044844442,98.9876425405321,98.9408916557024,25.0598300116159,0,0
747,normal,0.8,80,0.190985931710274,10000,0.25,0.2,218.149788460866,218.123454780519,0.371958739944212,1.13609118425111,1.13609118425111,0.852975099764215,1,2.10521717028689,3.44943789528663,2.8800573584757,136.805712927148,380.755332940358,412.407104970987,3.52916939525151,1.00263678978186,4.53180618503337,0.012,0.142783461521273,98.8237847244731,98.7871752106894,25.0655694326887,0,0
748,normal,0.8,80,0.190985931710274,12000,0.25,0.2,218.610443718253,218.605282763738,0.267615388172433,0.877035129944296,0.877035129944296,0.63396238011898,1,2.10904687768382,3.42271371437793,2.84506712495931,134.898240293445,382.349693956304,415.523181784665,3.78883020565368,1.00417062155755,4.79300082721123,0.012,0.14057963004709,98.7619549866771,98.7261054677022,25.0680701781364,0,0
749,normal,0.8,80,0.190985931710274,14000,0.25,0.2,219.057572479914,219.042469457025,0.14975590345114,0.500011711349547,0.500011711349547,0.43524115589795,1,2.11290787918595,2.85102390500208,2.11964668746214,100.318935261806,383.845335673882,411.943788013105,3.7757027832009,0.760534628603529,4.53623741180443,0.012,0.0975400476827195,98.8320152844111,98.8072003608862,25.0648588988039,0,0
750,normal,0.8,80,0.190985931710274,16000,0.25,0.2,218.700122830999,218.871104220331,0.168182797467575,0.617259142528657,0.617259142528657,0.513134445304204,1,2.10909047983218,2.85615197372927,2.12942711728526,100.96423731687,382.497713113448,408.921153348217,4.42081525579847,0.768369266032696,5.18918452183117,0.012,0.0978912491644513,98.6615011873027,98.636595368734,25.0704754871971,0,0
751,R45_R60_R80_R100_R120_f17_f18_f19,0.8,80,0.190985931710274,17000,0.25,0.2,218.563284178144,219.0934927889,0.136629042249311,0.526760111545129,0.526760111545129,0.412048732318327,1,2.10795591578668,3.04767276271266,2.38118431929236,112.961770284637,382.111633413117,410.051964395572,4.78692897529106,0.836971574304447,5.62390054959551,0.012,0.111459711222968,98.5495524508372,98.5212312189172,25.0746364875955,0,0
752,R45_R60_R80_R100_R120_f17_f18_f19,0.8,80,0.190985931710274,18000,0.25,0.2,217.413570849424,217.52121850807,0.579920553945009,2.11534913013945,2.11534913013945,1.12671885996827,1,2.09702418478342,3.70099317909291,3.18082641343081,151.68286739427,378.015957835673,410.786241452365,5.23021344734206,1.00489456540504,6.23510801274711,0.012,0.164368206140307,98.3773348815624,98.3352707378603,25.0811961798315,0,0
753,R45_R60_R80_R100_R120_f17_f18_f19,0.8,80,0.190985931710274,19000,0.25,0.2,217.596101633296,217.466406979813,0.374922947204677,1.14911520589127,1.14911520589127,1.15163319099405,1,2.09897053807359,3.61363238340437,3.07772281358208,146.630110225691,378.897007488355,410.886387420795,5.32430326562818,1.10004102392741,6.42434428955559,0.012,0.156700068028665,98.3327307817454,98.2927577001934,25.0834974572052,0,0
754,normal,0.8,80,0.190985931710274,20000,0.25,0.2,217.374901825009,217.40619051266,0.460297463193924,1.06280909403726,1.06280909403726,1.17900431242749,1,2.09366449460908,3.53686288549875,2.98833555942826,142.732303438437,377.284655745787,408.867965878609,5.87708689948067,1.01074944902088,6.88783634850155,0.012,0.150112788849822,98.2070979858675,98.1687392185814,25.0852837931498,0,0
755,normal,0.8,80,0.190985931710274,22000,0.25,0.2,218.830939595418,218.753450281828,0.25394365980546,0.694270679948278,0.694270679948278,0.566613508260061,1,2.11218968000134,2.6531054687036,1.84731943917548,87.4599216474868,383.485426375687,407.520775852605,5.83530372781998,0.788177524043462,6.62348125186344,0.012,0.0844676235367792,98.3021456002776,98.2808655141611,25.0834437107717,0,0
756,normal,0.8,80,0.190985931710274,24000,0.25,0.2,218.971864338752,218.942271060222,0.269384083795798,0.451472044132807,0.451472044132807,0.48078588171739,1,2.11284453764433,2.37334853381834,1.41458610387287,66.9517363284113,383.743247757021,404.471103264844,6.40217360015015,0.628871997077114,7.03104559722727,0.012,0.0675933991557318,98.2007399880694,98.1837568497714,25.0869729722522,0,0
757,normal,0.9,80,0.123331611253785,2000,0.25,0.2,205.235250905111,203.28081024738,2.87874437891403,7.95037366011973,7.95037366011973,7.59963170573657,0,2.15507942511953,11.7487783112876,11.5294802239834,534.990965511346,415.241196090412,485.0897826996,2.53831653218322,10.5203399869447,13.0586565191279,0.012,1.65640550169337,96.9510480940948,96.5775444028973,25.1545812925485,0,0
758,normal,0.9,80,0.123331611253785,6000,0.25,0.2,217.440591220281,217.317746024324,0.600626844823904,1.52334747233341,1.52334747233341,1.21920635258009,1,2.35828817303512,4.19282312351992,3.43011426588915,145.449326554294,478.473882715562,514.144091191484,2.74119018730103,1.41180407092594,4.15299425822697,0.012,0.210957188941481,99.1395020757511,99.0961869310147,25.0628636491973,0,0
759,normal,0.9,80,0.123331611253785,10000,0.25,0.2,218.291115290371,218.235776531936,0.33260491399314,1.03001746630423,1.03001746630423,0.801919758211124,1,2.36784031735803,3.56605695183718,2.61849678881563,110.585868887361,482.419998187991,512.500597601708,3.66059037356408,1.04381680338143,4.70440717694551,0.012,0.152601146204955,99.034249336487,99.0032346574434,25.0675698286214,0,0
760,normal,0.9,80,0.123331611253785,12000,0.25,0.2,218.679393910195,218.68702591792,0.244654527969423,0.857338638043805,0.857338638043805,0.59680640094545,1,2.37190642386116,3.70973766325939,2.80734334524444,118.35809865865,484.121344069505,517.230662085361,4.06488224932309,1.13052797898835,5.19541022831144,0.012,0.165145842362463,98.9382316908876,98.904851013053,25.0710891517018,0,0
761,normal,0.9,80,0.123331611253785,14000,0.25,0.2,219.020256968854,219.010997129027,0.156973194913817,0.563445775694497,0.563445775694497,0.449546759533012,1,2.37411730961787,3.28318767988203,2.20896782514535,93.0437521430185,485.419623577857,514.530574092981,3.98124959757974,0.941184969986959,4.9224345675667,0.012,0.12935185609595,98.9961223016063,98.9700140883549,25.0693964221906,0,0
762,normal,0.9,80,0.123331611253785,16000,0.25,0.2,219.205845291198,219.216706889696,0.0872079752759106,0.370136546776235,0.370136546776235,0.356042322865681,1,2.37739008023843,2.96930274860452,1.70509055095096,71.7211098474826,486.488375639096,511.743671636435,4.52702380111805,0.805750664512019,5.33277446563007,0.012,0.105801105754444,98.915708593562,98.8944343142815,25.0717379032662,0,0
763,R45_R60_R80_R100_R120_f17_f18_f19,0.9,80,0.123331611253785,17000,0.25,0.2,218.405668082805,218.289873062658,0.25327933690531,1.20598657853334,1.20598657853334,0.777330426064628,1,2.36791683274621,3.45692092046734,2.46678570886361,104.175352560957,482.945113914845,511.045846483935,5.05768279681023,0.976822468166444,6.03450526497668,0.012,0.143403627004377,98.7658984079748,98.7369417091575,25.0794003226937,0,0
764,R45_R60_R80_R100_R120_f17_f18_f19,0.9,80,0.123331611253785,18000,0.25,0.2,217.418564405696,217.184859322452,0.473245148965234,1.81799651355722,1.81799651355722,1.2796093988856,1,2.36211979433037,4.02350113528792,3.2214148406653,136.378131557825,479.331842357926,512.309146345605,5.48069725658378,1.28715743085306,6.76785468743684,0.012,0.194262736627958,98.6077229159834,98.5683315031949,25.0871054943433,0,0
765,R45_R60_R80_R100_R120_f17_f18_f19,0.9,80,0.123331611253785,19000,0.25,0.2,217.364833162256,217.276201543542,0.451810327641401,1.76604627212914,1.76604627212914,1.23809020748106,1,2.35565252928199,4.03600246659829,3.23725016488941,137.424774012666,477.861490547,512.007032170616,5.66293439275603,1.38971446797514,7.05264886073117,0.012,0.19547179092465,98.5455881180645,98.5058798085351,25.0876926931537,0,0
766,normal,0.9,80,0.123331611253785,20000,0.25,0.2,216.687633209913,216.55653176917,0.697323035505329,1.64801541213805,1.64801541213805,1.56521283219554,1,2.35242307169676,3.97913993023627,3.17201030980516,134.840129225448,476.169449014043,507.473507411188,6.24500556563177,1.35151402770008,7.59651959333185,0.012,0.190002655012808,98.429711867662,98.3910680494274,25.0926988463564,0,0
767,normal,0.9,80,0.123331611253785,22000,0.25,0.2,218.656155778117,218.555627977756,0.234771363417822,1.06225743229576,1.06225743229576,0.656532737383603,1,2.37049313371838,3.12768269516544,1.97557914138181,83.340428760614,483.900913855178,508.826598465,6.07236572395023,0.916472206363356,6.98883793031359,0.012,0.117388788499648,98.5762917427195,98.5527243635386,25.0867428688766,0,0
768,normal,0.9,80,0.123331611253785,24000,0.25,0.2,219.311135435125,219.302900540556,0.105133014279542,0.144937157600769,0.144937157600769,0.316863390656514,1,2.37870590789959,2.6350415527622,1.0140306890186,42.6295106785181,486.967725187806,507.654902628698,6.66985198402806,0.710215852094022,7.38006783612208,0.012,0.0833213278174012,98.5071101883599,98.4905098107095,25.089736662075,0,0
769,normal,0.95,80,0.083698720087924,2000,0.25,0.2,205.179172889984,204.221108042223,2.71344810352224,10.5334022746662,10.5334022746662,7.17222361717141,0,2.29253030694642,11.3360444619989,11.0382229586989,481.486457354689,462.349417938103,531.826150700519,2.53212083540571,9.15513190948749,11.6872527448932,0.012,1.54207084853298,97.5345256036724,97.2182685141007,25.1448216110792,0,0
770,normal,0.95,80,0.083698720087924,6000,0.25,0.2,217.377474664648,217.364069863417,0.556118678449206,1.45014443281066,1.45014443281066,1.1981500620834,1,2.48928126541858,4.38955300863583,3.42212443161055,137.474397897544,533.038177531237,569.24249247701,2.82585405715937,1.52830640038637,4.35416045754573,0.012,0.231218107387487,99.1897613438551,99.1471023706199,25.064136760104,0,0
771,normal,0.95,80,0.083698720087924,10000,0.25,0.2,218.257710238263,218.252289129086,0.285191960891007,0.997537467803433,0.997537467803433,0.794414032233794,1,2.49856573425197,3.97285214059701,2.85731371283749,114.358156508255,537.343533657513,569.506031158553,3.83041910272863,1.28312152978831,5.11354063251694,0.012,0.189402649572555,99.0573372760952,99.0227627917172,25.070949238603,0,0
772,normal,0.95,80,0.083698720087924,12000,0.25,0.2,218.659966702065,218.648909804935,0.265039787583611,0.813712484115349,0.813712484115349,0.614131906847785,1,2.50349178634607,3.92690460613214,2.78769646312509,111.352331105261,539.337271235256,572.521988796571,3.99730735588626,1.29800063636992,5.29530799225618,0.012,0.185046957427942,99.0277283816244,98.9940936771704,25.0721963556448,0,0
773,normal,0.95,80,0.083698720087924,14000,0.25,0.2,219.053931155836,219.046088370052,0.173672631801227,0.489848341471288,0.489848341471288,0.433596195430991,1,2.50765373044,3.42332814164595,2.0105566899787,80.1768069320289,541.313422859248,569.099270375567,4.02590864937884,1.02024761744983,5.04615626682867,0.012,0.140630106784621,99.0764038081111,99.0509086207132,25.069961569386,0,0
774,normal,0.95,80,0.083698720087924,16000,0.25,0.2,219.292645619685,219.287350838586,0.0616607648057891,0.427190091669917,0.427190091669917,0.323931437006373,1,2.51101478871443,3.16093543239306,1.51569954620621,60.3620318374234,542.487045084051,567.315100824578,4.61796440422417,0.886635172786354,5.50459957701052,0.012,0.119898153693095,98.9954957104473,98.9738406708569,25.0740307047065,0,0
775,R45_R60_R80_R100_R120_f17_f18_f19,0.95,80,0.083698720087924,17000,0.25,0.2,218.436898219781,218.358306654419,0.219621099233871,1.07510093285563,1.07510093285563,0.746224247991579,1,2.50188994492391,3.73546211818855,2.51426749193823,100.494727877197,538.290125342111,567.354997968414,5.24941940600677,1.17688460069978,6.42630400670656,0.012,0.16744412683706,98.8202478096009,98.7898801094105,25.082288194513,0,0
776,R45_R60_R80_R100_R120_f17_f18_f19,0.95,80,0.083698720087924,18000,0.25,0.2,218.354619576082,218.515857874315,0.227371613492305,0.972011670931351,0.972011670931351,0.674610057129505,1,2.49545453943797,3.95086030592595,2.82543560242056,113.223284887286,537.596425731719,569.830225584202,5.42641835202879,1.23564589877729,6.66206425080609,0.012,0.187311565883296,98.7759374684224,98.7419545164625,25.0855089314788,0,0
777,R45_R60_R80_R100_R120_f17_f18_f19,0.95,80,0.083698720087924,19000,0.25,0.2,217.408467221181,217.577410905877,0.474841907289631,1.38984019187053,1.38984019187053,1.10117686096493,1,2.48937442298415,4.16046527234894,3.12271041254,125.441572135887,533.29270693452,566.455076039939,5.67274179813966,1.37824337190401,7.05098517004367,0.012,0.207713655389059,98.6950925359041,98.6571677091048,25.0881292384861,0,0
778,normal,0.95,80,0.083698720087924,20000,0.25,0.2,217.888112468342,217.801288181805,0.380078015231758,1.73571176662035,1.73571176662035,0.999414462815842,1,2.49758032269565,3.76372335433647,2.56349532488391,102.639154448379,535.669239661143,564.099869273899,6.10611121388453,1.19596024223562,7.30207145612015,0.012,0.169987361855733,98.6551644061829,98.6242882213341,25.0889401020479,0,0
779,normal,0.95,80,0.083698720087924,22000,0.25,0.2,218.597201287188,218.566716979295,0.269012532609622,0.540921012811556,0.540921012811556,0.651492282138497,1,2.49938886336513,3.45076989935733,2.06489451635971,82.6159765143376,538.529397881872,564.44989883616,6.21477710917969,1.07898828604518,7.29376539522487,0.012,0.142893754779727,98.6637127395925,98.6378898368822,25.0898557776242,0,0
780,normal,0.95,80,0.083698720087924,24000,0.25,0.2,219.277723289228,219.257790089321,0.115665308201794,0.241345370445614,0.241345370445614,0.337368141217731,1,2.51065102954665,2.94451980245147,0.989088209049124,39.3956865135384,542.466703659806,563.15583205201,6.96496776231614,0.837202082512095,7.80216984482824,0.012,0.104042362404346,98.5821168122528,98.5634808728229,25.0934373882228,0,0
781,normal,0.99,80,0.036285361811008,2000,0.25,0.2,201.670424840412,199.003112170704,4.90586157446401,18.0000398592645,18.0000398592645,9.54403992240736,0,2.34881016884029,14.1277290586719,13.8332050636329,588.94521350199,478.61192380378,557.592622136337,2.97643339283748,14.0708114701249,17.0472448629624,0.012,2.3951127402629,96.5606921165572,96.0963376224173,25.1862903325492,0,0
782,normal,0.99,80,0.036285361811008,6000,0.25,0.2,217.379008498332,217.249874859349,0.530715565532347,1.82981973297235,1.82981973297235,1.25005688211406,1,2.59773901869743,4.69290732076646,3.48512373915299,134.159887273838,579.049285993369,615.438053966854,2.84718462144113,1.72069293925041,4.56787756069154,0.012,0.264280549455641,99.2173161027557,99.1724076593038,25.0667394067274,0,0
783,normal,0.99,80,0.036285361811008,10000,0.25,0.2,218.089420996094,218.052706981091,0.285052640799271,1.27463900104416,1.27463900104416,0.885133190413269,1,2.60465502690153,4.34455709309033,2.98829720129877,114.729097344366,582.556229519379,615.148460931856,4.00692077340191,1.53753686764526,5.54445764104717,0.012,0.226502116021458,99.0572264644311,99.0190900807821,25.0750133356456,0,0
784,normal,0.99,80,0.036285361811008,12000,0.25,0.2,218.675217519473,218.660617474441,0.251702466128607,0.856984692560505,0.856984692560505,0.608810238890579,1,2.61090196090571,4.19350555651147,2.75451555527275,105.500535696761,585.747928586088,618.890447075289,4.06253578711068,1.40782826671885,5.47036405382953,0.012,0.211025866229911,99.0747302439843,99.0393797293632,25.0736950757429,0,0
785,normal,0.99,80,0.036285361811008,14000,0.25,0.2,219.045763173281,219.053937544599,0.146615727936295,0.464312629163539,0.464312629163539,0.430028388818652,1,2.61511138080938,3.78056505390651,2.06400034226366,78.9259056960262,587.823670888431,616.269899340345,4.1821455881149,1.18996298817746,5.37210857629236,0.012,0.17151206552183,99.0943784898234,99.0657353849894,25.0728077919274,0,0
786,normal,0.99,80,0.036285361811008,16000,0.25,0.2,218.846993694328,218.814233666278,0.261531782978625,0.356802901408352,0.356802901408352,0.538984697146209,1,2.61066469454756,3.696264019494,1.91026997680166,73.1717857445004,586.701217550517,612.85252477156,4.92764180466732,1.21836700338842,6.14600880805574,0.012,0.163948412421671,98.9633064751258,98.9359463212621,25.0782858526971,0,0
787,R45_R60_R80_R100_R120_f17_f18_f19,0.99,80,0.036285361811008,17000,0.25,0.2,218.685816329325,218.851658187,0.195522700077751,1.07508465655989,1.07508465655989,0.521973551363831,1,2.61152617711931,3.92388529835479,2.32329681178174,88.9631829899744,586.299663942201,614.353760158415,5.35294493084798,1.24212183918727,6.59506677003524,0.012,0.184762510015738,98.8876496233804,98.8568430779463,25.0855965400974,0,0
788,R45_R60_R80_R100_R120_f17_f18_f19,0.99,80,0.036285361811008,18000,0.25,0.2,217.371781295825,217.494438524915,0.41148929869945,1.48618485338255,1.48618485338255,1.1388915795842,1,2.59790731211753,4.54833521994358,3.28766102276128,126.550358722442,578.979007196418,613.243902154294,5.83655220339019,1.61754065098664,7.45409285437683,0.012,0.248248239275751,98.7289099381104,98.6871338050712,25.0923045481554,0,0
789,R45_R60_R80_R100_R120_f17_f18_f19,0.99,80,0.036285361811008,19000,0.25,0.2,217.666033239769,217.694041380569,0.39132178142319,1.36592331337493,1.36592331337493,1.04816300883207,1,2.59711172205112,4.33838833954928,2.98649236057707,114.992833585859,579.587446741212,611.898283114806,5.92915234154094,1.52960078352677,7.45875312506771,0.012,0.225859360616846,98.7294435894881,98.6914731656396,25.0924638718005,0,0
790,normal,0.99,80,0.036285361811008,20000,0.25,0.2,216.995258735945,216.991515891695,0.633365609356859,1.29469296471701,1.29469296471701,1.3674927765024,1,2.59169038649933,4.36759148241538,3.03866876953036,117.246596482336,577.314552325654,608.050261183011,6.55463540778474,1.58689692901963,8.14153233680438,0.012,0.228910264287208,98.6093692507273,98.5708285727657,25.0957050063917,0,0
791,normal,0.99,80,0.036285361811008,22000,0.25,0.2,219.117692034623,219.081974573434,0.171747025393559,0.551670561451865,0.551670561451865,0.417284284802819,1,2.61561274106048,3.46334476152427,1.39836174224976,53.4621092907968,588.1828297426,611.298254006627,6.52245402505836,1.07322588807069,7.59567991312905,0.012,0.143937083246132,98.7250832666794,98.7012375454678,25.0924393300084,0,0
792,normal,0.99,80,0.036285361811008,24000,0.25,0.2,219.134813804378,219.103807381103,0.17596719153541,0.481507481361415,0.481507481361415,0.40736028131682,1,2.61639505904469,3.45161538275001,1.36856476546904,52.3072676176331,588.388887641404,610.100126624169,7.21240661029996,1.06100548175201,8.27341209205197,0.012,0.142963785005238,98.6133844729677,98.5897617880515,25.0973645182295,0,0
793,normal,0.6,100,0.424413181578388,2000,0.25,0.2,201.27685364081,197.152191630823,5.87458474300279,12.8871979462813,12.8871979462813,10.3853674405349,0,1.17069249911529,14.1486558662302,14.1011277159812,1204.51166524409,143.758339162893,220.095229158652,2.86514441429139,15.606618320878,18.4717627351693,0.012,2.40221355385212,88.6138500074566,87.3208511757108,25.1894502803408,0,0
794,normal,0.6,100,0.424413181578388,6000,0.25,0.2,217.431270898296,217.602311778234,0.566474136537396,1.2948555184113,1.2948555184113,1.08985828262076,1,1.26142658550611,3.78346797057914,3.5622438170113,282.398029179164,170.185910280757,206.300234464602,2.60801585317683,1.11072534887661,3.71874120205344,0.012,0.171775558612779,97.8616206235168,97.7650524963151,25.0584983563276,0,0
795,normal,0.6,100,0.424413181578388,10000,0.25,0.2,218.280031857891,218.303948072429,0.363288275337781,1.02822745236891,1.02822745236891,0.770932694350367,1,1.26764215868574,3.06232626997825,2.78219341283968,219.477822962608,171.569264875127,202.173867852489,3.57766623672367,0.841812589818103,4.41947882654177,0.012,0.112534106205587,97.4887718762096,97.4264735672777,25.0639999108236,0,0
796,normal,0.6,100,0.424413181578388,12000,0.25,0.2,218.681066905143,218.679101299189,0.220284722577762,0.894032018411463,0.894032018411463,0.600408500368468,1,1.26984798476719,3.1298728013009,2.85501660893402,224.831369044339,172.161657481665,205.155904421198,3.78177344170947,0.856599266590671,4.63837270830014,0.012,0.117553245027878,97.3764864727023,97.3117844699278,25.0654617531536,0,0
797,normal,0.6,100,0.424413181578388,14000,0.25,0.2,218.924414143709,218.904578882597,0.24606336705025,0.567236071046064,0.567236071046064,0.497918689728684,1,1.27106727755414,2.54184967989,2.1938162733161,172.596392972806,172.522979936811,200.783157167548,3.60829926351097,0.678703324620153,4.28700258813112,0.012,0.0775319975418825,97.575361680992,97.5325931864353,25.0622985080038,0,0
798,normal,0.6,100,0.424413181578388,16000,0.25,0.2,219.381025938407,219.376574748777,0.0613722697681749,0.263260927881734,0.263260927881734,0.283375114192213,1,1.27370057672897,2.00029168236216,1.5319938977898,120.278967112048,173.278104387799,197.544617890689,3.99931277496014,0.481061921257721,4.48037469621786,0.012,0.048014001774327,97.4795156218116,97.4531927268779,25.0641849919402,0,0
799,R45_R60_R80_R100_R120_f17_f18_f19,0.6,100,0.424413181578388,17000,0.25,0.2,217.829565528061,217.606822805559,0.49318488809205,1.49833404516332,1.49833404516332,1.08780781565498,1,1.2637535434222,3.10912576690765,2.83461596886022,224.301327075545,170.570193969437,200.260591367666,4.82477897029948,0.909695691551232,5.73447466185071,0.012,0.115999956413389,96.7474062335562,96.6837929676274,25.0767914530155,0,0
800,R45_R60_R80_R100_R120_f17_f18_f19,0.6,100,0.424413181578388,18000,0.25,0.2,217.597477394699,217.381645479862,0.419319992086805,1.88586818702745,1.88586818702745,1.19016114551718,1,1.26357749957565,3.56016542270772,3.32386473552196,263.051909094474,170.362690343015,204.653538049319,5.27973458554438,1.17890770916588,6.45864229471026,0.012,0.152097334044524,96.3473625052115,96.2645581148485,25.082322504234,0,0
801,R45_R60_R80_R100_R120_f17_f18_f19,0.6,100,0.424413181578388,19000,0.25,0.2,217.788784239692,217.855617805868,0.332036775611044,1.41925968632228,1.41925968632228,0.974719179150815,1,1.26389216781453,3.25017230200728,2.98894078098684,236.48700871018,170.653812112371,202.213210338098,5.1161808678979,0.980114608227965,6.09629547612587,0.012,0.126763439912824,96.5508957480699,96.4817000211185,25.0809763451619,0,0
802,normal,0.6,100,0.424413181578388,20000,0.25,0.2,217.690597119012,217.617299926292,0.60195709466724,0.883677038798165,0.883677038798165,1.08304548804917,1,1.26210320455923,3.0263960510597,2.74424574629442,217.434337887829,170.569339319428,199.678526402774,5.62045327197253,0.71278023861052,6.33323351058305,0.012,0.109908876694437,96.4199313728078,96.3600632423463,25.0799023150412,0,0
803,normal,0.6,100,0.424413181578388,22000,0.25,0.2,218.658940307995,218.564275346301,0.262588332841796,0.903337795837783,0.903337795837783,0.652602115317674,1,1.27014803110999,2.40507201413629,2.03497619645802,160.215671450487,172.160351670217,196.740205002551,5.41126222278288,0.637006084261678,6.04826830704456,0.012,0.0694124567181794,96.6060742135727,96.5684606901704,25.0778869669404,0,0
804,normal,0.6,100,0.424413181578388,24000,0.25,0.2,219.1874748731,219.16525327121,0.205281657616505,0.322674313690267,0.322674313690267,0.37943033126816,1,1.2725840558418,1.79299297607469,1.2504394761744,98.2598729281776,172.951179424312,193.595483474119,6.08806721814611,0.473679926221026,6.56174714436713,0.012,0.038577885747038,96.3446937945961,96.3239934690776,25.0821103717084,0,0
805,normal,0.7,100,0.324741038611309,2000,0.25,0.2,201.534935859549,197.92986612613,4.94214519453654,7.75684100122263,7.75684100122263,10.0318790335772,0,1.3424107072156,14.0801468441751,14.0190060140484,1044.31571788684,193.807305700608,271.701540509124,2.69776103081265,13.758372323647,16.4561333544597,0.012,2.37900642184242,92.1735640640074,91.1423423794534,25.1566245345415,0,0
806,normal,0.7,100,0.324741038611309,6000,0.25,0.2,217.539990326675,217.47839919052,0.586126443491717,1.57322121366387,1.57322121366387,1.14618218612722,1,1.47029779820757,3.85337033748882,3.57525581769285,243.165420097304,231.815587172701,267.210929004449,2.68094242529531,1.16213300630382,3.84307543159914,0.012,0.178181555494064,98.3692195359472,98.2948987460295,25.0608257652388,0,0
807,normal,0.7,100,0.324741038611309,10000,0.25,0.2,218.280146089983,218.267691577159,0.364863067443994,0.935970962124898,0.935970962124898,0.787412919473124,1,1.47564839632098,3.14508153739899,2.79523627498686,189.424274912358,233.464178570368,264.561299323166,3.51006810918277,0.87622438368695,4.38629249286972,0.012,0.118698454522656,98.1558613387385,98.106901429071,25.0636933360407,0,0
808,normal,0.7,100,0.324741038611309,12000,0.25,0.2,218.750931502582,218.729715149526,0.221445419228678,0.787517443924579,0.787517443924579,0.577402204761135,1,1.47866035887732,3.16574083229318,2.81686364223614,190.501058970355,234.441416103047,267.234507911708,3.76164153052398,0.900721386502543,4.66236291702652,0.012,0.12026298020698,98.0500672402024,98.0007753998121,25.0660463234829,0,0
809,normal,0.7,100,0.324741038611309,14000,0.25,0.2,218.996713542582,219.007689927119,0.180678491137641,0.563657622493413,0.563657622493413,0.451050033127636,1,1.48032469662919,2.62288142560615,2.18795658067112,147.802477770807,234.975976074181,263.373076711253,3.70157627325425,0.69454264437025,4.3961189176245,0.012,0.0825540836734773,98.1634789477967,98.1296362302466,25.0636895374786,0,0
810,normal,0.7,100,0.324741038611309,16000,0.25,0.2,219.055987051591,219.010638048045,0.171230390368208,0.704658584116787,0.704658584116787,0.449709978161417,1,1.48224570749785,2.38132884649547,1.89145794914751,127.607584867993,235.297299353457,260.563981806818,4.25501555652704,0.607514015883825,4.86252957241087,0.012,0.0680487249018175,97.9752943720193,97.9475411656925,25.0683804089957,0,0
811,R45_R60_R80_R100_R120_f17_f18_f19,0.7,100,0.324741038611309,17000,0.25,0.2,218.56249777214,218.611826486157,0.322147625125874,1.01492035030544,1.01492035030544,0.630987960837863,1,1.47858253568171,2.99181301639693,2.62063024560317,177.239361507467,234.031850507481,263.611093660149,4.8381553537641,0.819394080507194,5.65754943427129,0.012,0.107411341500985,97.6396330268897,97.5958976497971,25.0746442848542,0,0
812,R45_R60_R80_R100_R120_f17_f18_f19,0.7,100,0.324741038611309,18000,0.25,0.2,218.116605579234,217.981257692743,0.337438017977777,1.18614429390768,1.18614429390768,0.917610139662421,1,1.47466813551419,3.23000483442389,2.89090518641835,196.037679040942,232.99070193222,264.919775151406,5.07463190775373,0.981106975396969,6.0557388831507,0.012,0.12519517476482,97.4667102917345,97.4156910235918,25.0789810693972,0,0
813,R45_R60_R80_R100_R120_f17_f18_f19,0.7,100,0.324741038611309,19000,0.25,0.2,217.38887175296,217.511306568911,0.408638393031363,1.10876176114272,1.10876176114272,1.13122428685874,1,1.46936938654939,3.50432275882969,3.19681108181165,217.563473900795,231.72652762485,264.340726313978,5.37940914955917,1.13563099291673,6.5150401424759,0.012,0.147363335976621,97.2653638055141,97.2052379078098,25.0828718273078,0,0
814,normal,0.7,100,0.324741038611309,20000,0.25,0.2,216.968018555681,217.063687817859,0.595491281002573,1.59977942192401,1.59977942192401,1.33468735551861,1,1.46847940322864,3.3790502272359,3.06041910493894,208.407356494767,231.077075419649,261.110967562512,5.89309542269386,0.938804579613192,6.83190000230705,0.012,0.137015765258196,97.1283555022714,97.0724498518925,25.0849397257415,0,0
815,normal,0.7,100,0.324741038611309,22000,0.25,0.2,218.439074950389,218.301048066089,0.303261354301145,1.21855980042589,1.21855980042589,0.772250879050243,1,1.47877236936548,2.64888284958512,2.22173427759735,150.241803513725,234.063699617819,259.358689465179,5.64697890801692,0.759479537880281,6.4064584458972,0.012,0.0841989642099141,97.3358613403499,97.3017917903047,25.0814360042808,0,0
816,normal,0.7,100,0.324741038611309,24000,0.25,0.2,219.227826808967,219.217073527847,0.178400490866759,0.49500900140985,0.49500900140985,0.355875669160445,1,1.48274333982565,1.89454608149853,1.22204378010601,82.4177554727514,235.633801432601,256.145171390268,6.18393290566699,0.500917427243098,6.68485033291009,0.012,0.0430716582590573,97.2412976532327,97.2240162777662,25.0833855808787,0,0
817,normal,0.8,100,0.238732414637843,2000,0.25,0.2,201.144432923218,199.074154191497,4.6127946197596,14.8338331330628,14.8338331330628,9.51174809477426,0,1.52930035025377,14.369478497251,14.2843126306311,934.04233041997,250.056748933558,331.25680637577,2.86864518849751,14.1603788190361,17.0290240075336,0.012,2.47778294739552,93.624136613488,92.7635592687467,25.1796005031648,0,0
818,normal,0.8,100,0.238732414637843,6000,0.25,0.2,217.492626577083,217.435914475541,0.501904883838825,1.40390883699769,1.40390883699769,1.16549342020841,1,1.67796594291095,3.9970165311225,3.60929752854017,215.099570035297,302.681274678957,338.80391169766,2.70338215783665,1.25585830672412,3.95924046456077,0.012,0.191713693800798,98.7088332203239,98.6471583594426,25.0611732472588,0,0
819,normal,0.8,100,0.238732414637843,10000,0.25,0.2,218.094661772858,218.129829417729,0.297271687343505,1.21206233601864,1.21206233601864,0.850077537395864,1,1.68352389599691,3.43517162770152,2.97221490912455,176.547236198542,304.45115036052,335.810946487748,3.66997613012039,0.962638885601062,4.63261501572145,0.012,0.141604849341186,98.5011781482336,98.4560710974071,25.0669189019087,0,0
820,normal,0.8,100,0.238732414637843,12000,0.25,0.2,218.652193388376,218.623366155752,0.263238500933161,0.874616261111115,0.874616261111115,0.625742656476366,1,1.68720441355673,3.32678508756024,2.84362840957862,168.540835166741,305.928253495468,339.144838002912,3.77248959214064,0.995045342995658,4.7675349351363,0.012,0.132809988225758,98.4655295911096,98.4234575105734,25.0673108285213,0,0
821,normal,0.8,100,0.238732414637843,14000,0.25,0.2,219.145901717891,219.129865378565,0.139304243753689,0.540801835504561,0.540801835504561,0.395515737015806,1,1.6908411367755,2.70456881043986,2.07820355918897,122.909451041165,307.335694827735,335.308470855394,3.72107425622149,0.688332081169256,4.40940633739075,0.012,0.0877763094048491,98.5855731747152,98.5578228045685,25.0641234431374,0,0
822,normal,0.8,100,0.238732414637843,16000,0.25,0.2,218.950683492259,219.112580705228,0.131637954154266,0.497285142922182,0.497285142922182,0.403372406714482,1,1.68977284362035,2.64420803186705,2.00029775062409,118.376724905723,306.81827960691,333.24648151117,4.31889783970318,0.63310700284102,4.9520048425442,0.012,0.0839020333894824,98.4116495094172,98.385172592124,25.0681279840149,0,0
823,R45_R60_R80_R100_R120_f17_f18_f19,0.8,100,0.238732414637843,17000,0.25,0.2,219.144926618689,219.116410344691,0.13561717023049,0.555053837490325,0.555053837490325,0.401631661504082,1,1.6892971384546,2.65260935918939,2.01023106073197,118.998074108559,307.29725800088,334.160767274177,4.60492877296694,0.708220586186296,5.31314935915323,0.012,0.0844360369495098,98.3003926823735,98.2738489264915,25.07328239487,0,0
824,R45_R60_R80_R100_R120_f17_f18_f19,0.8,100,0.238732414637843,18000,0.25,0.2,218.447107637589,218.388297794992,0.293811204854936,1.38647330917287,1.38647330917287,0.732591911367125,1,1.68130673189942,3.25989669501298,2.76595013095281,164.511928637081,305.21616876519,336.290570142526,5.13820205467226,1.00635122064803,6.14455327532029,0.012,0.127523117545879,98.0265483600334,97.9864163446413,25.0818875796367,0,0
825,R45_R60_R80_R100_R120_f17_f18_f19,0.8,100,0.238732414637843,19000,0.25,0.2,217.320268375505,217.435147961211,0.429340857542394,1.62521507909778,1.62521507909778,1.16584183581325,1,1.676697878795,3.64674052648071,3.21775108933055,191.910011339852,302.315627291412,335.372775265349,5.40318557602061,1.17351042116181,6.57669599718242,0.012,0.159584597609722,97.8708774866386,97.8203400713926,25.0839494345139,0,0
826,normal,0.8,100,0.238732414637843,20000,0.25,0.2,217.809510499611,217.800561472255,0.38055693124075,1.93699096488132,1.93699096488132,0.999744785338818,1,1.68307040347343,3.25905914152285,2.76818998298566,164.472619640439,303.733810443113,333.586165250817,5.72539741380175,0.877053975676936,6.60245138947868,0.012,0.127457597855324,97.8724847201258,97.8323042062112,25.0827794016281,0,0
827,normal,0.8,100,0.238732414637843,22000,0.25,0.2,218.776880943218,218.69383353173,0.234663430218377,0.598684255870358,0.598684255870358,0.593712031031699,1,1.68750561035583,2.61245979124189,1.95942084217485,116.113441647266,305.97065936456,331.553471087485,5.72510257648114,0.737336335576734,6.46243891205787,0.012,0.0818993539302676,97.9315767286806,97.9059122552177,25.0815099022381,0,0
828,normal,0.8,100,0.238732414637843,24000,0.25,0.2,219.249202938618,219.285623625267,0.10973875839166,0.317976897254136,0.317976897254136,0.324716533969717,1,1.69180016153567,2.16628565528029,1.30178062283915,76.9464770388428,307.688167601606,328.649788669177,6.31437991800246,0.559594826937458,6.87397474493992,0.012,0.0563135224832778,97.8147482422195,97.7972403912922,25.0853309249492,0,0
829,normal,0.9,100,0.154164514067231,2000,0.25,0.2,202.227242422721,198.65932049905,4.91407900678419,10.3664533078934,10.3664533078934,9.70030886406798,0,1.73587225570159,13.0749492606074,12.9274963906643,744.726252073164,323.685972697882,397.602477068265,2.65719569040902,12.0747534809764,14.7319491713855,0.012,2.05145157800951,95.6468176714718,95.0705108716647,25.1575251046484,0,0
830,normal,0.9,100,0.154164514067231,6000,0.25,0.2,217.256158892449,217.223981305296,0.639909094620134,1.51316659485652,1.51316659485652,1.2618266794111,1,1.88574384435897,4.1387849700183,3.5502340236303,188.267035008519,382.563389509044,419.325188859872,2.75180226797278,1.36684002702621,4.11864229499899,0.012,0.205554492336593,98.9348762145001,98.8823118289396,25.0621964654125,0,0
831,normal,0.9,100,0.154164514067231,10000,0.25,0.2,218.368940011964,218.35349022327,0.315689967886636,0.992236228519841,0.992236228519841,0.748413534877492,1,1.89389538979008,3.4125340257979,2.65920275444219,140.409167727946,386.126334720731,416.253772149083,3.6590443804743,0.981846489885215,4.64089087035952,0.012,0.139744661726741,98.8123643523738,98.7770400898724,25.0661308028738,0,0
832,normal,0.9,100,0.154164514067231,12000,0.25,0.2,218.736076825677,218.715377744437,0.255631315769349,0.821757594819421,0.821757594819421,0.583919207074127,1,1.8979613870768,3.50306623646235,2.77196445656682,146.049570630947,387.544312219747,420.435089340098,3.78451152040484,1.02906787424095,4.81357939464579,0.012,0.14725767668451,98.7731661583663,98.7361090471577,25.0678265547065,0,0
833,normal,0.9,100,0.154164514067231,14000,0.25,0.2,218.977121366056,218.960679671152,0.165793846881999,0.734341341246302,0.734341341246302,0.472418331294477,1,1.89992348590042,3.09728655997084,2.23483763250278,117.627770228002,388.342057774605,417.170586458182,3.94341235090909,0.861548352888572,4.80496070379766,0.012,0.115118208414912,98.7778208970287,98.7489060213974,25.0674616311281,0,0
834,normal,0.9,100,0.154164514067231,16000,0.25,0.2,219.204924392819,219.180078208109,0.0940098982397012,0.482004172528144,0.482004172528144,0.372691723586782,1,1.89995237055217,2.74080926530338,1.70403591011557,89.6883488516264,389.25040847572,414.403755878257,4.36367823982899,0.734020464964417,5.0976987047934,0.012,0.0901444251452741,98.7073099599132,98.6847515146362,25.0709448976338,0,0
835,R45_R60_R80_R100_R120_f17_f18_f19,0.9,100,0.154164514067231,17000,0.25,0.2,218.166616572521,218.023482677931,0.288651068901963,1.44395232811303,1.44395232811303,0.898416964577031,1,1.89739000153738,3.50349034096398,2.77690989234079,146.354196558998,386.289481963306,415.986956998655,5.13015275699523,1.10360187382681,6.23375463082204,0.012,0.147293334830735,98.4118762789914,98.3749613278065,25.0819558059378,0,0
836,R45_R60_R80_R100_R120_f17_f18_f19,0.9,100,0.154164514067231,18000,0.25,0.2,218.486526927571,218.393914647613,0.197506289258331,0.855367575707732,0.855367575707732,0.730038796539519,1,1.89350408813954,3.36445982812977,2.59659427760003,137.131696406914,386.62284379502,416.426561314973,5.13791907127958,0.957712725701336,6.09563179698092,0.012,0.135835079221188,98.4478367645443,98.4137969962567,25.0806245498433,0,0
837,R45_R60_R80_R100_R120_f17_f18_f19,0.9,100,0.154164514067231,19000,0.25,0.2,217.503851709707,217.84856592871,0.339505102575988,1.44354463522182,1.44354463522182,0.977924577859038,1,1.88549132792554,3.8000320519678,3.14715789434912,166.914471986021,382.84440107478,415.946520927901,5.51860768544806,1.28666586539915,6.80527355084721,0.012,0.173282923151791,98.2534892253187,98.2098138811833,25.0851180594582,0,0
838,normal,0.9,100,0.154164514067231,20000,0.25,0.2,217.371476416174,217.347222067402,0.487527491902906,1.6513850885675,1.6513850885675,1.20580815118073,1,1.88667203084238,3.59336451536386,2.89523141561254,153.457059217646,382.53641402546,412.846389623141,6.0029480740757,1.16732780581568,7.17027587989138,0.012,0.154947222483314,98.1600839642674,98.1210710660478,25.0871152276284,0,0
839,normal,0.9,100,0.154164514067231,22000,0.25,0.2,218.932640552145,218.90484317872,0.210751757681788,1.17047211426855,1.17047211426855,0.497798555127454,1,1.90113803707068,2.70716535140322,1.65296739083678,86.9462058306777,388.223688114705,411.403410279374,5.78803120474338,0.712676002304257,6.50070720704764,0.012,0.0879449308780575,98.353102244479,98.3311939708597,25.0822759918037,0,0
840,normal,0.9,100,0.154164514067231,24000,0.25,0.2,219.045388671084,219.090277431678,0.212357313662448,0.557130093456793,0.557130093456793,0.413510258328193,1,1.90048562173255,2.52345880796805,1.32904062474684,69.931632712656,388.693149283456,409.699385770532,6.40721542428475,0.634817239913704,7.04203266419846,0.012,0.0764141322661383,98.2205189264345,98.2015567843476,25.0867623932769,0,0
841,normal,0.95,100,0.104623400109905,2000,0.25,0.2,201.125784639968,198.663463364548,4.28797610249019,15.0366432713526,15.0366432713526,9.69842574338741,0,1.81997426251226,13.8292044238182,13.6518705092082,750.113382942207,355.234799373214,434.036773896182,2.80270171794658,14.6831662259118,17.4858679438584,0.012,2.29496273994902,95.3085864355938,94.7253316666296,25.192680096882,0,0
842,normal,0.95,100,0.104623400109905,6000,0.25,0.2,217.379475958822,217.410463721958,0.60537126833639,1.31645711528393,1.31645711528393,1.17706194456435,1,1.98985319529097,4.40032519362327,3.67986114738336,184.931288202156,426.217143494139,463.272925204381,2.78968054021298,1.52118424465466,4.31086478486764,0.012,0.232354341715628,98.9987028249103,98.9453024185088,25.0635990996848,0,0
843,normal,0.95,100,0.104623400109905,10000,0.25,0.2,218.280079477703,218.24228669107,0.348504818857648,1.03752191976402,1.03752191976402,0.798960594968373,1,1.99999120175888,3.60447945504669,2.66915230592328,133.458202394886,430.061669321386,460.226642968172,3.61426098878492,1.08325737111457,4.6975183598995,0.012,0.155907265702244,98.9195125731666,98.8840521559287,25.0670871224806,0,0
844,normal,0.95,100,0.104623400109905,12000,0.25,0.2,218.782324878381,218.766894153276,0.251252631601766,0.794954661379295,0.794954661379295,0.560502657601916,1,2.00355980603768,3.62220873425305,2.68750088145339,134.136294477193,431.950234560447,464.388440110588,3.90341235168989,1.10561895034349,5.00903130203338,0.012,0.157444753373989,98.8536617269927,98.818055697727,25.0694240743501,0,0
845,normal,0.95,100,0.104623400109905,14000,0.25,0.2,219.098219937228,219.091556734725,0.134820434520439,0.506764545725059,0.506764545725059,0.412928756943206,1,2.00680979548714,3.17822164599408,2.04624290324319,101.964964883305,433.180733433662,461.186104699263,3.87797614316762,0.939574265862074,4.81755040902969,0.012,0.121213113972784,98.9000983367414,98.8727359642041,25.0676462037355,0,0
846,normal,0.95,100,0.104623400109905,16000,0.25,0.2,219.267824518138,219.261530852792,0.0707652691572393,0.313195079825614,0.313195079825614,0.33566779418551,1,2.00839157066017,2.96866660522371,1.70017140143055,84.6533826504607,433.928727826538,459.093959550368,4.49529705584659,0.768176407977732,5.26347346382433,0.012,0.105755776955645,98.8015557998616,98.7777704962199,25.0716612235316,0,0
847,R45_R60_R80_R100_R120_f17_f18_f19,0.95,100,0.104623400109905,17000,0.25,0.2,218.118366554885,217.967099033686,0.373110726394853,1.4908697919796,1.4908697919796,0.924045893779183,1,1.99935131250998,3.61446688391929,2.68432671669804,134.259882187895,429.193103827122,458.457975426277,5.1782626852407,1.15525531899279,6.3335180042335,0.012,0.156772450259391,98.5457793653115,98.5103195256742,25.0816721609449,0,0
848,R45_R60_R80_R100_R120_f17_f18_f19,0.95,100,0.104623400109905,18000,0.25,0.2,217.561489711478,217.661838333748,0.450362651992221,1.49224526441755,1.49224526441755,1.0628007573872,1,1.99521196056132,3.94170965992998,3.11583653495157,156.165690490096,427.568174976077,460.464808892912,5.54179456783206,1.34380915834979,6.88560372618185,0.012,0.186444900518224,98.4151124783056,98.3728959625322,25.0857632689546,0,0
849,R45_R60_R80_R100_R120_f17_f18_f19,0.95,100,0.104623400109905,19000,0.25,0.2,217.377159297502,217.519730365886,0.384691129150693,1.75017032196085,1.75017032196085,1.12739528823358,1,1.99291127332967,3.97152345558497,3.15498882427425,158.310551327407,426.418300054342,459.530528533713,5.6624227301919,1.38265109655465,7.04507382674655,0.012,0.189275982699139,98.3747014739291,98.3317639563097,25.0884969052956,0,0
850,normal,0.95,100,0.104623400109905,20000,0.25,0.2,218.048456983339,218.119055729601,0.31522954091349,1.10734290369707,1.10734290369707,0.854974668363155,1,1.99336769978832,3.54592886107206,2.59184873237675,130.02361444163,428.79069564825,457.657713611829,6.05346834033496,1.16251671805758,7.21598505839254,0.012,0.150883337853405,98.3449829147807,98.310961679093,25.0890067326751,0,0
851,normal,0.95,100,0.104623400109905,22000,0.25,0.2,219.019879881925,218.977756673152,0.195356105712839,0.689970450797798,0.689970450797798,0.464656057658201,1,2.00564253660076,2.91819520043897,1.61455365774354,80.5005691831781,432.978040345629,456.642368421931,6.10151188297117,0.844138661556345,6.94565054452752,0.012,0.102190358734381,98.421169241767,98.3983121894425,25.0856248842872,0,0
852,normal,0.95,100,0.104623400109905,24000,0.25,0.2,219.185622035172,219.30051180502,0.0963778683188485,0.285770947232479,0.285770947232479,0.317949179536547,1,2.00787579652794,2.73542065693736,1.25069391745161,62.2894065267552,433.596321284714,454.588932515417,6.75144166993377,0.767156693930488,7.51859836386426,0.012,0.0897903140447952,98.2955465732481,98.2755422809168,25.0903351881642,0,0
853,normal,0.99,100,0.04535670226376,2000,0.25,0.2,203.161223945298,202.346512245276,2.72582349480809,11.9293597630215,11.9293597630215,8.02431261578367,0,1.91821865074221,12.4682690991646,12.203510033126,636.189728861416,397.113787873834,470.783450900564,2.60797201574271,11.6289226228032,14.2368946385459,0.012,1.86549281195018,96.5389884485928,96.1031565528969,25.1610349273176,0,0
854,normal,0.99,100,0.04535670226376,6000,0.25,0.2,217.60831459354,217.706343264571,0.470773892169805,1.23818860906293,1.23818860906293,1.04257124337703,1,2.0750890897953,4.38233879492054,3.40649006150769,164.161147502526,463.948261930746,499.842119408188,2.68012191170358,1.48645926624693,4.16658117795051,0.012,0.230458719761587,99.1099232935489,99.0611542636286,25.0636207713655,0,0
855,normal,0.99,100,0.04535670226376,10000,0.25,0.2,218.321439811041,218.296098781904,0.316361803396139,1.01315918474073,1.01315918474073,0.774500553679965,1,2.08502904699536,3.96220544293009,2.83728764378297,136.079046374517,467.156305031711,498.614059044789,3.69623060067804,1.20619856413455,4.9024291648126,0.012,0.188388863663818,98.9614789835089,98.9220012616514,25.0691004862471,0,0
856,normal,0.99,100,0.04535670226376,12000,0.25,0.2,218.688713564296,218.672747561507,0.246513350989558,0.789736609651005,0.789736609651005,0.60329656295154,1,2.08851513544359,3.92580017848368,2.7813427889696,133.173216787766,468.61780265366,501.628533903414,3.97957914604731,1.27085811280156,5.25043725884887,0.012,0.18494288449659,98.8920048197747,98.853423974231,25.0710006903994,0,0
857,normal,0.99,100,0.04535670226376,14000,0.25,0.2,218.969014971921,218.963934311467,0.177990813700736,0.497783053637736,0.497783053637736,0.470938949333376,1,2.09125698923897,3.52962338859514,2.1818909109855,104.333944714251,469.939655292594,498.669484827472,4.06241174987361,1.09796853090592,5.16038028077953,0.012,0.149498895183814,98.9138328995173,98.8827176481296,25.0701573014924,0,0
858,normal,0.99,100,0.04535670226376,16000,0.25,0.2,219.086448048127,219.061933465647,0.136505834435171,0.459898104180554,0.459898104180554,0.426393879251337,1,2.09290021387244,3.34312550384474,1.86305121003795,89.0176797579278,470.431547245119,496.392968470166,4.6831485338244,1.02420409518789,5.70735262901229,0.012,0.134117857613486,98.8013261192226,98.7735037952715,25.0751314205705,0,0
859,R45_R60_R80_R100_R120_f17_f18_f19,0.99,100,0.04535670226376,17000,0.25,0.2,218.181797670271,218.455907977188,0.340641249953789,0.775569327418437,0.775569327418437,0.701860010369224,1,2.08335156814285,3.73589954803681,2.5129543942704,120.620755166662,466.412318695565,494.634440974848,5.2467623837464,1.23642555988511,6.48318794363151,0.012,0.16748334519626,98.6290442914743,98.5941256387342,25.0823368594966,0,0
860,R45_R60_R80_R100_R120_f17_f18_f19,0.99,100,0.04535670226376,18000,0.25,0.2,217.805879280961,217.863397997855,0.328954556259219,1.57026647435474,1.57026647435474,0.971182728247829,1,2.08165453635881,4.04219464213814,2.95359767489081,141.887024158061,465.23462346732,496.336362541205,5.58796678263808,1.33616584428766,6.92413262692574,0.012,0.196072050299163,98.5335159969916,98.4926152432497,25.0880428287742,0,0
861,R45_R60_R80_R100_R120_f17_f18_f19,0.99,100,0.04535670226376,19000,0.25,0.2,217.282787344194,217.366277027897,0.40995349845481,1.653715738842,1.653715738842,1.19714680550118,1,2.07700539727802,4.2508874529981,3.23925240813897,155.957823334697,462.592769571014,496.466267531533,5.73217254509012,1.40430203463021,7.13647457972032,0.012,0.21684052965668,98.4807259355072,98.4352853765389,25.0892169733005,0,0
862,normal,0.99,100,0.04535670226376,20000,0.25,0.2,217.944616961131,217.827446625361,0.333468807514835,1.81766008500341,1.81766008500341,0.987524261199582,1,2.08570203408773,3.87076533185672,2.71268079414526,130.060802061392,466.213957583715,495.803160674574,6.25863466205423,1.293230494272,7.55186515632623,0.012,0.179793891051646,98.4059919914337,98.3686611340904,25.092168064629,0,0
863,normal,0.99,100,0.04535670226376,22000,0.25,0.2,218.703991509127,218.78408891793,0.282029970720525,1.03477994121385,1.03477994121385,0.552686855486529,1,2.0897591099878,3.33761986386545,1.8605012147512,89.0294582690949,468.855171321542,493.605152931351,6.24820513243302,1.01101531464453,7.25922044707755,0.012,0.133676476268031,98.4753200968969,98.4476793888969,25.08895387711,0,0
864,normal,0.99,100,0.04535670226376,24000,0.25,0.2,219.336251780501,219.321777947561,0.0898422422072055,0.594584827403388,0.594584827403388,0.308282751108454,1,2.09468101000925,2.9414716575605,0.963782036340407,46.010921554884,471.227661479105,491.983500257984,7.03620217873025,0.852830794273016,7.88903297300326,0.012,0.103827066146781,98.3534213972601,98.3321123198507,25.094132608472,0,0
865,normal,0.6,120,0.509295817894065,2000,0.25,0.2,199.764099567498,196.518368281535,4.82048267287934,13.6489622645433,13.6489622645433,10.6734689629386,0,0.961122453779554,13.8869734736058,13.8333720460066,1439.29340029543,117.995448755317,194.356065659175,2.71029963906517,14.7343893243109,17.4446889633761,0.012,2.31417638707958,87.1200005720546,85.6564453326056,25.1849270315856,0,0
866,normal,0.6,120,0.509295817894065,6000,0.25,0.2,217.432666409004,217.449886465118,0.533102993727099,1.41460580393091,1.41460580393091,1.15914251585534,1,1.05204677789529,3.89807491475947,3.65744460144196,347.650378128528,141.804350544332,178.841456592723,2.80741564893965,1.251050130392,4.05846577933165,0.012,0.182339856492924,97.2176145493269,97.0962367073693,25.0603762517381,0,0
867,normal,0.6,120,0.509295817894065,10000,0.25,0.2,218.375633324556,218.348030913775,0.328895313010143,0.886247633551211,0.886247633551211,0.750895039193244,1,1.05656880399904,2.98392431307094,2.65903996281813,251.667468578842,143.063274191056,172.703877032181,3.45881306388037,0.795390569835199,4.25420363371557,0.012,0.106845651673631,97.1122206974139,97.0418386989675,25.0626849088203,0,0
868,normal,0.6,120,0.509295817894065,12000,0.25,0.2,218.501922698401,218.433582818332,0.328268218693247,0.823126840946912,0.823126840946912,0.712007809848878,1,1.05732323207518,3.22224487526265,2.92373046725395,276.521916719416,143.251180860231,176.351969083107,3.65952040741622,0.873659614131152,4.53318002154737,0.012,0.124594344433877,96.9325712176177,96.850917945531,25.0649661291721,0,0
869,normal,0.6,120,0.509295817894065,14000,0.25,0.2,219.130636158584,219.112117116532,0.169651426189518,0.611652448658882,0.611652448658882,0.40358312884905,1,1.06013247614991,2.49954317490117,2.09803315532436,197.902922750165,144.056307183955,171.815051429951,3.59411311837297,0.621985473500907,4.21609859187387,0.012,0.07497259299834,97.1565183893703,97.1074169074943,25.0624480676964,0,0
870,normal,0.6,120,0.509295817894065,16000,0.25,0.2,219.336874113558,219.352529334118,0.079607648985392,0.323432213966447,0.323432213966447,0.29430484812818,1,1.06126021066459,2.16635069604722,1.6863060875205,158.896571319157,144.336892518257,169.180415009642,4.05664256561926,0.522859702616686,4.57950226823595,0.012,0.0563169040591712,96.9247830134474,96.8881420498509,25.0648702418846,0,0
871,R45_R60_R80_R100_R120_f17_f18_f19,0.6,120,0.509295817894065,17000,0.25,0.2,218.77047255309,218.71062287828,0.246171547330333,0.507976100567986,0.507976100567986,0.586080509872796,1,1.05841116988524,2.76308142031725,2.40721261516476,227.436433368872,143.575910918049,172.009365897122,4.71555577813707,0.770110188095697,5.48566596623277,0.012,0.0916154272236289,96.3198658695987,96.2607026326273,25.073564231305,0,0
872,R45_R60_R80_R100_R120_f17_f18_f19,0.6,120,0.509295817894065,18000,0.25,0.2,217.864988909179,217.760906344705,0.431477703142117,1.29161562805301,1.29161562805301,1.01776984331605,1,1.05181736726697,3.3001709120137,3.01119345885582,286.284820213615,142.496826616452,173.696574896786,5.10866219917983,1.01188605274729,6.12054825192712,0.012,0.130693536582016,95.8816738235703,95.797429939399,25.0809248217084,0,0
873,R45_R60_R80_R100_R120_f17_f18_f19,0.6,120,0.509295817894065,19000,0.25,0.2,218.01608913501,218.039682325958,0.346623922340791,1.37860005633421,1.37860005633421,0.891053488200904,1,1.05438078623956,3.17960337516101,2.87803009273465,272.959269582209,142.53916365669,173.721899649077,5.05211843766951,0.897814195401803,5.94993263307131,0.012,0.121318531480023,95.9930171428476,95.9146529724352,25.0775551010827,0,0
874,normal,0.6,120,0.509295817894065,20000,0.25,0.2,216.700039525352,216.678161929135,0.633148488094334,2.26637365952034,2.26637365952034,1.50992639584765,1,1.04894301853406,3.44468137870268,3.17183041073269,302.383480769569,140.604301344805,172.13645530398,5.90093639994144,1.11842573820202,7.01936213814345,0.012,0.142389957609372,95.2450969089015,95.1533170650498,25.0863205358229,0,0
875,normal,0.6,120,0.509295817894065,22000,0.25,0.2,218.943785583027,218.902280725924,0.207926321228263,0.17320979081742,0.17320979081742,0.498963306398369,1,1.05872620543459,2.17695803016393,1.70169312978656,160.730236113126,143.713545542822,167.396483682719,5.38977075195597,0.515421440942543,5.90519219289852,0.012,0.0568697551811425,96.0531733643354,96.0166776350368,25.0770958172458,0,0
876,normal,0.6,120,0.509295817894065,24000,0.25,0.2,219.228168963297,219.247291935259,0.180190323838093,0.542123645014012,0.542123645014012,0.342140029427689,1,1.06063553247719,1.85418100557044,1.26103384116331,118.894172649305,144.14600283347,165.082380276993,5.96316193242386,0.423352508895895,6.38651444131976,0.012,0.0412558464170184,95.757385475949,95.7311488219382,25.0807186820214,0,0
877,normal,0.7,120,0.389689246333571,2000,0.25,0.2,203.812421688685,200.865045634762,4.0270347336348,18.1370165325158,18.1370165325158,8.69770652965351,0,1.1370112884669,12.5009650296235,12.4295894087842,1093.18082721445,166.647924513,237.951491497617,2.71201729074158,10.837795028709,13.5498123194506,0.012,1.87528952006245,92.4805868499618,91.5280686279974,25.1607605075755,0,0
878,normal,0.7,120,0.389689246333571,6000,0.25,0.2,217.209389759278,217.127418683138,0.602822221223835,2.45574237861354,2.45574237861354,1.30571878039173,1,1.22473314786998,4.11149924601235,3.84877159179937,314.253892653517,192.734680825099,229.239766399102,2.73861791010808,1.39428489102192,4.13290280113,0.012,0.202853112599521,97.9006687007564,97.7998953138387,25.0630854532804,0,0
879,normal,0.7,120,0.389689246333571,10000,0.25,0.2,218.393957138117,218.378673274907,0.321946271905201,0.957543051553405,0.957543051553405,0.736966693224213,1,1.23029990659163,2.96322888405559,2.58170485328515,209.843538104249,194.721530424335,224.327669374094,3.41442131762498,0.771145524617497,4.18556684224247,0.012,0.105368705031616,97.8957176994881,97.8438860468739,25.0626048773017,0,0
880,normal,0.7,120,0.389689246333571,12000,0.25,0.2,218.687141237881,218.715300675406,0.245587022666414,0.731235473457246,0.731235473457246,0.583954238451722,1,1.23200100588921,3.2010982664232,2.85074309536506,231.39129608969,195.268894730661,228.263986109852,3.72798484582274,0.900661226254341,4.62864607207708,0.012,0.122964361335571,97.6844907378602,97.6244383397017,25.0649068036751,0,0
881,normal,0.7,120,0.389689246333571,14000,0.25,0.2,219.026296250404,219.003146692403,0.18944133128459,0.802126652186989,0.802126652186989,0.453115139816718,1,1.23444791315429,2.63716116227389,2.19702223333957,177.976098458921,195.902646144997,224.083184932703,3.639216049409,0.63674133278439,4.27595738219339,0.012,0.0834554279496696,97.8639288581047,97.8231459154629,25.0630067992466,0,0
882,normal,0.7,120,0.389689246333571,16000,0.25,0.2,218.937273552594,218.880419730557,0.226050928329652,0.4183060474098,0.4183060474098,0.508900122474229,1,1.23344217091559,2.47757311188115,2.00319595518063,162.406961786757,195.723550437,221.690882249805,4.21584279199754,0.567151186336272,4.78299397833381,0.012,0.0736604222965973,97.6145447061188,97.5786970580861,25.0666129815143,0,0
883,R45_R60_R80_R100_R120_f17_f18_f19,0.7,120,0.389689246333571,17000,0.25,0.2,218.881165560379,218.80617232873,0.228457471116068,1.1429222159972,1.1429222159972,0.542648941486525,1,1.23259962726436,2.73730388952957,2.31679589864684,187.960132990528,195.53537193733,223.565904319134,4.63206218632378,0.740924936458257,5.37298712278203,0.012,0.0899139910036043,97.3256527762618,97.2821153978789,25.0741548663254,0,0
884,R45_R60_R80_R100_R120_f17_f18_f19,0.7,120,0.389689246333571,18000,0.25,0.2,217.560287220545,217.334840162225,0.562889063695916,1.74772083347887,1.74772083347887,1.21143628989782,1,1.2273441704095,3.36063781002902,3.03251396816812,247.079347527786,193.494260817735,224.190556426772,5.16589963193415,1.06494680352178,6.23084643545594,0.012,0.13552663788236,96.880288852439,96.8145937749762,25.0807673559233,0,0
885,R45_R60_R80_R100_R120_f17_f18_f19,0.7,120,0.389689246333571,19000,0.25,0.2,217.135932088939,217.166195689853,0.494737366722703,1.2531268372478,1.2531268372478,1.2880928682485,1,1.22220627685412,3.61202028207432,3.31005776752269,270.826441510557,192.240967758325,225.768912473004,5.21438249367274,1.0621875912065,6.27657008487923,0.012,0.156560286217395,96.8382793011282,96.761968252698,25.0801800139443,0,0
886,normal,0.7,120,0.389689246333571,20000,0.25,0.2,217.323395351997,217.553464754339,0.371016066761222,1.77010786412632,1.77010786412632,1.11206147530046,1,1.22494608859396,3.31899255925884,2.98686769655515,243.836665496323,192.755403150677,223.434066886652,5.80961656886264,1.00883459505022,6.81845116391286,0.012,0.132188539300987,96.5834947732357,96.5195646541857,25.0833460342203,0,0
887,normal,0.7,120,0.389689246333571,22000,0.25,0.2,218.648593720022,218.559769991177,0.253340457098903,0.725089533255104,0.725089533255104,0.654650004010607,1,1.2323047313006,2.50582542783284,2.03945012975055,165.498847642828,195.345100377302,219.801472108448,5.54877743159421,0.660054347603266,6.20883177919748,0.012,0.0753499328972837,96.9195184074223,96.8832990689772,25.0793079067911,0,0
888,normal,0.7,120,0.389689246333571,24000,0.25,0.2,219.257842459391,219.256198807973,0.15338393928253,0.307983439597282,0.307983439597282,0.338091450921328,1,1.23567829226132,1.91030342967723,1.23191404290385,99.6953697915512,196.412160075286,216.809033773007,6.13347732907029,0.491842246094766,6.62531957516505,0.012,0.0437911103212391,96.7368982384084,96.7160385295489,25.082986062458,0,0
889,normal,0.8,120,0.286478897565412,2000,0.25,0.2,204.026303879576,201.94160440013,2.23509563024709,12.503790464595,12.503790464595,8.20836163630436,0,1.2956378835207,11.6785521782246,11.5764823223058,893.496745467838,220.237906916867,287.530016386705,2.60168434047019,9.70886328205645,12.3105476225266,0.012,1.63666297175417,94.7062440613033,94.0443650977877,25.1594472261229,0,0
890,normal,0.8,120,0.286478897565412,6000,0.25,0.2,217.199704999926,217.202560374629,0.620186347064817,2.28077210453254,2.28077210453254,1.27156346607757,1,1.39774954027342,4.05493829451986,3.70313725168572,264.935680176388,251.508866627227,288.021884926367,2.74173600515279,1.31528326260461,4.0570192677574,0.012,0.197310294868363,98.4125348915213,98.3366138576608,25.0632644063502,0,0
891,normal,0.8,120,0.286478897565412,10000,0.25,0.2,218.365784183087,218.338811813108,0.271291998708723,0.944920546089888,0.944920546089888,0.755085539496411,1,1.4039100348292,3.2697983700157,2.81615159283883,200.593451358971,254.258355535926,284.8937439123,3.65255436130428,0.892095578295059,4.54464993959934,0.012,0.128298976566688,98.2439732756391,98.1952939502413,25.0652464803292,0,0
892,normal,0.8,120,0.286478897565412,12000,0.25,0.2,218.655892896894,218.643886534728,0.23938599280588,0.880539051095388,0.880539051095388,0.616415211487074,1,1.40623507345156,3.34113970237843,2.89771646144082,206.062024489865,254.95859958155,288.431209452529,3.80925192708876,0.966997778926794,4.77624970601555,0.012,0.133958574129713,98.1611055585662,98.1105049426484,25.0669181932124,0,0
893,normal,0.8,120,0.286478897565412,14000,0.25,0.2,219.087280219337,219.089167629778,0.167768724815104,0.602011390061584,0.602011390061584,0.414014713737458,1,1.40907209167046,2.69462830551914,2.11718401252241,150.253775164369,256.005930023811,283.953027411651,3.67319194464437,0.723012339135113,4.39620428377949,0.012,0.0871322604588596,98.3117633442334,98.2788785874726,25.0639231104844,0,0
894,normal,0.8,120,0.286478897565412,16000,0.25,0.2,219.15199098019,219.302731855552,0.0747671052443467,0.363891808173633,0.363891808173633,0.316940065658196,1,1.40855828564487,2.47743076887998,1.83221494466137,130.077325399605,256.118119225683,281.676792605613,4.26680617745066,0.666766040227587,4.93357221767824,0.012,0.0736519585751192,98.110116739562,98.0824441967144,25.0677824458801,0,0
895,R45_R60_R80_R100_R120_f17_f18_f19,0.8,120,0.286478897565412,17000,0.25,0.2,218.463790307415,218.382540799459,0.305698711806876,1.64872927314738,1.64872927314738,0.735208727518517,1,1.4058388122638,2.99431722562225,2.49060925693763,177.161793742701,254.583272248644,282.709904232458,4.83868436109936,0.875655612080011,5.71433997317937,0.012,0.107591227771897,97.8046898223908,97.7642800052272,25.0773304235269,0,0
896,R45_R60_R80_R100_R120_f17_f18_f19,0.8,120,0.286478897565412,18000,0.25,0.2,218.470325084762,218.569935309401,0.231817273756537,1.23754681079941,1.23754681079941,0.650029404817771,1,1.40128486512699,3.19988214364284,2.73429887250666,195.127981508518,254.226480528669,285.900554172259,4.98639260147423,0.913878561605548,5.90027116307978,0.012,0.122870948798452,97.7317707138128,97.6856288778573,25.0795731007039,0,0
897,R45_R60_R80_R100_R120_f17_f18_f19,0.8,120,0.286478897565412,19000,0.25,0.2,217.265826366937,217.26114760444,0.412702608673856,1.615676469716,1.615676469716,1.24493290707261,1,1.39844446703,3.63604501069699,3.23851650072666,231.579914474873,251.761966247439,285.216855420418,5.28707840458488,1.11143959282144,6.39851799740632,0.012,0.158649879837774,97.5214959732808,97.4616019446399,25.0815497120764,0,0
898,normal,0.8,120,0.286478897565412,20000,0.25,0.2,217.913397296817,217.714364075903,0.344417971477431,1.57696366370255,1.57696366370255,1.03892542004405,1,1.39999068406298,3.22224994604587,2.76290703462768,197.351815699895,253.04558043152,283.346368892791,5.72992934109805,0.922571716597568,6.65250105769562,0.012,0.124594736577511,97.4383711194371,97.3916457590547,25.0845668981919,0,0
899,normal,0.8,120,0.286478897565412,22000,0.25,0.2,218.754347048651,218.710934107632,0.310157544442422,0.607725127973256,0.607725127973256,0.585939041985326,1,1.40811989706651,2.50476515897657,1.87198163117147,132.941920291823,255.527449769239,279.548997472358,5.7066625371263,0.715385557601306,6.42204809472761,0.012,0.0752861820194749,97.5483640369249,97.5203359863826,25.0813520479173,0,0
900,normal,0.8,120,0.286478897565412,24000,0.25,0.2,219.298434255049,219.273111760004,0.137352868189073,0.517747761617516,0.517747761617516,0.330403745452824,1,1.41077206049549,1.99076703627606,1.08572570355315,76.9596828542113,256.51943973623,276.605805368455,6.27568529790233,0.499640565593461,6.77532586349579,0.012,0.0475578407126802,97.4267145615056,97.4091199564617,25.0839594508222,0,0
901,normal,0.9,120,0.184997416880677,2000,0.25,0.2,202.760463677184,198.892327098438,5.15710907610659,23.0942342121732,23.0942342121732,9.59439677343721,0,1.45558909631435,13.2713259551187,13.1447010388021,903.050254504199,270.298486554792,345.310406935647,2.68324947018692,13.0351993362921,15.718448806479,0.012,2.11353711128409,94.5043643004478,93.8111419577596,25.2050066880993,0,0
902,normal,0.9,120,0.184997416880677,6000,0.25,0.2,217.765234483974,217.755587345331,0.512345460840444,1.36213892943541,1.36213892943541,1.02018757030424,1,1.57365762715798,3.88513036688087,3.33702331006258,212.055230596075,320.028541647327,355.265272923907,2.63757803969083,1.20815018929581,3.84572822898665,0.012,0.181130855611918,98.8125860598758,98.7573547376457,25.0600663741102,0,0
903,normal,0.9,120,0.184997416880677,10000,0.25,0.2,218.205353474039,218.166820381207,0.328379028379831,1.15956352353847,1.15956352353847,0.83326346308779,1,1.57771262320269,3.54896017597359,2.936182766896,186.103776043553,321.276302566382,353.207057768611,3.69417581173665,1.06888295105227,4.76305876278892,0.012,0.151141419967758,98.5391154174234,98.4934570009428,25.0672964965683,0,0
904,normal,0.9,120,0.184997416880677,12000,0.25,0.2,218.751162081739,218.741347337215,0.260002731284238,0.783768314668373,0.783768314668373,0.572114846720653,1,1.58161594811923,3.38375378679474,2.73023574835242,172.623180210029,322.931033516546,355.463444627733,3.76397684053715,0.999600094400438,4.76357693493759,0.012,0.137397476275773,98.5463365026436,98.5050348066399,25.0670268630377,0,0
905,normal,0.9,120,0.184997416880677,14000,0.25,0.2,218.9625423927,218.962724062264,0.161814179273265,0.611059249384878,0.611059249384878,0.471489062607253,1,1.58334212353247,3.06888048081092,2.32708967466568,146.973268763538,323.60047604878,352.724311205293,3.84739354150277,0.843706975506888,4.69110051700965,0.012,0.113016328866027,98.5710566911029,98.5371346960983,25.0660256817723,0,0
906,normal,0.9,120,0.184997416880677,16000,0.25,0.2,219.272916656401,219.266131477269,0.0916241241788487,0.493468179063662,0.493468179063662,0.333576601241338,1,1.58551819777542,2.71370232559153,1.83043956389309,115.447401768161,324.518758662356,350.547208581987,4.38399880871984,0.691820170183193,5.07581897890303,0.012,0.0883701637430508,98.4599810423982,98.4335892477822,25.0690632511063,0,0
907,R45_R60_R80_R100_R120_f17_f18_f19,0.9,120,0.184997416880677,17000,0.25,0.2,218.560285854366,218.778795082556,0.188086904288238,0.562706778213313,0.562706778213313,0.555093144292649,1,1.57738205066988,3.0410245732765,2.29379182651811,145.417644732549,322.417905217639,349.422785415627,4.8430740779682,0.899645223896839,5.74271930186504,0.012,0.110973965463258,98.2500279214566,98.2168139752741,25.0765417952211,0,0
908,R45_R60_R80_R100_R120_f17_f18_f19,0.9,120,0.184997416880677,18000,0.25,0.2,217.377047399644,217.139102956538,0.465091129734025,1.80404156563772,1.80404156563772,1.30040774702827,1,1.5739246017909,3.81463855536772,3.25698492048301,206.933986340707,319.17205639364,352.247555380965,5.34128759441353,1.22105660415382,6.56234419856735,0.012,0.174617607697175,97.9853696181194,97.9328703932543,25.0847221435364,0,0
909,R45_R60_R80_R100_R120_f17_f18_f19,0.9,120,0.184997416880677,19000,0.25,0.2,217.327480857807,217.477564654873,0.435309000810552,1.77030652002909,1.77030652002909,1.14656152051213,1,1.57406965453564,3.76833290537585,3.20298898242794,203.484577267506,319.25786434668,351.74670957217,5.51011459356538,1.22950156133073,6.73961615489611,0.012,0.17040399462886,97.9326171035044,97.8814529332959,25.0859943821515,0,0
910,normal,0.9,120,0.184997416880677,20000,0.25,0.2,217.922182915502,217.895216651522,0.391445978932056,1.60323472630118,1.60323472630118,0.95671970385364,1,1.57521691054566,3.34563808982956,2.68880549359597,170.694300930566,320.4378384727,349.465531698516,5.84835496637339,0.998122530252644,6.84647749662603,0.012,0.13431953073742,97.9080948390855,97.8679292286764,25.0846710615043,0,0
911,normal,0.9,120,0.184997416880677,22000,0.25,0.2,218.36867102797,218.261903207425,0.320325695570668,1.07240101265559,1.07240101265559,0.790043996625139,1,1.57960578052082,2.93433085041696,2.15178158269584,136.222696145513,321.868623747486,346.698662045592,5.6593659739751,0.794691655079529,6.45405762905463,0.012,0.103323570476505,98.034233394417,98.0033916009212,25.0816675582653,0,0
912,normal,0.9,120,0.184997416880677,24000,0.25,0.2,219.369644032662,219.35468226286,0.0685597374986645,0.18371081314352,0.18371081314352,0.293326244154754,1,1.585258324019,2.23605565379528,0.991359380292704,62.5361409728717,324.724923801572,345.132398937671,6.51022305815651,0.589975108868391,7.1001981670249,0.012,0.0599993386424381,97.860259004833,97.8425674891768,25.0873358134148,0,0
913,normal,0.95,120,0.125548080131886,2000,0.25,0.2,201.145617357238,197.81732233016,5.39184111386541,14.621996246392,14.621996246392,10.0830353044727,0,1.51281671998157,13.6461117629296,13.4943618964603,892.00242952264,294.65065340344,372.14792332397,2.74885499691342,13.3651927592601,16.1140477561735,0.012,2.2345963949564,94.8147110350551,94.1378002140944,25.1753985063199,0,0
914,normal,0.95,120,0.125548080131886,6000,0.25,0.2,217.237293724644,217.1637499583,0.638221972572867,1.51841715906119,1.51841715906119,1.28920456440905,1,1.65847469463695,4.29500174335308,3.67344188946703,221.495202872008,354.891184848019,391.833176905765,2.84955772821752,1.45353140964245,4.30308913785998,0.012,0.221364479704872,98.8020162208852,98.7411639524422,25.0636803276892,0,0
915,normal,0.95,120,0.125548080131886,10000,0.25,0.2,218.338905375213,218.343934799464,0.289023778315076,0.96304160654705,0.96304160654705,0.752756909334768,1,1.6662176375746,3.53527821255032,2.73780835045099,164.312769755351,358.450721456446,389.442567603284,3.80107780009001,1.05427609902031,4.85535389911032,0.012,0.149978304481596,98.6635638024059,98.6228507812189,25.0675449433294,0,0
916,normal,0.95,120,0.125548080131886,12000,0.25,0.2,218.731887136791,218.736781980309,0.2296258464665,0.790270457719494,0.790270457719494,0.574190008950537,1,1.66948006788526,3.57333990235748,2.78353883969359,166.730881861891,359.744093225392,392.936264294692,3.72656270733423,1.08345176153331,4.81001446886755,0.012,0.153225096693362,98.6805759783397,98.6391171442649,25.0677957107326,0,0
917,normal,0.95,120,0.125548080131886,14000,0.25,0.2,218.792053378791,218.738388550334,0.272156821711902,0.482163509594726,0.482163509594726,0.573459749848256,1,1.67005568926245,3.22156654792171,2.31426806054891,138.574304762913,359.996057525924,388.987761142585,3.8983820998562,0.884802240939229,4.78318434079543,0.012,0.124541892272258,98.6887454679937,98.655062936725,25.0668337344158,0,0
918,normal,0.95,120,0.125548080131886,16000,0.25,0.2,219.166357898671,219.169230576091,0.154105505483659,0.466896988114907,0.466896988114907,0.37762246541308,1,1.6730305354181,2.82344311655338,1.71226970248708,102.345394554271,361.242889314025,386.129283022329,4.37681735576739,0.713480489757092,5.09029784552448,0.012,0.0956619723889522,98.6104731910878,98.5847293873834,25.0695709695954,0,0
919,R45_R60_R80_R100_R120_f17_f18_f19,0.95,120,0.125548080131886,17000,0.25,0.2,219.003459361198,219.094899828951,0.162417024301464,0.590970740391679,0.590970740391679,0.411409168658811,1,1.67114844187948,3.14468195912298,2.20370407763796,131.867643975393,360.769370652848,388.080036358985,4.85504932472055,0.860203590779072,5.71525291549962,0.012,0.118668295488402,98.4405204071451,98.4086555302523,25.0767388509153,0,0
920,R45_R60_R80_R100_R120_f17_f18_f19,0.95,120,0.125548080131886,18000,0.25,0.2,218.378368962276,218.338495106888,0.350026787330715,0.832279216135123,0.832279216135123,0.755229496869031,1,1.66628809700097,3.62541728956401,2.853007373411,171.21933347216,358.625808743008,390.556485131993,5.31671771016539,1.15642145043329,6.47313916059868,0.012,0.157723806281636,98.2270178542646,98.1846018210047,25.0828833335016,0,0
921,R45_R60_R80_R100_R120_f17_f18_f19,0.95,120,0.125548080131886,19000,0.25,0.2,217.563447666766,217.318828787978,0.450545200255142,1.51347112688924,1.51347112688924,1.21871418728273,1,1.65914280909056,3.70622078400738,2.96147957688066,178.494555179608,355.797715479361,387.066763743768,5.46926382081371,1.16510998848833,6.63437380930204,0.012,0.164832869997699,98.1694849861879,98.1248581375645,25.0867459758996,0,0
922,normal,0.95,120,0.125548080131886,20000,0.25,0.2,217.218951051625,217.188854604062,0.514229855204986,1.30853736139036,1.30853736139036,1.27779336178995,1,1.6591883866271,3.70558826836214,2.96339594863186,178.605152526171,355.258316564475,385.257934936904,6.11683854644897,1.20346258123874,7.32030112768771,0.012,0.164776612975477,97.9810444492613,97.9365364447225,25.0884856215027,0,0
923,normal,0.95,120,0.125548080131886,22000,0.25,0.2,218.687640526033,218.64645472117,0.249200915709357,1.15200006298391,1.15200006298391,0.615247854013538,1,1.67097952812151,2.94546567209378,1.91276261588849,114.469542187557,359.659317552147,383.945732382791,5.92846074996908,0.816101827831399,6.74456257780047,0.012,0.104109216305794,98.1592545975745,98.1313717590925,25.084960576268,0,0
924,normal,0.95,120,0.125548080131886,24000,0.25,0.2,219.373042412087,219.416789587541,0.0580983061168515,0.178720568625907,0.178720568625907,0.265095642026655,1,1.67440823149736,2.43450742836312,0.936624156197902,55.9376225330853,361.913691816682,382.043030571908,6.58555578325157,0.624547302521711,7.21010308577328,0.012,0.0711219170250623,98.0466978327207,98.0278100615458,25.0879909782281,0,0
925,normal,0.99,120,0.0544280427165119,2000,0.25,0.2,205.01047817293,203.297002489726,3.77489348128191,8.18508918004287,8.18508918004287,7.5922715955792,0,1.61503469387372,12.5530461328219,12.3322864983945,763.592667400538,339.847516313053,407.408316907341,2.68819276246628,12.3629715746421,15.0511643371084,0.012,1.89094760655305,95.7590249956593,95.2515122072239,25.1574746214789,0,0
926,normal,0.99,120,0.0544280427165119,6000,0.25,0.2,217.429149964278,217.430707566981,0.56986393613631,1.580773354295,1.580773354295,1.1678601968266,1,1.73158337923611,4.35652096465831,3.54956577746099,204.989596228793,386.125398022162,422.130308410592,2.72305919212711,1.40723001965062,4.13028921177773,0.012,0.227751298986089,98.941645350244,98.8839371710264,25.0618150296697,0,0
927,normal,0.99,120,0.0544280427165119,10000,0.25,0.2,218.32911503165,218.28822863915,0.291058797566508,1.06357195435883,1.06357195435883,0.778077891295329,1,1.7378268385619,3.77683371184462,2.79828298951327,161.021968784238,389.29497886731,420.225710939096,3.79218933525081,1.16659775695022,4.95878709220103,0.012,0.171173674643112,98.7422346923858,98.699382252146,25.0688907040497,0,0
928,normal,0.99,120,0.0544280427165119,12000,0.25,0.2,218.75139817009,218.745909033765,0.224875238130841,0.728309015920287,0.728309015920287,0.570041348288777,1,1.74077458617506,3.71856232884245,2.71438461989654,155.929701723229,390.734139657166,423.369895152694,3.97404049773425,1.09496221054234,5.06900270827659,0.012,0.165932469521834,98.7193121616007,98.677943427784,25.0700496515246,0,0
929,normal,0.99,120,0.0544280427165119,14000,0.25,0.2,219.08862927426,219.084274573044,0.172661570712247,0.486402175689517,0.486402175689517,0.416238830434759,1,1.74358251016312,3.25215398578741,2.02417566584982,116.092909515389,392.011233681326,419.831806541419,3.91246752148269,0.904021936130938,4.81648945761362,0.012,0.126918066567275,98.7862517720499,98.7546669037126,25.0680985620573,0,0
930,normal,0.99,120,0.0544280427165119,16000,0.25,0.2,218.963347821004,218.907455478243,0.19783653927339,1.13400508933064,1.13400508933064,0.496611146253372,1,1.74433874195752,3.15387474909619,1.86432346082896,106.878521699105,391.60182664065,417.125624743426,4.57674015638058,0.896573216625447,5.47331337300602,0.012,0.119363111195839,98.6215925346478,98.5919552158445,25.0734506560485,0,0
931,R45_R60_R80_R100_R120_f17_f18_f19,0.99,120,0.0544280427165119,17000,0.25,0.2,217.961754327393,217.789641912045,0.321931616469467,1.29956898405199,1.29956898405199,1.00470822179779,1,1.73541630111634,3.81892302860558,2.85888460032342,164.737682738395,387.794562324253,418.807848176615,5.30953603856504,1.21207099642018,6.52160703498522,0.012,0.175010077180968,98.3460969795931,98.3024672131496,25.0829472657783,0,0
932,R45_R60_R80_R100_R120_f17_f18_f19,0.99,120,0.0544280427165119,18000,0.25,0.2,217.522164303793,217.478353959259,0.519975481032295,1.55957795355037,1.55957795355037,1.14620274579135,1,1.73056812201965,4.04431441828466,3.15801602189839,182.484351914032,386.333247800027,419.61502055401,5.56235956470034,1.328439585996,6.89079915069634,0.012,0.196277749367343,98.247615016393,98.1985991940131,25.0872750736713,0,0
933,R45_R60_R80_R100_R120_f17_f18_f19,0.99,120,0.0544280427165119,19000,0.25,0.2,217.570768364386,217.585780207564,0.440184405767867,0.894524638182615,0.894524638182615,1.0973726329254,1,1.73004790021683,3.95911611473846,3.04738584314009,176.144593612591,386.22213736388,418.532741293909,5.64391093721129,1.36625087649787,7.01016181370916,0.012,0.188095204919781,98.2172975545574,98.1703396363254,25.0863531773568,0,0
934,normal,0.99,120,0.0544280427165119,20000,0.25,0.2,217.846909083125,217.886231931251,0.384156536006247,1.35092552229111,1.35092552229111,0.960803667613329,1,1.73555678375433,3.65641562124438,2.63913324353862,152.062627292994,387.753285446774,416.476149765209,6.1493235510001,1.15601518179206,7.30533873279216,0.012,0.160432502343359,98.1508216032586,98.1109789346154,25.0897427179402,0,0
935,normal,0.99,120,0.0544280427165119,22000,0.25,0.2,218.854022816844,218.777772345294,0.185224998790217,0.96427938328204,0.96427938328204,0.555558024866268,1,1.74203116219385,3.15944054830929,1.87550126464461,107.661751715318,390.990553858724,416.204050058534,6.04456626680988,0.935633500672426,6.98019976748231,0.012,0.119784774939611,98.2460520769729,98.2164900047769,25.0862544603647,0,0
936,normal,0.99,120,0.0544280427165119,24000,0.25,0.2,219.404491421685,219.396165250921,0.0616266154218132,0.211592727443685,0.211592727443685,0.274470340490635,1,1.7461087858961,2.732755450889,0.985014236069241,56.4119626466305,393.14647068587,413.893699903356,6.80883246802372,0.749250349405241,7.55808281742896,0.012,0.0896154282523627,98.1138016148432,98.0918638946098,25.0914218082468,0,0
